surface,branch_id,root_id,seed_id,full_coverage_vector,full_numbers_vector,net_rate_vector,gas_tof_vector,dominant_species,log10_TOF,precision,tolerance,quality_status,replay_quality_pass,source_tag
ti,ti_branch_01,historical_five_resume_20261011__ti__Ha_dominant__stage_03,Ha_dominant,1.8566510280932045740571602608237780811802962867599154448743816229726061813953969e-29;0.0000000000023077250196089851325196665266619399507186981234519813368436960540183217160775511;0.000000000000000097119417928737934650305398456914328050587521681403722055891762054878124529935914;0.000000000000000084232734277140461295360591027384571102369467337533622582503608749168764194034471;0.99999999999761779824943638846704435800867412090844437267129681210938868791079454;1.1505832373308618602841244217642819970605685900797414707286312522931000073668865e-56;2.2316906742715932049802735453444435117763025208434295267713366716127167336851751e-110;4.2112392566741367710997469099165966665242140935894581760087709918775589588258213e-89;1.1505832373308618602841244217642819970605685900797414707286312522931000073668865e-56;0.000000000000074295378802420503473519517742409101366173617012742058002777566534695279142706518,0.0000000000000043088873599801541794051140079626849424170658144144168820833366794248398933984463;0.0000015191198173998740427092131199868352541914688081378057175928152600521651946310294;0.0000000098549184638471950145258103766706801866880561103410276219206863629740216244890062;0.0000000091778393033128434443821551798636578754112775955076922495870030825209500923257867;1.0000000000005512041521420070871131354893013823533437711786043822478461657198847;1.072652430815719167082145525989037406952317527436078780678212799899251267063952e-28;1.493884424672594870127243980363697415316129398414749165198750978560359900810949e-55;6.4894061798355720567288139994947089841059273885657340504500842505200165786276689e-45;1.072652430815719167082145525989037406952317527436078780678212799899251267063952e-28;0.00000027257178651261651423223255766433590114734635167323498732349020575004904372669326,5.9138229773914640127265606295811728695107632371596405650568533542117733125629258e-104;5.9138229773914640127265606295811728695107632371596405650568533542117733125629258e-104;5.9138229773914640127265606295811728695107632371596405650568533542117733125629258e-104;5.9138229773914640127265606295811728695107632371596405650568533542117733125629258e-104;5.9138229773914640127265606295811728695107632371596405650568533542117733125629258e-104;5.9138229773914640127265606295811728695107632371596405650568533542117737319949484e-104;5.9138229773914640127265606295811728695107632371596405650568533542117733125629258e-104;5.9138229773914640127265606295811728695107632371596405650568533542117733125629258e-104,5.9138229773914640127265606295811728695107632371596405650568533542117733125629258e-104;-5.9138229773914640127265606295811728695107632371596405650568533542117733125629258e-104;-5.9138229773914640127265606295811728695107632371596405650568533542117733125629258e-104;5.9138229773914640127265606295811728695107632371596405650568533542117733125629258e-104,Ha_s,-103.22813167965649,460,1e-340,validated_single_precision,True,historical_five_resume_20261011
ti,ti_branch_02,historical_five_resume_20261011__ti__Hb_dominant__stage_02,Hb_dominant,4.6052924303799248797691939770427719105699780351764263381404815585534889411726959e-30;0.00000000000057241497747255204707203542260827332901853319087231599817960770943225152233885347;0.00000000000000002408978927448009295983700404532682219320135269023966095884377184452766727831875;0.000000000000000020893337934114189027087914394218607984062910936932753212421551562518300772205586;4.2386200099897615099035524675610182638270246529481460128660578334536790256841387e-78;0.9999999999987978328514689838326259687781419902004395897644633012899930605280266;0.00000000000061127874120463957759763831659707624914611599082068998005216658693986336555401063;1.2753475501729411807742365600358013877717348210429644350880840976333797193527892e-42;1.7620574966534747425602714350814185420078822203767702351656224022341161969113745e-26;0.000000000000018428446726598323242111592605594845931866057171099333408776306007086234851275211,0.0000000000000021459945084712917591175951377017482914540966927258582180470506693997489399353955;0.00000075658111096806581632068170593035359954919855789087937318225177046854377903957836;0.0000000049081350098104734114062707561225129616636923002496670944129473222541393783692418;0.0000000045709230943164088622979568565188714392231646540701329411665744554081859931010383;2.058790909732714910998737265171381553645814366546449741529503249871144411689558e-39;1.0000000000003778160345268499165465620372067594818046688164982161848537372160055;0.0000007818431691879365256714139804308472958428652948133929133534088910893142227396093;0.0000000000000000000011293128663817826419168587275502116092664728736552686202402108191450522878993958;0.00000000000013274251378729139079074802089397063195080398624467659606510390313510205435090114;0.00000013575141519201338492061071495535072980214933536737229266725947038428968431191337,1.798584418517288886900097491667004095892907889506974952302375814311965867340159e-77;1.798584418517288886900097491667004095892907889506974952302375814311965867340159e-77;1.798584418517288886900097491667004095892907889506974952302375814311965867340159e-77;1.798584418517288886900097491667004095892907889506974952302375814311965867340159e-77;1.798584418517288886900097491667004095892907889506974952302375814311965867340159e-77;1.798584418517288886900097491667004095892907889506974952302375814311965867340159e-77;1.7985844185172888869000974916670040958929078895069749523023758143119658673401636e-77;1.798584418517288886900097491667004095892907889506974952302375814311965867340159e-77,1.798584418517288886900097491667004095892907889506974952302375814311965867340159e-77;-1.798584418517288886900097491667004095892907889506974952302375814311965867340159e-77;-1.798584418517288886900097491667004095892907889506974952302375814311965867340159e-77;1.798584418517288886900097491667004095892907889506974952302375814311965867340159e-77,Hb_s,-76.74506917328289,360,1e-260,validated_single_precision,True,historical_five_resume_20261011
ti,ti_branch_03,historical_five_resume_20261011__ti__OH_dominant__stage_03,OH_dominant,1.3293471086371073249069758028112405189556436382175546109202442571606145851992244e-54;1.652312435631664171745254842249026387688644657678909162163264483341703078288422e-37;6.9536717165787967325869916402700419276937287340260548418771781959951146188857249e-42;6.0309955974286230260656815849489489446041296966206754753367453297377925687934473e-42;2.3169632604972108770288906339420674611108488773968004541906805652605339634940862e-85;0.99999999999999999999999999999999999982943628278092228663932452940331426405158963;9.3176608241159747209623779930529042415559789850751577923812024490267895906148555e-55;2.0817015475846902587659235946188066749699978795176471710353142003057725809020063e-61;7.752983565613270992758327802043705308770163087121288934652751995666340247230304e-93;5.3194889885972865052779344796983227164341311042631212948509931676498121756604217e-39,0.000000015822952191757875313668756481620550841926655829860940092058225951704729186345001;5.5784610355608992879845038364598782466473308469369563846896044833376874350604175;0.036188902303504245357879316320793176590112893970320116742089325473536491576320614;0.033702554833232953769841855558035169682157031262089887376331589125961400163336186;0.0000000000000000000000066058375886582943722532732717348469249625173467012021043850553922903699434515103;13723608436872929327.512709965441188583949387367639562830160374074081456144250267;0.000000013247129045630114613253772836366747191314578710767390350070276046734596824546809;0.000000000006261487973606019083746056537178829358353058625853615437012184667912844786830233;1.2083778333667728097539730473801972551186849528810978411033560358997384765709711e-27;1.0009290070722641050233355194920268028477492351844883545712556296710293069660124,1.4986254207958465435299573277164031247793622338871008937923109341764819270412339e-126;1.4986254207958465435299573277164031247793622338871008937923109341764819270412339e-126;1.4986254207958465435299573277164031247793622338871008937923109341764819270412339e-126;1.4986254207958465435299573277164031247793622338871008937923109341764819270412339e-126;1.4986254207958465435299573277164031247793622338871008937923109341764819270412339e-126;1.4986254207958465435299573277164031247793622338871008937923109341764819270412339e-126;1.4986254207958465435299573277164031247793622338871008937923109341764819270412339e-126;1.4986254207958465435299573277164031247793622346284944377109428582046812367336501e-126,1.4986254207958465435299573277164031247793622338871008937923109341764819270412339e-126;-1.4986254207958465435299573277164031247793622338871008937923109341764819270412339e-126;-1.4986254207958465435299573277164031247793622338871008937923109341764819270412339e-126;1.4986254207958465435299573277164031247793622346284944377109428582046812367336501e-126,Hb_s,-125.82430690485035,460,1e-340,validated_single_precision,True,historical_five_resume_20261011
ti,ti_branch_03,historical_five_resume_20261011__ti__OOH_OH_mix__stage_03,OOH_OH_mix,1.3293471086371073249069758028112405189556436382175546109202442571606145851992244e-54;1.652312435631664171745254842249026387688644657678909162163264483341703078288422e-37;6.9536717165787967325869916402700419276937287340260548418771781959951146188857249e-42;6.0309955974286230260656815849489489446041296966206754753367453297377925687934473e-42;2.3169632604972108770288906339420674611108488773968004541906805652605339634940862e-85;0.99999999999999999999999999999999999982943628278092228663932452940331426405158963;9.3176608241159747209623779930529042415559789850751577923812024490267895906148555e-55;2.0817015475846902587659235946188066749699978795176471710353142003057725809020063e-61;7.752983565613270992758327802043705308770163087121288934652751995666340247230304e-93;5.3194889885972865052779344796983227164341311042631212948509931676498121756604217e-39,0.000000015822952191757875313668756481620550841926655829860940092058225951704729186345001;5.5784610355608992879845038364598782466473308469369563846896044833376874350604175;0.036188902303504245357879316320793176590112893970320116742089325473536491576320614;0.033702554833232953769841855558035169682157031262089887376331589125961400163336186;0.0000000000000000000000066058375886582943722532732717348469249625173467012021043850553922903699434515103;13723608436872929327.512709965441188583949387367639562830160374074081456144250267;0.000000013247129045630114613253772836366747191314578710767390350070276046734596824546809;0.000000000006261487973606019083746056537178829358353058625853615437012184667912844786830233;1.2083778333667728097539730473801972551186849528810978411033560358997384765709711e-27;1.0009290070722641050233355194920268028477492351844883545712556296710293069660124,1.4986254207958465435299573277164031247793622338871008937923109341764819270412339e-126;1.4986254207958465435299573277164031247793622338871008937923109341764819270412339e-126;1.4986254207958465435299573277164031247793622338871008937923109341764819270412339e-126;1.4986254207958465435299573277164031247793622338871008937923109341764819270412339e-126;1.4986254207958465435299573277164031247793622338871008937923109341764819270412339e-126;1.4986254207958465435299573277164031247793622338871008937923109341764819270412339e-126;1.4986254207958465435299573277164031247793622338871008937923109341764819270412339e-126;1.4986254207958465435299573277164031247793622346284944377109428582046812367336501e-126,1.4986254207958465435299573277164031247793622338871008937923109341764819270412339e-126;-1.4986254207958465435299573277164031247793622338871008937923109341764819270412339e-126;-1.4986254207958465435299573277164031247793622338871008937923109341764819270412339e-126;1.4986254207958465435299573277164031247793622346284944377109428582046812367336501e-126,Hb_s,-125.82430690485035,460,1e-340,validated_single_precision,True,historical_five_resume_20261011
ti,ti_branch_03,historical_five_resume_20261011__ti__OOH_dominant__stage_03,OOH_dominant,1.3293471086371073249069758028112405189556436382175546109202442571606145851992244e-54;1.652312435631664171745254842249026387688644657678909162163264483341703078288422e-37;6.9536717165787967325869916402700419276937287340260548418771781959951146188857249e-42;6.0309955974286230260656815849489489446041296966206754753367453297377925687934473e-42;2.3169632604972108770288906339420674611108488773968004541906805652605339634940862e-85;0.99999999999999999999999999999999999982943628278092228663932452940331426405158963;9.3176608241159747209623779930529042415559789850751577923812024490267895906148555e-55;2.0817015475846902587659235946188066749699978795176471710353142003057725809020063e-61;7.752983565613270992758327802043705308770163087121288934652751995666340247230304e-93;5.3194889885972865052779344796983227164341311042631212948509931676498121756604217e-39,0.000000015822952191757875313668756481620550841926655829860940092058225951704729186345001;5.5784610355608992879845038364598782466473308469369563846896044833376874350604175;0.036188902303504245357879316320793176590112893970320116742089325473536491576320614;0.033702554833232953769841855558035169682157031262089887376331589125961400163336186;0.0000000000000000000000066058375886582943722532732717348469249625173467012021043850553922903699434515103;13723608436872929327.512709965441188583949387367639562830160374074081456144250267;0.000000013247129045630114613253772836366747191314578710767390350070276046734596824546809;0.000000000006261487973606019083746056537178829358353058625853615437012184667912844786830233;1.2083778333667728097539730473801972551186849528810978411033560358997384765709711e-27;1.0009290070722641050233355194920268028477492351844883545712556296710293069660124,1.4986254207958465435299573277164031247793622338871008937923109341764819270412339e-126;1.4986254207958465435299573277164031247793622338871008937923109341764819270412339e-126;1.4986254207958465435299573277164031247793622338871008937923109341764819270412339e-126;1.4986254207958465435299573277164031247793622338871008937923109341764819270412339e-126;1.4986254207958465435299573277164031247793622338871008937923109341764819270412339e-126;1.4986254207958465435299573277164031247793622338871008937923109341764819270412339e-126;1.4986254207958465435299573277164031247793622338871008937923109341764819270412339e-126;1.4986254207958465435299573277164031247793622346284944377109428582046812367336501e-126,1.4986254207958465435299573277164031247793622338871008937923109341764819270412339e-126;-1.4986254207958465435299573277164031247793622338871008937923109341764819270412339e-126;-1.4986254207958465435299573277164031247793622338871008937923109341764819270412339e-126;1.4986254207958465435299573277164031247793622346284944377109428582046812367336501e-126,Hb_s,-125.82430690485035,460,1e-340,validated_single_precision,True,historical_five_resume_20261011
ti,ti_branch_03,historical_five_resume_20261011__ti__alkene_OOH_mix__stage_03,alkene_OOH_mix,1.3293471086371073249069758028112405189556436382175546109202442571606145851992244e-54;1.652312435631664171745254842249026387688644657678909162163264483341703078288422e-37;6.9536717165787967325869916402700419276937287340260548418771781959951146188857249e-42;6.0309955974286230260656815849489489446041296966206754753367453297377925687934473e-42;2.3169632604972108770288906339420674611108488773968004541906805652605339634940862e-85;0.99999999999999999999999999999999999982943628278092228663932452940331426405158963;9.3176608241159747209623779930529042415559789850751577923812024490267895906148555e-55;2.0817015475846902587659235946188066749699978795176471710353142003057725809020063e-61;7.752983565613270992758327802043705308770163087121288934652751995666340247230304e-93;5.3194889885972865052779344796983227164341311042631212948509931676498121756604217e-39,0.000000015822952191757875313668756481620550841926655829860940092058225951704729186345001;5.5784610355608992879845038364598782466473308469369563846896044833376874350604175;0.036188902303504245357879316320793176590112893970320116742089325473536491576320614;0.033702554833232953769841855558035169682157031262089887376331589125961400163336186;0.0000000000000000000000066058375886582943722532732717348469249625173467012021043850553922903699434515103;13723608436872929327.512709965441188583949387367639562830160374074081456144250267;0.000000013247129045630114613253772836366747191314578710767390350070276046734596824546809;0.000000000006261487973606019083746056537178829358353058625853615437012184667912844786830233;1.2083778333667728097539730473801972551186849528810978411033560358997384765709711e-27;1.0009290070722641050233355194920268028477492351844883545712556296710293069660124,1.4986254207958465435299573277164031247793622338871008937923109341764819270412339e-126;1.4986254207958465435299573277164031247793622338871008937923109341764819270412339e-126;1.4986254207958465435299573277164031247793622338871008937923109341764819270412339e-126;1.4986254207958465435299573277164031247793622338871008937923109341764819270412339e-126;1.4986254207958465435299573277164031247793622338871008937923109341764819270412339e-126;1.4986254207958465435299573277164031247793622338871008937923109341764819270412339e-126;1.4986254207958465435299573277164031247793622338871008937923109341764819270412339e-126;1.4986254207958465435299573277164031247793622346284944377109428582046812367336501e-126,1.4986254207958465435299573277164031247793622338871008937923109341764819270412339e-126;-1.4986254207958465435299573277164031247793622338871008937923109341764819270412339e-126;-1.4986254207958465435299573277164031247793622338871008937923109341764819270412339e-126;1.4986254207958465435299573277164031247793622346284944377109428582046812367336501e-126,Hb_s,-125.82430690485035,460,1e-340,validated_single_precision,True,historical_five_resume_20261011
ti,ti_branch_03,historical_five_resume_20261011__ti__alkene_dominant__stage_03,alkene_dominant,1.3293471086371073249069758028112405189556436382175546109202442571606145851992244e-54;1.652312435631664171745254842249026387688644657678909162163264483341703078288422e-37;6.9536717165787967325869916402700419276937287340260548418771781959951146188857249e-42;6.0309955974286230260656815849489489446041296966206754753367453297377925687934473e-42;2.3169632604972108770288906339420674611108488773968004541906805652605339634940862e-85;0.99999999999999999999999999999999999982943628278092228663932452940331426405158963;9.3176608241159747209623779930529042415559789850751577923812024490267895906148555e-55;2.0817015475846902587659235946188066749699978795176471710353142003057725809020063e-61;7.752983565613270992758327802043705308770163087121288934652751995666340247230304e-93;5.3194889885972865052779344796983227164341311042631212948509931676498121756604217e-39,0.000000015822952191757875313668756481620550841926655829860940092058225951704729186345001;5.5784610355608992879845038364598782466473308469369563846896044833376874350604175;0.036188902303504245357879316320793176590112893970320116742089325473536491576320614;0.033702554833232953769841855558035169682157031262089887376331589125961400163336186;0.0000000000000000000000066058375886582943722532732717348469249625173467012021043850553922903699434515103;13723608436872929327.512709965441188583949387367639562830160374074081456144250267;0.000000013247129045630114613253772836366747191314578710767390350070276046734596824546809;0.000000000006261487973606019083746056537178829358353058625853615437012184667912844786830233;1.2083778333667728097539730473801972551186849528810978411033560358997384765709711e-27;1.0009290070722641050233355194920268028477492351844883545712556296710293069660124,1.4986254207958465435299573277164031247793622338871008937923109341764819270412339e-126;1.4986254207958465435299573277164031247793622338871008937923109341764819270412339e-126;1.4986254207958465435299573277164031247793622338871008937923109341764819270412339e-126;1.4986254207958465435299573277164031247793622338871008937923109341764819270412339e-126;1.4986254207958465435299573277164031247793622338871008937923109341764819270412339e-126;1.4986254207958465435299573277164031247793622338871008937923109341764819270412339e-126;1.4986254207958465435299573277164031247793622338871008937923109341764819270412339e-126;1.4986254207958465435299573277164031247793622346284944377109428582046812367336501e-126,1.4986254207958465435299573277164031247793622338871008937923109341764819270412339e-126;-1.4986254207958465435299573277164031247793622338871008937923109341764819270412339e-126;-1.4986254207958465435299573277164031247793622338871008937923109341764819270412339e-126;1.4986254207958465435299573277164031247793622346284944377109428582046812367336501e-126,Hb_s,-125.82430690485035,460,1e-340,validated_single_precision,True,historical_five_resume_20261011
ti,ti_branch_03,historical_five_resume_20261011__ti__vacant_10pct__stage_03,vacant_10pct,1.3293471086371073249069758028112405189556436382175546109202442571606145851992244e-54;1.652312435631664171745254842249026387688644657678909162163264483341703078288422e-37;6.9536717165787967325869916402700419276937287340260548418771781959951146188857249e-42;6.0309955974286230260656815849489489446041296966206754753367453297377925687934473e-42;2.3169632604972108770288906339420674611108488773968004541906805652605339634940862e-85;0.99999999999999999999999999999999999982943628278092228663932452940331426405158963;9.3176608241159747209623779930529042415559789850751577923812024490267895906148555e-55;2.0817015475846902587659235946188066749699978795176471710353142003057725809020063e-61;7.752983565613270992758327802043705308770163087121288934652751995666340247230304e-93;5.3194889885972865052779344796983227164341311042631212948509931676498121756604217e-39,0.000000015822952191757875313668756481620550841926655829860940092058225951704729186345001;5.5784610355608992879845038364598782466473308469369563846896044833376874350604175;0.036188902303504245357879316320793176590112893970320116742089325473536491576320614;0.033702554833232953769841855558035169682157031262089887376331589125961400163336186;0.0000000000000000000000066058375886582943722532732717348469249625173467012021043850553922903699434515103;13723608436872929327.512709965441188583949387367639562830160374074081456144250267;0.000000013247129045630114613253772836366747191314578710767390350070276046734596824546809;0.000000000006261487973606019083746056537178829358353058625853615437012184667912844786830233;1.2083778333667728097539730473801972551186849528810978411033560358997384765709711e-27;1.0009290070722641050233355194920268028477492351844883545712556296710293069660124,1.4986254207958465435299573277164031247793622338871008937923109341764819270412339e-126;1.4986254207958465435299573277164031247793622338871008937923109341764819270412339e-126;1.4986254207958465435299573277164031247793622338871008937923109341764819270412339e-126;1.4986254207958465435299573277164031247793622338871008937923109341764819270412339e-126;1.4986254207958465435299573277164031247793622338871008937923109341764819270412339e-126;1.4986254207958465435299573277164031247793622338871008937923109341764819270412339e-126;1.4986254207958465435299573277164031247793622338871008937923109341764819270412339e-126;1.4986254207958465435299573277164031247793622346284944377109428582046812367336501e-126,1.4986254207958465435299573277164031247793622338871008937923109341764819270412339e-126;-1.4986254207958465435299573277164031247793622338871008937923109341764819270412339e-126;-1.4986254207958465435299573277164031247793622338871008937923109341764819270412339e-126;1.4986254207958465435299573277164031247793622346284944377109428582046812367336501e-126,Hb_s,-125.82430690485035,460,1e-340,validated_single_precision,True,historical_five_resume_20261011
ti,ti_branch_03,historical_five_resume_20261011__ti__vacant__stage_03,vacant,1.3293471086371073249069758028112405189556436382175546109202442571606145851992244e-54;1.652312435631664171745254842249026387688644657678909162163264483341703078288422e-37;6.9536717165787967325869916402700419276937287340260548418771781959951146188857249e-42;6.0309955974286230260656815849489489446041296966206754753367453297377925687934473e-42;2.3169632604972108770288906339420674611108488773968004541906805652605339634940862e-85;0.99999999999999999999999999999999999982943628278092228663932452940331426405158963;9.3176608241159747209623779930529042415559789850751577923812024490267895906148555e-55;2.0817015475846902587659235946188066749699978795176471710353142003057725809020063e-61;7.752983565613270992758327802043705308770163087121288934652751995666340247230304e-93;5.3194889885972865052779344796983227164341311042631212948509931676498121756604217e-39,0.000000015822952191757875313668756481620550841926655829860940092058225951704729186345001;5.5784610355608992879845038364598782466473308469369563846896044833376874350604175;0.036188902303504245357879316320793176590112893970320116742089325473536491576320614;0.033702554833232953769841855558035169682157031262089887376331589125961400163336186;0.0000000000000000000000066058375886582943722532732717348469249625173467012021043850553922903699434515103;13723608436872929327.512709965441188583949387367639562830160374074081456144250267;0.000000013247129045630114613253772836366747191314578710767390350070276046734596824546809;0.000000000006261487973606019083746056537178829358353058625853615437012184667912844786830233;1.2083778333667728097539730473801972551186849528810978411033560358997384765709711e-27;1.0009290070722641050233355194920268028477492351844883545712556296710293069660124,1.4986254207958465435299573277164031247793622338871008937923109341764819270412339e-126;1.4986254207958465435299573277164031247793622338871008937923109341764819270412339e-126;1.4986254207958465435299573277164031247793622338871008937923109341764819270412339e-126;1.4986254207958465435299573277164031247793622338871008937923109341764819270412339e-126;1.4986254207958465435299573277164031247793622338871008937923109341764819270412339e-126;1.4986254207958465435299573277164031247793622338871008937923109341764819270412339e-126;1.4986254207958465435299573277164031247793622338871008937923109341764819270412339e-126;1.4986254207958465435299573277164031247793622346284944377109428582046812367336501e-126,1.4986254207958465435299573277164031247793622338871008937923109341764819270412339e-126;-1.4986254207958465435299573277164031247793622338871008937923109341764819270412339e-126;-1.4986254207958465435299573277164031247793622338871008937923109341764819270412339e-126;1.4986254207958465435299573277164031247793622346284944377109428582046812367336501e-126,Hb_s,-125.82430690485035,460,1e-340,validated_single_precision,True,historical_five_resume_20261011
ti,ti_branch_03,historical_five_resume_20261011__ti__water_dominant__stage_03,water_dominant,1.3293471086371073249069758028112405189556436382175546109202442571606145851992244e-54;1.652312435631664171745254842249026387688644657678909162163264483341703078288422e-37;6.9536717165787967325869916402700419276937287340260548418771781959951146188857249e-42;6.0309955974286230260656815849489489446041296966206754753367453297377925687934473e-42;2.3169632604972108770288906339420674611108488773968004541906805652605339634940862e-85;0.99999999999999999999999999999999999982943628278092228663932452940331426405158963;9.3176608241159747209623779930529042415559789850751577923812024490267895906148555e-55;2.0817015475846902587659235946188066749699978795176471710353142003057725809020063e-61;7.752983565613270992758327802043705308770163087121288934652751995666340247230304e-93;5.3194889885972865052779344796983227164341311042631212948509931676498121756604217e-39,0.000000015822952191757875313668756481620550841926655829860940092058225951704729186345001;5.5784610355608992879845038364598782466473308469369563846896044833376874350604175;0.036188902303504245357879316320793176590112893970320116742089325473536491576320614;0.033702554833232953769841855558035169682157031262089887376331589125961400163336186;0.0000000000000000000000066058375886582943722532732717348469249625173467012021043850553922903699434515103;13723608436872929327.512709965441188583949387367639562830160374074081456144250267;0.000000013247129045630114613253772836366747191314578710767390350070276046734596824546809;0.000000000006261487973606019083746056537178829358353058625853615437012184667912844786830233;1.2083778333667728097539730473801972551186849528810978411033560358997384765709711e-27;1.0009290070722641050233355194920268028477492351844883545712556296710293069660124,1.4986254207958465435299573277164031247793622338871008937923109341764819270412339e-126;1.4986254207958465435299573277164031247793622338871008937923109341764819270412339e-126;1.4986254207958465435299573277164031247793622338871008937923109341764819270412339e-126;1.4986254207958465435299573277164031247793622338871008937923109341764819270412339e-126;1.4986254207958465435299573277164031247793622338871008937923109341764819270412339e-126;1.4986254207958465435299573277164031247793622338871008937923109341764819270412339e-126;1.4986254207958465435299573277164031247793622338871008937923109341764819270412339e-126;1.4986254207958465435299573277164031247793622346284944377109428582046812367336501e-126,1.4986254207958465435299573277164031247793622338871008937923109341764819270412339e-126;-1.4986254207958465435299573277164031247793622338871008937923109341764819270412339e-126;-1.4986254207958465435299573277164031247793622338871008937923109341764819270412339e-126;1.4986254207958465435299573277164031247793622346284944377109428582046812367336501e-126,Hb_s,-125.82430690485035,460,1e-340,validated_single_precision,True,historical_five_resume_20261011
ti,ti_branch_04,historical_five_resume_20261011__ti__O_dominant__stage_02,O_dominant,4.6052924303799248797691939770427719105699780351764263381404815585534889411726959e-30;0.00000000000057241497747255204707203542260827332901853319087231599817960770943225152233885347;0.00000000000000002408978927448009295983700404532682219320135269023966095884377184452766727831875;0.000000000000000020893337934114189027087914394218607984062910936932753212421551562518300772205586;4.2386200099897615099035524675610182638270246529481460128660578334536790256841387e-78;1.7620574966534747425602714350814185420078822203767702351656224022341161969113745e-26;0.00000000000061127874120463957759763831659707624914611599082068998005216658693986336555401063;1.2753475501729411807742365600358013877717348210429644350880840976333797193527892e-42;0.9999999999987978328514689838326259687781419902004395897644633012899930605280266;0.000000000000018428446726598323242111592605594845931866057171099333408776306007086234851275211,0.0000000000000021459945084712917591175951377017482914540966927258582180470506693997489399353955;0.00000075658111096806581632068170593035359954919855789087937318225177046854377903957836;0.0000000049081350098104734114062707561225129616636923002496670944129473222541393783692418;0.0000000045709230943164088622979568565188714392231646540701329411665744554081859931010383;2.058790909732714910998737265171381553645814366546449741529503249871144411689558e-39;0.00000000000013274251378729139079074802089397063195080398624467659606510390313510205435090114;0.0000007818431691879365256714139804308472958428652948133929133534088910893142227396093;0.0000000000000000000011293128663817826419168587275502116092664728736552686202402108191450522878993958;1.0000000000003778160345268499165465620372067594818046688164982161848537372160055;0.00000013575141519201338492061071495535072980214933536737229266725947038428968431191337,1.798584418517288886900097491667004095892907889506974952302375814311965867340159e-77;1.798584418517288886900097491667004095892907889506974952302375814311965867340159e-77;1.798584418517288886900097491667004095892907889506974952302375814311965867340159e-77;1.798584418517288886900097491667004095892907889506974952302375814311965867340159e-77;1.798584418517288886900097491667004095892907889506974952302375814311965867340159e-77;1.798584418517288886900097491667004095892907889506974952302375814311965867340159e-77;1.7985844185172888869000974916670040958929078895069749523023758143119658673401636e-77;1.798584418517288886900097491667004095892907889506974952302375814311965867340159e-77,1.798584418517288886900097491667004095892907889506974952302375814311965867340159e-77;-1.798584418517288886900097491667004095892907889506974952302375814311965867340159e-77;-1.798584418517288886900097491667004095892907889506974952302375814311965867340159e-77;1.798584418517288886900097491667004095892907889506974952302375814311965867340159e-77,O_s,-76.74506917328289,360,1e-260,validated_single_precision,True,historical_five_resume_20261011
ti,ti_branch_05,historical_five_resume_20261011__ti__balanced_adsorbates__stage_02,balanced_adsorbates,0.0000000000000000036412523810145984003455568796396200354917302424721756214785498296324921262923138;0.45258958712387300062931806180735254599938035778610326022539192756014949964458298;0.000019046999485894567704039241179497008376860175091535408358556673465199792115602136;0.000016519671150103205749511018172162547977550181011145944373621532838649028176352808;4.5842965553254189212445190811287564835886110812148154050450902884482425964133467e-66;0.089737978336668856225417703391061808314962663867652061542543121929381866190085956;0.35332812632090352108620039744741882221559218753080813747266178823404199736745999;7.3716969025053287214865103824195445875355573443477778053801965916295653964222664e-31;0.089737978336668856225417703391061808314962663867652061542543121929381866190085956;0.014570763211249764418940202688417785562940304079913111334155665205227448019183139,0.0000000023590472373673466110738370707681410834231202313967871138281554883954285121549709;0.83169391749513418462036693136303017037227462761128901298488366713593671189156347;0.0053954109806960136102697078234297888149038184843211897028707195225521789195859033;0.0050247209185763760946921023101315899356144895579393114728878299266267752877733941;2.6469613412384924844040752681617362308340168770058907331758894159213584091174137e-33;0.37033894674445485120747845064652415854497263433667099441566496211587038175820216;0.73485279716555906847178731909009976209959881669492327922651627451365649804074876;0.000000000000001061438855566985326739351511465784475845451359769706005883161903227296769580049;0.37033894674445485120747845064652415854497263433667099441566496211587038175820216;0.1492287141058687925129751091164800990077688055799826075422661236433361325776311,1.1243925640306476318914732182794110008511714642561037934131158304656747134175463e-53;1.1243925640306476318914732182794110008511714642561037934131158304656747134175463e-53;1.1243925640306476318914732182794110008511714642561037934131158304656747134175463e-53;1.1243925640306476318914732182794110008511714642561037934131158304656747134175463e-53;1.1243925640306476318914732182794110008511714642561037934131158304656747134175463e-53;1.1243925640306476318914732182794110008511714642561037934131158304656747134175463e-53;1.1243925640306476318914732182794110008511714642561037934131158304656747134175463e-53;1.1243925640306476318914732182794110008511714642561037934131158304656747134175463e-53,1.1243925640306476318914732182794110008511714642561037934131158304656747134175463e-53;-1.1243925640306476318914732182794110008511714642561037934131158304656747134175463e-53;-1.1243925640306476318914732182794110008511714642561037934131158304656747134175463e-53;1.1243925640306476318914732182794110008511714642561037934131158304656747134175463e-53,C6H12_s,-52.94908203518407,360,1e-260,validated_single_precision,True,historical_five_resume_20261011
tico,tico_branch_01,historical_five_resume_20261011__tico__Ha_dominant__stage_03,Ha_dominant,1.6401968482303617297716564673120498609540874768308254726529703590508489183461689e-45;0.0000000000010370810706888022062497072421893963263826384071490038781480960983050838607102422;1.0453190873355286026188051417011093377801448681485598747790136632498424897662681e-29;1.1001877888437340167161780047011256004930922421595114453517150246103354381909198e-30;0.99999999999895195059156502645516455538677036478960398327672899831809662301897988;4.3934272803068382127899611751856274130476767717222476819157580185198642944381283e-57;7.0739872065653912758629757400675929164085906346453295904153499478202835195239103e-78;1.1232335164880324257076692668701990119829976158686050064403074081184348689530458e-63;4.3934272803068382127899611751856274130476767717222476819157580185198642944381283e-57;0.000000000000010968337746171327032358708841217200912300655261193369957079733400641852158888488,0.000000000000000000000040499343800043040023687795628101626038070593419815515310336051764951456106174166;0.0000010183717743001109701512901136004638136836039419108224950964715694720226489645268;0.0000000000000032331394763262243975058891633907890713554297960841759750473562302498084982257757;0.0000000000000010488983691694020397537063519506659128385462229110394441558153293139765535131647;1.0000000000006108682402915608107447422189972746885592846475880466555883991839769;6.6282933552437239363324020674553058521014880746356892939943393543370925940855873e-29;2.659696826065228005088294445582106896974873431449940200959864747619525388091888e-39;3.3514676135845053475074479525122993209971395541867444165220664512992654223531292e-32;6.6282933552437239363324020674553058521014880746356892939943393543370925940855873e-29;0.00000010472983216923544182693021254718448940234687534173935556279688105118526673496678,5.1087471998482155513318664034524252911185361209027879354984826506794065158762359e-104;5.1087471998482155513318664034524252911185361209027879354984826506794065158762359e-104;5.1087471998482155513318664034524252911185361209027879354984826506794065158762359e-104;5.1087471998482155513318664034524252911185361209027879354984826506794065158762359e-104;5.1087471998482155513318664034524252911185361209027879354984826506794065158762359e-104;5.1087471998482155513318664034524252911185361209027879354984826506794065158762359e-104;5.1087471998482155513318664034524252911185361209027879354984826506794065158762359e-104;5.1087471998482155513318664034524252911185361209027879354984826506794065158762359e-104,5.1087471998482155513318664034524252911185361209027879354984826506794065158762359e-104;-5.1087471998482155513318664034524252911185361209027879354984826506794065158762359e-104;-5.1087471998482155513318664034524252911185361209027879354984826506794065158762359e-104;5.1087471998482155513318664034524252911185361209027879354984826506794065158762359e-104,Ha_s,-103.29168558732113,460,1e-340,validated_single_precision,True,historical_five_resume_20261011
tico,tico_branch_02,historical_five_resume_20261011__tico__OH_dominant__stage_03,OH_dominant,5.9068700727621332757594182479683053245920569880495049566318311554325915738540002e-35;0.037348584995082417734636548626656506832535921577784520678704609537565267547163795;0.00000000000000000037645262153326963439080365206959335919066403744999990450371788938327930542594596;0.000000000000000000039621258456574448362508312534665574368407581291669852505908607523195893422668739;0.18782074891968879850122298367145724992527642636400241356849551860161762386459681;0.77443566138777001050404856173640967433259713872922977396195133045151229687887731;4.8847640704904957964119479261443155368412969398988815989849899538252541467305481e-56;7.7562067387104990114908398331579804487355032857718817615463361132416895100808283e-42;2.2321519458350049005418543054000879506443440342079621316804798972496519150208687e-70;0.00039500469745877284401802597563242708757006489665289008973531143984346961940291028,0.00037454678312584182261809628538738552609449015571237273965983219133844935456231423;9418124747242.3749315589987273656968137045530459607561727455016417212053859296729;29900.780522124638493510545031412582813526212649484163268944861698971966022683472;9700.4413685814754192271473833613212790531275591804562768916651023913088765255613;21120254455025.375848214442620673324486731626821677190819314260437877180356820342;42886443645161.871700655634825808785566662269389524664604506721837716394815761435;0.000000000000010770829683335134113105553946855210832985174565570321733224523240861755753652125;0.00000013572256244158507719732607187755652442904594461284873349978684517378272818109372;-0.00000000000000000000072809699634286422890227232438349866548499407670804144126868229701051674045543717;968564377980.23661397577631942910874361021643157628735491576908835748132154884251,4.5752689197443326756996795421756809956714788359602495775604727764946368514965144e-61;4.5752689197443326756996795421756809956714788359602495775604727764946368514965144e-61;4.5752689197443326756996795421756809956714788359602495775604727764946368514965144e-61;4.5752689197443326756996795421756809956714788359602495775604727764946368514965144e-61;4.5752689197443326756996795421756809956714788359602495775604727764946368514965144e-61;4.5752689197443326756996795421756809956714788359602495775604727764946368514965144e-61;4.5752689197443326756996795421756809956714788359602495775604727764946368514965144e-61;4.5752689197443326756996795421756809956714788359602495775604727764946368514965144e-61,4.5752689197443326756996795421756809956714788359602495775604727764946368514965144e-61;-4.5752689197443326756996795421756809956714788359602495775604727764946368514965144e-61;-4.5752689197443326756996795421756809956714788359602495775604727764946368514965144e-61;4.5752689197443326756996795421756809956714788359602495775604727764946368514965144e-61,Hb_s,-60.33958337440001,460,1e-340,validated_single_precision,True,historical_five_resume_20261011
tico,tico_branch_02,historical_five_resume_20261011__tico__OOH_OH_mix__stage_03,OOH_OH_mix,5.9068700727621332757594182479683053245920569880495049566318311554325915738540002e-35;0.037348584995082417734636548626656506832535921577784520678704609537565267547163795;0.00000000000000000037645262153326963439080365206959335919066403744999990450371788938327930542594596;0.000000000000000000039621258456574448362508312534665574368407581291669852505908607523195893422668739;0.18782074891968879850122298367145724992527642636400241356849551860161762386459681;0.77443566138777001050404856173640967433259713872922977396195133045151229687887731;4.8847640704904957964119479261443155368412969398988815989849899538252541467305481e-56;7.7562067387104990114908398331579804487355032857718817615463361132416895100808283e-42;2.2321519458350049005418543054000879506443440342079621316804798972496519150208687e-70;0.00039500469745877284401802597563242708757006489665289008973531143984346961940291028,0.00037454678312584182261809628538738552609449015571237273965983219133844935456231423;9418124747242.3749315589987273656968137045530459607561727455016417212053859296729;29900.780522124638493510545031412582813526212649484163268944861698971966022683472;9700.4413685814754192271473833613212790531275591804562768916651023913088765255613;21120254455025.375848214442620673324486731626821677190819314260437877180356820342;42886443645161.871700655634825808785566662269389524664604506721837716394815761435;0.000000000000010770829683335134113105553946855210832985174565570321733224523240861755753652125;0.00000013572256244158507719732607187755652442904594461284873349978684517378272818109372;-0.00000000000000000000072809699634286422890227232438349866548499407670804144126868229701051674045543717;968564377980.23661397577631942910874361021643157628735491576908835748132154884251,4.5752689197443326756996795421756809956714788359602495775604727764946368514965144e-61;4.5752689197443326756996795421756809956714788359602495775604727764946368514965144e-61;4.5752689197443326756996795421756809956714788359602495775604727764946368514965144e-61;4.5752689197443326756996795421756809956714788359602495775604727764946368514965144e-61;4.5752689197443326756996795421756809956714788359602495775604727764946368514965144e-61;4.5752689197443326756996795421756809956714788359602495775604727764946368514965144e-61;4.5752689197443326756996795421756809956714788359602495775604727764946368514965144e-61;4.5752689197443326756996795421756809956714788359602495775604727764946368514965144e-61,4.5752689197443326756996795421756809956714788359602495775604727764946368514965144e-61;-4.5752689197443326756996795421756809956714788359602495775604727764946368514965144e-61;-4.5752689197443326756996795421756809956714788359602495775604727764946368514965144e-61;4.5752689197443326756996795421756809956714788359602495775604727764946368514965144e-61,Hb_s,-60.33958337440001,460,1e-340,validated_single_precision,True,historical_five_resume_20261011
tico,tico_branch_02,historical_five_resume_20261011__tico__alkene_OOH_mix__stage_03,alkene_OOH_mix,5.9068700727621332757594182479683053245920569880495049566318311554325915738540002e-35;0.037348584995082417734636548626656506832535921577784520678704609537565267547163795;0.00000000000000000037645262153326963439080365206959335919066403744999990450371788938327930542594596;0.000000000000000000039621258456574448362508312534665574368407581291669852505908607523195893422668739;0.18782074891968879850122298367145724992527642636400241356849551860161762386459681;0.77443566138777001050404856173640967433259713872922977396195133045151229687887731;4.8847640704904957964119479261443155368412969398988815989849899538252541467305481e-56;7.7562067387104990114908398331579804487355032857718817615463361132416895100808283e-42;2.2321519458350049005418543054000879506443440342079621316804798972496519150208687e-70;0.00039500469745877284401802597563242708757006489665289008973531143984346961940291028,0.00037454678312584182261809628538738552609449015571237273965983219133844935456231423;9418124747242.3749315589987273656968137045530459607561727455016417212053859296729;29900.780522124638493510545031412582813526212649484163268944861698971966022683472;9700.4413685814754192271473833613212790531275591804562768916651023913088765255613;21120254455025.375848214442620673324486731626821677190819314260437877180356820342;42886443645161.871700655634825808785566662269389524664604506721837716394815761435;0.000000000000010770829683335134113105553946855210832985174565570321733224523240861755753652125;0.00000013572256244158507719732607187755652442904594461284873349978684517378272818109372;-0.00000000000000000000072809699634286422890227232438349866548499407670804144126868229701051674045543717;968564377980.23661397577631942910874361021643157628735491576908835748132154884251,4.5752689197443326756996795421756809956714788359602495775604727764946368514965144e-61;4.5752689197443326756996795421756809956714788359602495775604727764946368514965144e-61;4.5752689197443326756996795421756809956714788359602495775604727764946368514965144e-61;4.5752689197443326756996795421756809956714788359602495775604727764946368514965144e-61;4.5752689197443326756996795421756809956714788359602495775604727764946368514965144e-61;4.5752689197443326756996795421756809956714788359602495775604727764946368514965144e-61;4.5752689197443326756996795421756809956714788359602495775604727764946368514965144e-61;4.5752689197443326756996795421756809956714788359602495775604727764946368514965144e-61,4.5752689197443326756996795421756809956714788359602495775604727764946368514965144e-61;-4.5752689197443326756996795421756809956714788359602495775604727764946368514965144e-61;-4.5752689197443326756996795421756809956714788359602495775604727764946368514965144e-61;4.5752689197443326756996795421756809956714788359602495775604727764946368514965144e-61,Hb_s,-60.33958337440001,460,1e-340,validated_single_precision,True,historical_five_resume_20261011
tico,tico_branch_02,historical_five_resume_20261011__tico__alkene_dominant__stage_02,alkene_dominant,5.9068700727621332757594182479683053245920569880495049566318311554325915738540002e-35;0.037348584995082417734636548626656506832535921577784520678704609537565267547163795;0.00000000000000000037645262153326963439080365206959335919066403744999990450371788938327930542594596;0.000000000000000000039621258456574448362508312534665574368407581291669852505908607523195893422668739;0.18782074891968879850122298367145724992527642636400241356849551860161762386459681;0.77443566138777001050404856173640967433259713872922977396195133045151229687887731;4.8847640704904957964119479261443155368412969398988815989849899538252541467305481e-56;7.7562067387104990114908398331579804487355032857718817615463361132416895100808283e-42;2.2321519458350049005418543054000879506443440342079621316804798972496519150208687e-70;0.00039500469745877284401802597563242708757006489665289008973531143984346961940291028,0.00037454678312584182261809628538738552609449015571237273965983219133844935456231423;9418124747242.3749315589987273656968137045530459607561727455016417212053859296729;29900.780522124638493510545031412582813526212649484163268944861698971966022683472;9700.4413685814754192271473833613212790531275591804562768916651023913088765255613;21120254455025.375848214442620673324486731626821677190819314260437877180356820342;42886443645161.871700655634825808785566662269389524664604506721837716394815761435;0.000000000000010770829683335134113105553946855210832985174565570321733224523240861755753652125;0.00000013572256244158507719732607187755652442904594461284873349978684517378272818109372;-0.00000000000000000000072809699634286422890227232438349866548499407670804144126868229701051674045543717;968564377980.23661397577631942910874361021643157628735491576908835748132154884251,4.5752689197443326756996795421756809956714788359602495775604727764946368514965144e-61;4.5752689197443326756996795421756809956714788359602495775604727764946368514965144e-61;4.5752689197443326756996795421756809956714788359602495775604727764946368514965144e-61;4.5752689197443326756996795421756809956714788359602495775604727764946368514965144e-61;4.5752689197443326756996795421756809956714788359602495775604727764946368514965144e-61;4.5752689197443326756996795421756809956714788359602495775604727764946368514965144e-61;4.5752689197443326756996795421756809956714788359602495775604727764946368514965144e-61;4.5752689197443326756996795421756809956714788359602495775604727764946368514965144e-61,4.5752689197443326756996795421756809956714788359602495775604727764946368514965144e-61;-4.5752689197443326756996795421756809956714788359602495775604727764946368514965144e-61;-4.5752689197443326756996795421756809956714788359602495775604727764946368514965144e-61;4.5752689197443326756996795421756809956714788359602495775604727764946368514965144e-61,Hb_s,-60.33958337440001,360,1e-260,validated_single_precision,True,historical_five_resume_20261011
tico,tico_branch_02,historical_five_resume_20261011__tico__vacant__stage_03,vacant,5.9068700727621332757594182479683053245920569880495049566318311554325915738540002e-35;0.037348584995082417734636548626656506832535921577784520678704609537565267547163795;0.00000000000000000037645262153326963439080365206959335919066403744999990450371788938327930542594596;0.000000000000000000039621258456574448362508312534665574368407581291669852505908607523195893422668739;0.18782074891968879850122298367145724992527642636400241356849551860161762386459681;0.77443566138777001050404856173640967433259713872922977396195133045151229687887731;4.8847640704904957964119479261443155368412969398988815989849899538252541467305481e-56;7.7562067387104990114908398331579804487355032857718817615463361132416895100808283e-42;2.2321519458350049005418543054000879506443440342079621316804798972496519150208687e-70;0.00039500469745877284401802597563242708757006489665289008973531143984346961940291028,0.00037454678312584182261809628538738552609449015571237273965983219133844935456231423;9418124747242.3749315589987273656968137045530459607561727455016417212053859296729;29900.780522124638493510545031412582813526212649484163268944861698971966022683472;9700.4413685814754192271473833613212790531275591804562768916651023913088765255613;21120254455025.375848214442620673324486731626821677190819314260437877180356820342;42886443645161.871700655634825808785566662269389524664604506721837716394815761435;0.000000000000010770829683335134113105553946855210832985174565570321733224523240861755753652125;0.00000013572256244158507719732607187755652442904594461284873349978684517378272818109372;-0.00000000000000000000072809699634286422890227232438349866548499407670804144126868229701051674045543717;968564377980.23661397577631942910874361021643157628735491576908835748132154884251,4.5752689197443326756996795421756809956714788359602495775604727764946368514965144e-61;4.5752689197443326756996795421756809956714788359602495775604727764946368514965144e-61;4.5752689197443326756996795421756809956714788359602495775604727764946368514965144e-61;4.5752689197443326756996795421756809956714788359602495775604727764946368514965144e-61;4.5752689197443326756996795421756809956714788359602495775604727764946368514965144e-61;4.5752689197443326756996795421756809956714788359602495775604727764946368514965144e-61;4.5752689197443326756996795421756809956714788359602495775604727764946368514965144e-61;4.5752689197443326756996795421756809956714788359602495775604727764946368514965144e-61,4.5752689197443326756996795421756809956714788359602495775604727764946368514965144e-61;-4.5752689197443326756996795421756809956714788359602495775604727764946368514965144e-61;-4.5752689197443326756996795421756809956714788359602495775604727764946368514965144e-61;4.5752689197443326756996795421756809956714788359602495775604727764946368514965144e-61,Hb_s,-60.33958337440001,460,1e-340,validated_single_precision,True,historical_five_resume_20261011
tico,tico_branch_02,historical_five_resume_20261011__tico__water_dominant__stage_03,water_dominant,5.9068700727621332757594182479683053245920569880495049566318311554325915738540002e-35;0.037348584995082417734636548626656506832535921577784520678704609537565267547163795;0.00000000000000000037645262153326963439080365206959335919066403744999990450371788938327930542594596;0.000000000000000000039621258456574448362508312534665574368407581291669852505908607523195893422668739;0.18782074891968879850122298367145724992527642636400241356849551860161762386459681;0.77443566138777001050404856173640967433259713872922977396195133045151229687887731;4.8847640704904957964119479261443155368412969398988815989849899538252541467305481e-56;7.7562067387104990114908398331579804487355032857718817615463361132416895100808283e-42;2.2321519458350049005418543054000879506443440342079621316804798972496519150208687e-70;0.00039500469745877284401802597563242708757006489665289008973531143984346961940291028,0.00037454678312584182261809628538738552609449015571237273965983219133844935456231423;9418124747242.3749315589987273656968137045530459607561727455016417212053859296729;29900.780522124638493510545031412582813526212649484163268944861698971966022683472;9700.4413685814754192271473833613212790531275591804562768916651023913088765255613;21120254455025.375848214442620673324486731626821677190819314260437877180356820342;42886443645161.871700655634825808785566662269389524664604506721837716394815761435;0.000000000000010770829683335134113105553946855210832985174565570321733224523240861755753652125;0.00000013572256244158507719732607187755652442904594461284873349978684517378272818109372;-0.00000000000000000000072809699634286422890227232438349866548499407670804144126868229701051674045543717;968564377980.23661397577631942910874361021643157628735491576908835748132154884251,4.5752689197443326756996795421756809956714788359602495775604727764946368514965144e-61;4.5752689197443326756996795421756809956714788359602495775604727764946368514965144e-61;4.5752689197443326756996795421756809956714788359602495775604727764946368514965144e-61;4.5752689197443326756996795421756809956714788359602495775604727764946368514965144e-61;4.5752689197443326756996795421756809956714788359602495775604727764946368514965144e-61;4.5752689197443326756996795421756809956714788359602495775604727764946368514965144e-61;4.5752689197443326756996795421756809956714788359602495775604727764946368514965144e-61;4.5752689197443326756996795421756809956714788359602495775604727764946368514965144e-61,4.5752689197443326756996795421756809956714788359602495775604727764946368514965144e-61;-4.5752689197443326756996795421756809956714788359602495775604727764946368514965144e-61;-4.5752689197443326756996795421756809956714788359602495775604727764946368514965144e-61;4.5752689197443326756996795421756809956714788359602495775604727764946368514965144e-61,Hb_s,-60.33958337440001,460,1e-340,validated_single_precision,True,historical_five_resume_20261011
tico,tico_branch_03,historical_five_resume_20261011__tico__balanced_adsorbates__stage_02,balanced_adsorbates,9.949182028509623489796448213957937026543040604265157180971707978822275869790636e-34;0.62907717909641378924757999041458724100495672302746449828362524807193097406384013;0.0000000000000000063407423132303475998328061005478937646489951477302333393615013484926633302206161;0.0000000000000000006673567286523322170152116237279222798939313757242633333606727298533265819849395;1.1345655002883333221315365574452635375756083269426834720908107975967830545827442e-39;0.000000000000000012491681842028541791272742225922223932036860184340685957604538264394438051819789;0.36426959837205867467098480276665355983923848446741288027341783293134234216479982;0.0000000001714323369650389770618640080902637937828462673619728699854651613549532819463373;0.000000000000000012491681842028541791272742225922223932036860184340685957604538264394438051819789;0.0066532223600951671249335038171307967527014061393751324973842245242450166435201185,0.000000000000000039705690020153623685824680178113043609445443334375582916745531755216361827579242;0.99841483350738118870450288400764056744683888317767833277676564086754052874528656;0.0000000031697799304982535837586918515662648837570261681854183892330076533702528230737461;0.0000000010283432014208743297154305587504175471501441190159316210342651534661224803599681;0.000000000000000000042400780022222005450982371217886428678284874554355852904007579016622865717175171;0.000000004449072845534724351500040566828763329700845022243632834288286478261905448151181;0.75974967478528368451603850312733305383301712280507805047025953721005350417257173;0.00001648183006793415754226936697424116485738973957571154309852865719767883022310241;0.000000004449072845534724351500040566828763329700845022243632834288286478261905448151181;0.10267745099314638771395366501966412362906715176280982958183461275110355729925723,2.8689273498627057019899160247555598463962604949054766210735511426004066835395941e-27;2.8689273498627057019899160247555598463962604949054766210735511426004066835395941e-27;2.8689273498627057019899160247555598463962604949054766210735511426004066835395941e-27;2.8689273498627057019899160247555598463962604949054766210735511426004066835395941e-27;2.8689273498627057019899160247555598463962604949054766210735511426004066835395941e-27;2.8689273498627057019899160247555598463962604949054766210735511426004066835395941e-27;2.8689273498627057019899160247555598463962604949054766210735511426004066835395941e-27;2.8689273498627057019899160247555598463962604949054766210735511426004066835395941e-27,2.8689273498627057019899160247555598463962604949054766210735511426004066835395941e-27;-2.8689273498627057019899160247555598463962604949054766210735511426004066835395941e-27;-2.8689273498627057019899160247555598463962604949054766210735511426004066835395941e-27;2.8689273498627057019899160247555598463962604949054766210735511426004066835395941e-27,C6H12_s,-26.542280449297824,360,1e-260,validated_single_precision,True,historical_five_resume_20261011
ticr,ticr_branch_01,ticr__Ha_dominant__stage_02,Ha_dominant,1.8268602683406839062885225122657526535877813405006643632898188058881604621945914e-32;0.00000000000057616752226086267775194234566576754984038182447120604512599886962591857994192468;0.000000000000023630865570802516334400212238776649426565180883710728425845656216710715839150784;0.000000000001300920734326963479984242496576843322906243393970739307245141644820944922904372;0.99999999999809765503965190705069617828931851477290920207767643640913408680315303;5.6298035719819253907074336455371887410618032072557460129326804687775907990312845e-38;9.0620297350463179080236574765509931076487001042554718895651565418941172653009055e-43;6.5622741758977561063436693867881859435689628321884939454185506780866234689756005e-40;5.6298035719819253907074336455371887410618032072557460129326804687775907990312845e-38;0.0000000000000016258381894642752149679402634858056529342413014077683628006978746687827328976921,0.00000000000000013516139494486988521385142023164190038153995029868156206371025944272504488177065;0.00000075905699539758294376860054780134251470110057827165582202197233262589934779909467;0.00000015372334100861007127299696510627710416928811221551494519932178107450230607784641;0.0000011405791223451118148717713284618236882275594333920195464632943259143196972731281;1.0000000000000412268502638547951620746143004496782791014455890080349352932919787;0.00000000000000000023727207109124957897942969193564295770550930122067012517846958070732855448784908;0.00000000000000000000095194693838807550484502962753264616454865939934269398941339243799169571259262717;0.000000000000000000025616936147616835755519344541980377274484965672077891651134096137585678465106793;0.00000000000000000023727207109124957897942969193564295770550930122067012517846958070732855448784908;0.000000040321683862005343792023551098031064495234835155264026744080328622740007302713354,2.2001563023991744405085681180000722625430978243982340058918612957715141810321515e-62;2.2001563023991744405085681180000722625430978243982340058918612957715141810321515e-62;2.2001563023991744405085681180000722625430978243982340058918612957715141810321515e-62;2.2001563023991744405085681180000722625430978243982340058918612957715141810321515e-62;2.2001563023991744405085681180000722625430978243982340058918612957715141810321515e-62;2.2001563023991744405085681180000722625430978243982340058918612957715141810321515e-62;2.2001563023991744405085681180000722625430978243982340058918612957715141810321515e-62;2.2001563023991744405085681180000722625430978243982340058918612957715141810321515e-62,2.2001563023991744405085681180000722625430978243982340058918612957715141810321515e-62;-2.2001563023991744405085681180000722625430978243982340058918612957715141810321515e-62;-2.2001563023991744405085681180000722625430978243982340058918612957715141810321515e-62;2.2001563023991744405085681180000722625430978243982340058918612957715141810321515e-62,Ha_s,-61.65754646515133,360.0,1e-260,validated_single_precision,True,original_replay
ticr,ticr_branch_01,unresolved_five__ticr__Ha_dominant__stage_02,Ha_dominant,1.8268602683406835006440559732824225184391359871248262180135286760922253787258324e-32;0.00000000000057616752226086254981705249397510422504795910353996463916134383004395957501897536;0.000000000000023630865570802511087294002507026159022311785869290005766943800802609460676401143;0.0000000000013009207343269631911218120027122853859152488824489046282317338960232001428037929;0.99999999999809765503965190747310161344305892479055530599971756426923868189938615;5.6298035719819228905724137392649443111757610345995651743897327538180548996685111e-38;9.0620297350463138836740327779984399632169442914348207421802603129719922188747391e-43;6.5622741758977531921085157754591062326292999282252108376490826845653548798396818e-40;5.6298035719819228905724137392649443111757610345995651743897327538180548996685111e-38;0.0000000000000016258381894642748539593418100475442509959066439584662943085230983608990462487651,0.0000000000000001351613949448698852138514200588814467028745798739593330592492812890003756846307;0.00000075905699539758294376860054683113181995102887034177926967628870361338229976538983;0.00000015372334100861007127299696490979116123802468770228998666182637882638809460665527;0.0000011405791223451118148717713270039594311064508810893507417887811826526106495377469;1.0000000000000413378725663168066312191492952683888719661203587933506803580382807;0.00000000000000000023727207109124955263693804887463734076182659765662897715900734929670986276236851;0.0000000000000000000009519469383880753991576887035967824743934437711051397094698677191656403081848184;0.000000000000000000025616936147616832911468111345860661688052534454260451806926536683280087260482362;0.00000000000000000023727207109124955263693804887463734076182659765662897715900734929670986276236851;0.000000040321683862005343792023551046492735818403132048566198183653709882338611839126547,2.2001563023991724863772203490768176624001812741927416735011868419911457357912705e-62;2.2001563023991724863772203490768176624001812741927416735011868419911457357912705e-62;2.2001563023991724863772203490768176624001812741927416735011868419911457357912705e-62;2.2001563023991724863772203490768176624001812741927416735011868419911457357912705e-62;2.2001563023991724863772203490768176624001812741927416735011868419911457357912705e-62;2.2001563023991724863772203490768176624001812741927416735011868419911457357912705e-62;2.2001563023991724863772203490768176624001812741927416735011868419911457357912705e-62;2.2001563023991724863772203490768176624001812741927416735011868419911457357912705e-62,2.2001563023991724863772203490768176624001812741927416735011868419911457357912705e-62;-2.2001563023991724863772203490768176624001812741927416735011868419911457357912705e-62;-2.2001563023991724863772203490768176624001812741927416735011868419911457357912705e-62;2.2001563023991724863772203490768176624001812741927416735011868419911457357912705e-62,Ha_s,-61.657546465151334,360,1e-260,validated_single_precision,True,unresolved_five
ticr,ticr_branch_02,unresolved_five__ticr__alkene_OOH_mix__stage_02,alkene_OOH_mix,0.00000000000000027242422513379116433947120193373783788627729641205090352364895826558490859771998;0.011075435932112058435575007579721044028148841561450644087809709472883738393015201;0.00045424659936189702234568819499359739642508552164941233711337086989048585926945653;0.025007074659913393670384691649073776613363510868602869297608944642231589105151406;0.00000000000000000025203260909592612864921787046872817727391320587806603495021835870236358859053545;0.00000000049238926642257689363267621320625684558988506583576131757522922047334011680105792;0.96329613858893304829956283938939129279442474354291115647544794739468793924120488;0.00013585040302868037019879674853785278819257255252226381447117155635820644341252993;0.00000000049238926642257689363267621320625684558988506583576131757522922047334011680105792;0.000031252831872116680521446285839541846511750566527458764816602984520041412089668332,0.00016197333232933249604759780733593238373106578571225555438358332901743661428322597;1032.7639493101307622114983366860388472292809506948487476576935501048335450651489;209.15415538465761649980855198329161895925101949592714061297471400541058025339091;1551.8584322865481566851500576475100875119159876932823942821487878675011713959169;-0.0000049266195136653891778077980120015161689322052891766626104089133796801743415303214;0.21775841341792590394973030501545103209464656449570110902950064062682701620071348;9631.6471643791630425187860251272225241088901517681413305854422989925729764340558;-114.38027084890739200612973856000550871020070186759233881689196957983918626136966;0.21775841341792590394973030501545103209464656449570110902950064062682701620071348;54.861205048703209151955095132711712978633579470752148110095159432212148903803883,0.0000016830003438769280849374810570312238760789127535059913564427604250742821498629902;0.0000016830003438769280849374810570312238760789127535059913564427604250742821498629902;0.0000016830003438769280849374810570312238760789127535059913564427604250742821498629902;0.0000016830003438769280849374810570312238760789127535059913564427604250742821498629902;0.0000016830003438769280849374810570312238760789127535059913564427604250742821498629902;0.0000016830003438769280849374810570312238760789127535059913564427604250742821498629902;0.0000016830003438769280849374810570312238760789127535059913564427604250742821498629902;0.0000016830003438769280849374810570312238760789127535059913564427604250742821498629902,0.0000016830003438769280849374810570312238760789127535059913564427604250742821498629902;-0.0000016830003438769280849374810570312238760789127535059913564427604250742821498629902;-0.0000016830003438769280849374810570312238760789127535059913564427604250742821498629902;0.0000016830003438769280849374810570312238760789127535059913564427604250742821498629902,OH_s,-5.773915795287493,360,1e-260,validated_single_precision,True,unresolved_five
ticr,ticr_branch_03,unresolved_five__ticr__balanced_adsorbates__stage_02,balanced_adsorbates,0.00000000000010318535438985742014345307729155476065357936251182168513659976208675219140943951;0.2155852726334974521594197502662245196473573700423043885664635165355186012571569;0.0088419884839275203178851448206696316161982797457044334554651657259948425965596888;0.48676702581920794587896137689774427107503276364747945195982824677254867089280549;0.00000000000000031923046581222746884870344305810266706630309674341647660288677208628056853625132;0.0000000095828570700759058525844135874347347154018485586419725733778611509262726363515438;0.28806154665463742371733147092484896329289985739790468003507778589653043119141066;0.00013580547460427628711984328645063958908027803809237299038013879526108418652677804;0.0000000095828570700759058525844135874347347154018485586419725733778611509262726363515438;0.0006083417683077369026150389876224981292274074614969100432314344168108653741363688,0.00000038264893189775571853209132593625168444381401063046138446893337688426747320094398;0.5530966398297499894378755452518226084746962901682789318739162696193080212877688;0.11201248903674554117676361362499001728654550857476335268113053461013189250065018;0.83109764333141076858190732503080964430654243224198039352200176665344015405994823;0.000000021283529081172673316911431066886385086524196145215401822796705826690292126316438;0.00011661085527542919367558312601407728608654801354178214774149322445256362205552954;0.63934330161229941311940532753210178561948391715380378272264804110835052623572884;0.013881938439842315258898192930344945005621308461001243870379590604724167027832645;0.00011661085527542919367558312601407728608654801354178214774149322445256362205552954;0.029380913411743139826453417296160560530187374965349140175206631462991015888388481,0.00063746606672208382245636366450895016869599270326013621675365778570927990495322654;0.00063746606672208382245636366450895016869599270326013621675365778570927990495322654;0.00063746606672208382245636366450895016869599270326013621675365778570927990495322654;0.00063746606672208382245636366450895016869599270326013621675365778570927990495322654;0.00063746606672208382245636366450895016869599270326013621675365778570927990495322654;0.00063746606672208382245636366450895016869599270326013621675365778570927990495322654;0.00063746606672208382245636366450895016869599270326013621675365778570927990495322654;0.00063746606672208382245636366450895016869599270326013621675365778570927990495322654,0.00063746606672208382245636366450895016869599270326013621675365778570927990495322654;-0.00063746606672208382245636366450895016869599270326013621675365778570927990495322654;-0.00063746606672208382245636366450895016869599270326013621675365778570927990495322654;0.00063746606672208382245636366450895016869599270326013621675365778570927990495322654,H2O_s,-3.1955429284274697,360,1e-260,validated_single_precision,True,unresolved_five
tife,tife_branch_01,historical_five_resume_20261011__tife__Ha_dominant__stage_02,Ha_dominant,1.3793321165908797869599286326497950984159480960902876332148993666711833906291257e-31;0.000000000001023265741953130066779385386264721116801187035463911906074626297942806209270525;2.9819181074258688594918577797213903903097394094722702549375089998005916655715794e-31;0.00000000000000005304949848153180045066223597168216018650378948459015282053147592880114520806992;0.99999999999897072647803569659132408968968575285886480715629940663039330274621612;4.7782323566078147868062120767620037542464351347278124691639148142334636960088945e-47;1.0910959222355607208589358892103617330047178470154948553001618892570537601878707e-58;2.3219308856785781841429042349093581704071433000093104622819466786185372381148843e-67;4.7782323566078147868062120767620037542464351347278124691639148142334636960088945e-47;0.0000000000000059547305126918096599492394118793819639935309446729959266909779150584515598138535,0.00000000000000037139360745629681637296754430451753885262487338184371519971360480704921071392988;0.0000010115659849735255100292662688624935811006784851301892007912044882337471228981129;0.00000000000000054606941934452392256637537594355040134758071835249341928404234916790483486751249;0.0000000072835086655850510968110082578323320367506303394071779614021525400416438656212348;1.0000000000006232744758545104813744021556853560229199476385728457076781726685521;0.000000000000000000000006912475936029498537257359375619754750298215391328181595416709002657048547267028;1.044555370594610394433247879763752681112880799058142819852838416539193756168037e-29;4.8186418062394537011879320867121194821704479599465047722376182841591284493664271e-34;0.000000000000000000000006912475936029498537257359375619754750298215391328181595416709002657048547267028;0.000000077166900369947227584714150584330211748224652202609394533105259430931859522928559,3.8069436942226842240242071604685366405025772602813794864962348059626936067086966e-83;3.8069436942226842240242071604685366405025772602813794864962348059626936067086966e-83;3.8069436942226842240242071604685366405025772602813794864962348059626936067086966e-83;3.8069436942226842240242071604685366405025772602813794864962348059626936067086966e-83;3.8069436942226842240242071604685366405025772602813794864962348059626936067086966e-83;3.8069436942226842240242071604685366405025772602813794864962348059626936070968307e-83;3.8069436942226842240242071604685366405025772602813794864962348059626936067086966e-83;3.8069436942226842240242071604685366405025772602813794864962348059626936067086966e-83,3.8069436942226842240242071604685366405025772602813794864962348059626936067086966e-83;-3.8069436942226842240242071604685366405025772602813794864962348059626936067086966e-83;-3.8069436942226842240242071604685366405025772602813794864962348059626936067086966e-83;3.8069436942226842240242071604685366405025772602813794864962348059626936067086966e-83,Ha_s,-82.41942354647674,360,1e-260,validated_single_precision,True,historical_five_resume_20261011
tife,tife_branch_02,historical_five_resume_20261011__tife__Hb_dominant__stage_02,Hb_dominant,5.8998391954045740572535764646137184105149412096321867722112622733655014575577587e-32;0.00000000000043768308292646457351341862915398472813463161197625853977010643417294725411413929;1.2754605737130048555010890187424772684867042629812731668946160936758608164035854e-31;0.000000000000000022690946340860850032988442043319898702980488001308231418793552692281243826807769;3.2826487891758816591892673602356753851014033077574306977537014454655703553074599e-47;0.99999999999895163857066805690565159224629742835896971251426926045542055592594349;0.0000000000006081086291081757244501128331948322171865829835662105993439030109015355676603111;9.8308070822430674744760132287184635044370663581905216116150259652466054136740069e-39;3.2742384283644519907791840104534775151064658819752144950742513346351588544912191e-50;0.0000000000000025470263509619353482988437555580345854274926614098457612670501365323889273277059,0.00000000000000024289584589730233091817712030113245568805388212755630816219553175288784331821332;0.00000066157621097448556438439798346506418094160324731615408697969789992104731963878157;0.00000000000000035713590882402256565117246891376133023566827685268744301226559605566007805631253;0.0000000047635014790495361131568141048761980281782568842130806203100822582984035517471342;0.0000000000000000000000057294404518963063947328559043408175692748942442212641020999852188416794253744314;1.0000000000004953471598376769340402258405775741707253483680852934306403153610819;0.00000077981320142032456608133613352867051077188218593941541996731569792354925426592235;0.00000000000000000009915042653596157393675573969143792386868053264181623810006390038368550118749538;0.00000000000000000000000018094856806206365626184395177742446520419506340170665175844392618543096314079022;0.00000005046807259017456153978537904166258039946646350464991339632811273944092892265921,2.9488928421725169564150084408787044035064628699369191551803685547999390635332933e-55;2.9488928421725169564150084408787044035064628699369191551803685547999390635332933e-55;2.9488928421725169564150084408787044035064628699369191551803685547999390635332933e-55;2.9488928421725169564150084408787044035064628699369191551803685547999390635332933e-55;2.9488928421725169564150084408787044035064628699369191551803685547999390635332933e-55;2.9488928421725169564150084408787044035064628699369191551803685547999390635332933e-55;2.9488928421725169564150084408787044035064628699369191551803685547999390635332933e-55;2.9488928421725169564150084408787044035064628699369191551803685547999390635332933e-55,2.9488928421725169564150084408787044035064628699369191551803685547999390635332933e-55;-2.9488928421725169564150084408787044035064628699369191551803685547999390635332933e-55;-2.9488928421725169564150084408787044035064628699369191551803685547999390635332933e-55;2.9488928421725169564150084408787044035064628699369191551803685547999390635332933e-55,Hb_s,-54.53034100869565,360,1e-260,validated_single_precision,True,historical_five_resume_20261011
tife,tife_branch_03,historical_five_resume_20261011__tife__OH_dominant__stage_03,OH_dominant,1.6319871672390052706976195588308903041490496056535129691980246269203538996031654e-32;0.00000000000012106993953495605327587801972391702505806978006564663141639365978109591669997869;3.528122071937563374145347439732283574820268433460247325790293807910001922393028e-32;0.0000000000000000062766682301507022052360491314078916415770308468399080044268354926944482251609334;2.4352514323130810689017790010486439825741307477904919997014154106295120060085541e-48;0.99999999999925100644351592677357095362684000567442868252058162426959484496597848;0.00000000000062721279322770171471801261110581001451325070548758895340810773402989544536385428;9.8308070822430674767507123442181223491514316626449301813164224951097238035245358e-39;9.3415858191634794384108973568690392173129375596111309597454876102868669093676587e-51;0.00000000000000070454705318530768134940405856310697226525196570467432464378542694876695298182216,737572.38073508968816150747768070882406156596659499292452384034802646620974560664;2008928309018769.8899867788370696542632805516532857192600925600215346601631240918;1084471.3360338691307487303617542094864504400091964352849042601225612696502313561;14464747692816.3817901494355096220195131793301424659786111414611115763189699585;0.009009862841123361577490969600161948971758886077521210241398056925252050086279756;5773594465162070520017.7585351286993047713902698593969629158891358770515468375522;4572500166680802.0891492837403253807217461259913351457327246514284358192499601762;572.45435386611697712940154790071087710039064322090773833123625404452121550156652;0.00055802875677625596221090454732626597540867588250188263970225637542781652289734131;153250280234042.46394132249944456861713474118739308705163004018847946802948672508,2.2563793717006577842086161388612146922990806031650181481885734006534207122602496e-56;2.2563793717006577842086161388612146922990806031650181481885734006534207122602496e-56;2.2563793717006577842086161388612146922990806031650181481885734006534207122602496e-56;2.2563793717006577842086161388612146922990806031650181481885734006534207122602496e-56;2.2563793717006577842086161388612146922990806031650181481885734006534207122602496e-56;2.2563793717006577842086161388612146922990806031650181481885734006534207122602496e-56;2.2563793717006577842086161388612146922990806031650181481885734006534207122602496e-56;2.2563793717006577842086161388612146922990806031650181481885734006534207122602496e-56,2.2563793717006577842086161388612146922990806031650181481885734006534207122602496e-56;-2.2563793717006577842086161388612146922990806031650181481885734006534207122602496e-56;-2.2563793717006577842086161388612146922990806031650181481885734006534207122602496e-56;2.2563793717006577842086161388612146922990806031650181481885734006534207122602496e-56,Hb_s,-55.64658787934087,460,1e-340,validated_single_precision,True,historical_five_resume_20261011
tife,tife_branch_03,historical_five_resume_20261011__tife__OOH_OH_mix__stage_03,OOH_OH_mix,1.6319871672390052706976195588308903041490496056535129691980246269203538996031654e-32;0.00000000000012106993953495605327587801972391702505806978006564663141639365978109591669997869;3.528122071937563374145347439732283574820268433460247325790293807910001922393028e-32;0.0000000000000000062766682301507022052360491314078916415770308468399080044268354926944482251609334;2.4352514323130810689017790010486439825741307477904919997014154106295120060085541e-48;0.99999999999925100644351592677357095362684000567442868252058162426959484496597848;0.00000000000062721279322770171471801261110581001451325070548758895340810773402989544536385428;9.8308070822430674767507123442181223491514316626449301813164224951097238035245358e-39;9.3415858191634794384108973568690392173129375596111309597454876102868669093676587e-51;0.00000000000000070454705318530768134940405856310697226525196570467432464378542694876695298182216,737572.38073508968816150747768070882406156596659499292452384034802646620974560664;2008928309018769.8899867788370696542632805516532857192600925600215346601631240918;1084471.3360338691307487303617542094864504400091964352849042601225612696502313561;14464747692816.3817901494355096220195131793301424659786111414611115763189699585;0.009009862841123361577490969600161948971758886077521210241398056925252050086279756;5773594465162070520017.7585351286993047713902698593969629158891358770515468375522;4572500166680802.0891492837403253807217461259913351457327246514284358192499601762;572.45435386611697712940154790071087710039064322090773833123625404452121550156652;0.00055802875677625596221090454732626597540867588250188263970225637542781652289734131;153250280234042.46394132249944456861713474118739308705163004018847946802948672508,2.2563793717006577842086161388612146922990806031650181481885734006534207122602496e-56;2.2563793717006577842086161388612146922990806031650181481885734006534207122602496e-56;2.2563793717006577842086161388612146922990806031650181481885734006534207122602496e-56;2.2563793717006577842086161388612146922990806031650181481885734006534207122602496e-56;2.2563793717006577842086161388612146922990806031650181481885734006534207122602496e-56;2.2563793717006577842086161388612146922990806031650181481885734006534207122602496e-56;2.2563793717006577842086161388612146922990806031650181481885734006534207122602496e-56;2.2563793717006577842086161388612146922990806031650181481885734006534207122602496e-56,2.2563793717006577842086161388612146922990806031650181481885734006534207122602496e-56;-2.2563793717006577842086161388612146922990806031650181481885734006534207122602496e-56;-2.2563793717006577842086161388612146922990806031650181481885734006534207122602496e-56;2.2563793717006577842086161388612146922990806031650181481885734006534207122602496e-56,Hb_s,-55.64658787934087,460,1e-340,validated_single_precision,True,historical_five_resume_20261011
tife,tife_branch_03,historical_five_resume_20261011__tife__alkene_OOH_mix__stage_03,alkene_OOH_mix,1.6319871672390052706976195588308903041490496056535129691980246269203538996031654e-32;0.00000000000012106993953495605327587801972391702505806978006564663141639365978109591669997869;3.528122071937563374145347439732283574820268433460247325790293807910001922393028e-32;0.0000000000000000062766682301507022052360491314078916415770308468399080044268354926944482251609334;2.4352514323130810689017790010486439825741307477904919997014154106295120060085541e-48;0.99999999999925100644351592677357095362684000567442868252058162426959484496597848;0.00000000000062721279322770171471801261110581001451325070548758895340810773402989544536385428;9.8308070822430674767507123442181223491514316626449301813164224951097238035245358e-39;9.3415858191634794384108973568690392173129375596111309597454876102868669093676587e-51;0.00000000000000070454705318530768134940405856310697226525196570467432464378542694876695298182216,737572.38073508968816150747768070882406156596659499292452384034802646620974560664;2008928309018769.8899867788370696542632805516532857192600925600215346601631240918;1084471.3360338691307487303617542094864504400091964352849042601225612696502313561;14464747692816.3817901494355096220195131793301424659786111414611115763189699585;0.009009862841123361577490969600161948971758886077521210241398056925252050086279756;5773594465162070520017.7585351286993047713902698593969629158891358770515468375522;4572500166680802.0891492837403253807217461259913351457327246514284358192499601762;572.45435386611697712940154790071087710039064322090773833123625404452121550156652;0.00055802875677625596221090454732626597540867588250188263970225637542781652289734131;153250280234042.46394132249944456861713474118739308705163004018847946802948672508,2.2563793717006577842086161388612146922990806031650181481885734006534207122602496e-56;2.2563793717006577842086161388612146922990806031650181481885734006534207122602496e-56;2.2563793717006577842086161388612146922990806031650181481885734006534207122602496e-56;2.2563793717006577842086161388612146922990806031650181481885734006534207122602496e-56;2.2563793717006577842086161388612146922990806031650181481885734006534207122602496e-56;2.2563793717006577842086161388612146922990806031650181481885734006534207122602496e-56;2.2563793717006577842086161388612146922990806031650181481885734006534207122602496e-56;2.2563793717006577842086161388612146922990806031650181481885734006534207122602496e-56,2.2563793717006577842086161388612146922990806031650181481885734006534207122602496e-56;-2.2563793717006577842086161388612146922990806031650181481885734006534207122602496e-56;-2.2563793717006577842086161388612146922990806031650181481885734006534207122602496e-56;2.2563793717006577842086161388612146922990806031650181481885734006534207122602496e-56,Hb_s,-55.64658787934087,460,1e-340,validated_single_precision,True,historical_five_resume_20261011
tife,tife_branch_03,historical_five_resume_20261011__tife__alkene_dominant__stage_02,alkene_dominant,1.6319871672390052706976195588308903041490496056535129691980246269203538996031654e-32;0.00000000000012106993953495605327587801972391702505806978006564663141639365978109591669997869;3.528122071937563374145347439732283574820268433460247325790293807910001922393028e-32;0.0000000000000000062766682301507022052360491314078916415770308468399080044268354926944482251609334;2.4352514323130810689017790010486439825741307477904919997014154106295120060085541e-48;0.99999999999925100644351592677357095362684000567442868252058162426959484496597848;0.00000000000062721279322770171471801261110581001451325070548758895340810773402989544536385428;9.8308070822430674767507123442181223491514316626449301813164224951097238035245358e-39;9.3415858191634794384108973568690392173129375596111309597454876102868669093676587e-51;0.00000000000000070454705318530768134940405856310697226525196570467432464378542694876695298182216,737572.38073508968816150747768070882406156596659499292452384034802646620974560664;2008928309018769.8899867788370696542632805516532857192600925600215346601631240918;1084471.3360338691307487303617542094864504400091964352849042601225612696502313561;14464747692816.3817901494355096220195131793301424659786111414611115763189699585;0.009009862841123361577490969600161948971758886077521210241398056925252050086279756;5773594465162070520017.7585351286993047713902698593969629158891358770515468375522;4572500166680802.0891492837403253807217461259913351457327246514284358192499601762;572.45435386611697712940154790071087710039064322090773833123625404452121550156652;0.00055802875677625596221090454732626597540867588250188263970225637542781652289734131;153250280234042.46394132249944456861713474118739308705163004018847946802948672508,2.2563793717006577842086161388612146922990806031650181481885734006534207122602496e-56;2.2563793717006577842086161388612146922990806031650181481885734006534207122602496e-56;2.2563793717006577842086161388612146922990806031650181481885734006534207122602496e-56;2.2563793717006577842086161388612146922990806031650181481885734006534207122602496e-56;2.2563793717006577842086161388612146922990806031650181481885734006534207122602496e-56;2.2563793717006577842086161388612146922990806031650181481885734006534207122602496e-56;2.2563793717006577842086161388612146922990806031650181481885734006534207122602496e-56;2.2563793717006577842086161388612146922990806031650181481885734006534207122602496e-56,2.2563793717006577842086161388612146922990806031650181481885734006534207122602496e-56;-2.2563793717006577842086161388612146922990806031650181481885734006534207122602496e-56;-2.2563793717006577842086161388612146922990806031650181481885734006534207122602496e-56;2.2563793717006577842086161388612146922990806031650181481885734006534207122602496e-56,Hb_s,-55.64658787934087,360,1e-260,validated_single_precision,True,historical_five_resume_20261011
tife,tife_branch_03,historical_five_resume_20261011__tife__vacant__stage_03,vacant,1.6319871672390052706976195588308903041490496056535129691980246269203538996031654e-32;0.00000000000012106993953495605327587801972391702505806978006564663141639365978109591669997869;3.528122071937563374145347439732283574820268433460247325790293807910001922393028e-32;0.0000000000000000062766682301507022052360491314078916415770308468399080044268354926944482251609334;2.4352514323130810689017790010486439825741307477904919997014154106295120060085541e-48;0.99999999999925100644351592677357095362684000567442868252058162426959484496597848;0.00000000000062721279322770171471801261110581001451325070548758895340810773402989544536385428;9.8308070822430674767507123442181223491514316626449301813164224951097238035245358e-39;9.3415858191634794384108973568690392173129375596111309597454876102868669093676587e-51;0.00000000000000070454705318530768134940405856310697226525196570467432464378542694876695298182216,737572.38073508968816150747768070882406156596659499292452384034802646620974560664;2008928309018769.8899867788370696542632805516532857192600925600215346601631240918;1084471.3360338691307487303617542094864504400091964352849042601225612696502313561;14464747692816.3817901494355096220195131793301424659786111414611115763189699585;0.009009862841123361577490969600161948971758886077521210241398056925252050086279756;5773594465162070520017.7585351286993047713902698593969629158891358770515468375522;4572500166680802.0891492837403253807217461259913351457327246514284358192499601762;572.45435386611697712940154790071087710039064322090773833123625404452121550156652;0.00055802875677625596221090454732626597540867588250188263970225637542781652289734131;153250280234042.46394132249944456861713474118739308705163004018847946802948672508,2.2563793717006577842086161388612146922990806031650181481885734006534207122602496e-56;2.2563793717006577842086161388612146922990806031650181481885734006534207122602496e-56;2.2563793717006577842086161388612146922990806031650181481885734006534207122602496e-56;2.2563793717006577842086161388612146922990806031650181481885734006534207122602496e-56;2.2563793717006577842086161388612146922990806031650181481885734006534207122602496e-56;2.2563793717006577842086161388612146922990806031650181481885734006534207122602496e-56;2.2563793717006577842086161388612146922990806031650181481885734006534207122602496e-56;2.2563793717006577842086161388612146922990806031650181481885734006534207122602496e-56,2.2563793717006577842086161388612146922990806031650181481885734006534207122602496e-56;-2.2563793717006577842086161388612146922990806031650181481885734006534207122602496e-56;-2.2563793717006577842086161388612146922990806031650181481885734006534207122602496e-56;2.2563793717006577842086161388612146922990806031650181481885734006534207122602496e-56,Hb_s,-55.64658787934087,460,1e-340,validated_single_precision,True,historical_five_resume_20261011
tife,tife_branch_03,historical_five_resume_20261011__tife__water_dominant__stage_03,water_dominant,1.6319871672390052706976195588308903041490496056535129691980246269203538996031654e-32;0.00000000000012106993953495605327587801972391702505806978006564663141639365978109591669997869;3.528122071937563374145347439732283574820268433460247325790293807910001922393028e-32;0.0000000000000000062766682301507022052360491314078916415770308468399080044268354926944482251609334;2.4352514323130810689017790010486439825741307477904919997014154106295120060085541e-48;0.99999999999925100644351592677357095362684000567442868252058162426959484496597848;0.00000000000062721279322770171471801261110581001451325070548758895340810773402989544536385428;9.8308070822430674767507123442181223491514316626449301813164224951097238035245358e-39;9.3415858191634794384108973568690392173129375596111309597454876102868669093676587e-51;0.00000000000000070454705318530768134940405856310697226525196570467432464378542694876695298182216,737572.38073508968816150747768070882406156596659499292452384034802646620974560664;2008928309018769.8899867788370696542632805516532857192600925600215346601631240918;1084471.3360338691307487303617542094864504400091964352849042601225612696502313561;14464747692816.3817901494355096220195131793301424659786111414611115763189699585;0.009009862841123361577490969600161948971758886077521210241398056925252050086279756;5773594465162070520017.7585351286993047713902698593969629158891358770515468375522;4572500166680802.0891492837403253807217461259913351457327246514284358192499601762;572.45435386611697712940154790071087710039064322090773833123625404452121550156652;0.00055802875677625596221090454732626597540867588250188263970225637542781652289734131;153250280234042.46394132249944456861713474118739308705163004018847946802948672508,2.2563793717006577842086161388612146922990806031650181481885734006534207122602496e-56;2.2563793717006577842086161388612146922990806031650181481885734006534207122602496e-56;2.2563793717006577842086161388612146922990806031650181481885734006534207122602496e-56;2.2563793717006577842086161388612146922990806031650181481885734006534207122602496e-56;2.2563793717006577842086161388612146922990806031650181481885734006534207122602496e-56;2.2563793717006577842086161388612146922990806031650181481885734006534207122602496e-56;2.2563793717006577842086161388612146922990806031650181481885734006534207122602496e-56;2.2563793717006577842086161388612146922990806031650181481885734006534207122602496e-56,2.2563793717006577842086161388612146922990806031650181481885734006534207122602496e-56;-2.2563793717006577842086161388612146922990806031650181481885734006534207122602496e-56;-2.2563793717006577842086161388612146922990806031650181481885734006534207122602496e-56;2.2563793717006577842086161388612146922990806031650181481885734006534207122602496e-56,Hb_s,-55.64658787934087,460,1e-340,validated_single_precision,True,historical_five_resume_20261011
tife,tife_branch_04,historical_five_resume_20261011__tife__O_dominant__stage_02,O_dominant,5.8998391954045740572535764646137184105149412096321867722112622733655014575577587e-32;0.00000000000043768308292646457351341862915398472813463161197625853977010643417294725411413929;1.2754605737130048555010890187424772684867042629812731668946160936758608164035854e-31;0.000000000000000022690946340860850032988442043319898702980488001308231418793552692281243826807769;3.2826487891758816591892673602356753851014033077574306977537014454655703553074599e-47;3.2742384283644519907791840104534775151064658819752144950742513346351588544912191e-50;0.0000000000006081086291081757244501128331948322171865829835662105993439030109015355676603111;9.8308070822430674744760132287184635044370663581905216116150259652466054136740069e-39;0.99999999999895163857066805690565159224629742835896971251426926045542055592594349;0.0000000000000025470263509619353482988437555580345854274926614098457612670501365323889273277059,0.00000000000000024289584589730233091817712030113245568805388212755630816219553175288784331821332;0.00000066157621097448556438439798346506418094160324731615408697969789992104731963878157;0.00000000000000035713590882402256565117246891376133023566827685268744301226559605566007805631253;0.0000000047635014790495361131568141048761980281782568842130806203100822582984035517471342;0.0000000000000000000000057294404518963063947328559043408175692748942442212641020999852188416794253744314;0.00000000000000000000000018094856806206365626184395177742446520419506340170665175844392618543096314079022;0.00000077981320142032456608133613352867051077188218593941541996731569792354925426592235;0.00000000000000000009915042653596157393675573969143792386868053264181623810006390038368550118749538;1.0000000000004953471598376769340402258405775741707253483680852934306403153610819;0.00000005046807259017456153978537904166258039946646350464991339632811273944092892265921,2.9488928421725169564150084408787044035064628699369191551803685547999390635332933e-55;2.9488928421725169564150084408787044035064628699369191551803685547999390635332933e-55;2.9488928421725169564150084408787044035064628699369191551803685547999390635332933e-55;2.9488928421725169564150084408787044035064628699369191551803685547999390635332933e-55;2.9488928421725169564150084408787044035064628699369191551803685547999390635332933e-55;2.9488928421725169564150084408787044035064628699369191551803685547999390635332933e-55;2.9488928421725169564150084408787044035064628699369191551803685547999390635332933e-55;2.9488928421725169564150084408787044035064628699369191551803685547999390635332933e-55,2.9488928421725169564150084408787044035064628699369191551803685547999390635332933e-55;-2.9488928421725169564150084408787044035064628699369191551803685547999390635332933e-55;-2.9488928421725169564150084408787044035064628699369191551803685547999390635332933e-55;2.9488928421725169564150084408787044035064628699369191551803685547999390635332933e-55,O_s,-54.53034100869565,360,1e-260,validated_single_precision,True,historical_five_resume_20261011
tife,tife_branch_05,historical_five_resume_20261011__tife__balanced_adsorbates__stage_02,balanced_adsorbates,0.00000000000000000008322972649392147799160169328869713159022534318612467701977375054513433746454347;0.6174446807187594681048396521675801230859647057777202737228375210049791123862234;0.00000000000000000017993072554689185572321421505200454288122546544626909311254875092454389677256962;0.000032010385288282271421655031128366385251558617435816018620059723956592388332084194;1.0483902304637780369141393721514597954201981936284311640506395238122414468347712e-34;0.00000000000016965369273855655267437129559710509599429748953665957097625183848676321665979535;0.37893018881992525361690001545603452539282455886592986382296008391718963674788946;9.8308070822430675491580208602525310941486393989110373854115473868636148289213771e-39;0.00000000000016965369273855655267437129559710509599429748953665957097625183848676321665979535;0.0035931200756876883582011121990948039810952047461770180219629715732963115542910239,0.00000000038908582111000437868625921304429773524725570903902036890562735170872595241017347;1.059754325245593145774956033161084564264204301179708328770012400461149948352663;0.00000000057208272878991121570757939001169511506383137332525809737452015949942660707729971;0.0076304758423836575691231420920123488032249273533412166218829741780435930687434227;0.000000000000000013809172465196468349120207118468529876588351136172511809458156730852843077264007;0.00000055550481738513953836226301587142067957341239161881016827456284921357549377787017;0.83020582101746345075424045100450207440007547537776494062820195645336181769247559;0.00000000000000000013372135166753529541420515505852717262101936540701261477852700436319718751781064;0.00000055550481738513953836226301587142067957341239161881016827456284921357549377787017;0.08084292833846880642365571558204078319650183360253048566741508535344756952237318,5.8686144238574881326249946183917928511242790278188845082735981055463728665869138e-31;5.8686144238574881326249946183917928511242790278188845082735981055463728665869138e-31;5.8686144238574881326249946183917928511242790278188845082735981055463728665869138e-31;5.8686144238574881326249946183917928511242790278188845082735981055463728665869138e-31;5.8686144238574881326249946183917928511242790278188845082735981055463728665869138e-31;5.8686144238574881326249946183917928511242790278188845082735981055463728665869138e-31;5.8686144238574881326249946183917928511242790278188845082735981055463728665869138e-31;5.8686144238574881326249946183917928511242790278188845082735981055463728665869138e-31,5.8686144238574881326249946183917928511242790278188845082735981055463728665869138e-31;-5.8686144238574881326249946183917928511242790278188845082735981055463728665869138e-31;-5.8686144238574881326249946183917928511242790278188845082735981055463728665869138e-31;5.8686144238574881326249946183917928511242790278188845082735981055463728665869138e-31,C6H12_s,-30.23146442330154,360,1e-260,validated_single_precision,True,historical_five_resume_20261011
tihf,tihf_branch_01,tihf__Ha_dominant__stage_03,Ha_dominant,6.4019350915994924722708588131601362418163780474590722727288350944939307983465727e-30;0.00000000000065000806247061982476184660438951217566322815992146279762952984199175264640157271;0.000000000000086662256620315222270591668049174162398850373759627211158670681698135149924515516;0.0000000000014027411699003872172055358666220658669921782381683716742423489215619624963287757;0.99999999999782970509353184791427173388976885299462182580298759678025934017333112;1.6425090475076098305449710467293317207034153380479827370951056437164332842387863e-65;9.2133400318132432598032629322576701836027077611032166036954397426675437404004082e-82;8.9655750107569226594738879977615787009119034078698007893428195358427165126545266e-66;1.6425090475076098305449710467293317207034153380479827370951056437164332842387863e-65;0.000000000000030883417476829815088356879570902328053058612002805253077976373048834935966436573,0.0000000000000025302045552902688632605884386755396147744260995335943679668302589083581184857059;0.00000080623077494713131506854704806302892185646785359084490912664015953263783425387382;0.00000029438453869128298535373892100265230961768972184935181096764261341511971084097697;0.0000011843737458686958279819069422132184042051107678631802788510934931767300392630749;0.99999999999986259355264708267875217123501232331355075688246147536781100382381761;4.0527879879296957579935848078874229020375018889884953537629171701353262775601063e-33;3.0353484201703610981293590282470782900062374466071511342782387520411929126441241e-41;2.9942570047966685429179745478110676213397558004955411149671443807808752870739019e-33;4.0527879879296957579935848078874229020375018889884953537629171701353262775601063e-33;0.00000017573678464364924771913923838236720592444681183127794327466354126402430676646578,7.6633221593103987049556218830262739049755911523257426155441091172426287059137579e-121;7.6633221593103987049556218830262739049755911523257426155441091172426287059137579e-121;7.6633221593103987049556218830262739049755911523257426155441091172426287059137579e-121;7.6633221593103987049556218830262739049755911523257426155441091172426287059137579e-121;7.6633221593103987049556218830262739049755911523257426155441091172426287059137579e-121;7.6633221593103987049556218830262739049755911523257426155441091172426287059137593e-121;7.6633221593103987049556218830262739049755911523257426155441091172426287059137579e-121;7.6633221593103987049556218830262739049755911523257426155441091172426287059137579e-121,7.6633221593103987049556218830262739049755911523257426155441091172426287059137579e-121;-7.6633221593103987049556218830262739049755911523257426155441091172426287059137579e-121;-7.6633221593103987049556218830262739049755911523257426155441091172426287059137579e-121;7.6633221593103987049556218830262739049755911523257426155441091172426287059137579e-121,Ha_s,-120.11558291670224,460.0,1e-340,validated_single_precision,True,original_replay
tihf,tihf_branch_01,unresolved_five__tihf__Ha_dominant__stage_03,Ha_dominant,6.4019350915994910507557106365818445884715855361965499680358077176330527276499301e-30;0.00000000000065000806247061968043106317433794358553089327698666351069407731220867078844419548;0.000000000000086662256620315203027705134789244770837258819846469091517000765913355821977345651;0.0000000000014027411699003869057344269825518236386954290658552723631808234349892465518573222;0.9999999999978297050935318483961740089695602782210684503628980629337579695491689;1.6425090475076091011244259636751717973254786869746236587018421540432646402979144e-65;9.2133400318132391682583681007119693051548406188747358767931566238505399503956691e-82;8.9655750107569186779587655962374618142671386133497937663517455790964819025374809e-66;1.6425090475076091011244259636751717973254786869746236587018421540432646402979144e-65;0.000000000000030883417476829808230860647161218733112257837831687470562787440614174963544875307,0.000000000000002530204555290268863260588435559887667131117872765976715635861294270760565242808;0.00000080623077494713131506854704707024971000897732499878159919247165794820006932791568;0.00000029438453869128298535373892064015206851589859496461841798563296068298430034436767;0.0000011843737458686958279819069407548002062226676666963666701734693067179597549695379;0.99999999999986270457494954471005359581323867951414355326689560239040701719112956;4.0527879879296953080437309879148912152035152912546788302795118649627824001092664e-33;3.0353484201703607611379886389227533238960754308597993186085171936911804422819081e-41;2.9942570047966682104886677047996254234833319824248230103196319104673343648954476e-33;4.0527879879296953080437309879148912152035152912546788302795118649627824001092664e-33;0.00000017573678464364924771913923816596784240154603123092726582304731952984613423272819,7.6633221593103918985582567381141875281829959409110459125941478945596360127095905e-121;7.6633221593103918985582567381141875281829959409110459125941478945596360127095905e-121;7.6633221593103918985582567381141875281829959409110459125941478945596360127095905e-121;7.6633221593103918985582567381141875281829959409110459125941478945596360127095905e-121;7.6633221593103918985582567381141875281829959409110459125941478945596360127095905e-121;7.6633221593103918985582567381141875281829959409110459125941478945596360127095918e-121;7.6633221593103918985582567381141875281829959409110459125941478945596360127095905e-121;7.6633221593103918985582567381141875281829959409110459125941478945596360127095905e-121,7.6633221593103918985582567381141875281829959409110459125941478945596360127095905e-121;-7.6633221593103918985582567381141875281829959409110459125941478945596360127095905e-121;-7.6633221593103918985582567381141875281829959409110459125941478945596360127095905e-121;7.6633221593103918985582567381141875281829959409110459125941478945596360127095905e-121,Ha_s,-120.11558291670224,460,1e-340,validated_single_precision,True,unresolved_five
timn,timn_branch_01,timn__Ha_dominant__stage_02,Ha_dominant,1.2412023278140622713979882923939819840319499012017830807966666560187571780276511e-31;0.0000000000012213493200433691168996135456706392760907378869706389153937094053529460041226456;0.0000000000000047891395539393308057346266016965025042505313804120894075008679624110918317645637;0.000000000000088538503727090914900498871755585146849460687579507714183398215531051826115664906;0.99999999999866601183812775987641495934958494901014236419799696795320360674062387;6.4916722408587203434362821390423265643306506487934251678874660102179836244371714e-36;5.6557643395394196335731185905899512411457797145733836166862525113834410476131103e-47;9.4276916750123357507879327790928490635882995125899941235502030736650171598826266e-42;6.4916722408587203434362821390423265643306506487934251678874660102179836244371714e-36;0.000000000000019311198547840760855060390251814371600045263123812776245182364145147783802756056,0.00000000000000035230701494815015345108075170270587980099401635961421064928488180595758237115289;0.0000011051467414085898831890326729248746709174112278128295081191303477269882921072044;0.000000069203609399725268931195613798905182650700172990845086295202301002482892184927551;0.00000029755420300725617514507532724099929913332288269292660927376825759101248329091302;1.0000000000004201313825203071580338059170990942257623433933247616538098958037936;0.000000000000000002547876025412703409039079821247100341995019288376892259398189186221297552819326;0.000000000000000000000007520481593323473246695517010101489114406724176605269349258774913820433879333002;0.0000000000000000000030704546365372073215450713881574561333276967496491066242452686028362041097139277;0.000000000000000002547876025412703409039079821247100341995019288376892259398189186221297552819326;0.00000013896473850543075175999916536152324980719349079273963846366366741086132466006595,3.9467943527949515013225890362551174015842386301848826088085052725990069093041539e-61;3.9467943527949515013225890362551174015842386301848826088085052725990069093041539e-61;3.9467943527949515013225890362551174015842386301848826088085052725990069093041539e-61;3.9467943527949515013225890362551174015842386301848826088085052725990069093041539e-61;3.9467943527949515013225890362551174015842386301848826088085052725990069093041539e-61;3.9467943527949515013225890362551174015842386301848826088085052725990069093041539e-61;3.9467943527949515013225890362551174015842386301848826088085052725990069093041539e-61;3.9467943527949515013225890362551174015842386301848826088085052725990069093041539e-61,3.9467943527949515013225890362551174015842386301848826088085052725990069093041539e-61;-3.9467943527949515013225890362551174015842386301848826088085052725990069093041539e-61;-3.9467943527949515013225890362551174015842386301848826088085052725990069093041539e-61;3.9467943527949515013225890362551174015842386301848826088085052725990069093041539e-61,Ha_s,-60.40375550187231,360.0,1e-260,validated_single_precision,True,original_replay
timn,timn_branch_01,unresolved_five__timn__Ha_dominant__stage_02,Ha_dominant,1.2412023278140622713979882923939819840319499012017830807966666560187571780276511e-31;0.0000000000012213493200433691168996135456706392760907378869706389153937094053529460041226456;0.0000000000000047891395539393308057346266016965025042505313804120894075008679624110918317645637;0.000000000000088538503727090914900498871755585146849460687579507714183398215531051826115664906;0.99999999999866601183812775987641495934958494901014236419799696795320360674062387;6.4916722408587203434362821390423265643306506487934251678874660102179836244371714e-36;5.6557643395394196335731185905899512411457797145733836166862525113834410476131103e-47;9.4276916750123357507879327790928490635882995125899941235502030736650171598826266e-42;6.4916722408587203434362821390423265643306506487934251678874660102179836244371714e-36;0.000000000000019311198547840760855060390251814371600045263123812776245182364145147783802756056,0.00000000000000035230701494815015345108075170270587980099401635961421064928488180595758237115289;0.0000011051467414085898831890326729248746709174112278128295081191303477269882921072044;0.000000069203609399725268931195613798905182650700172990845086295202301002482892184927551;0.00000029755420300725617514507532724099929913332288269292660927376825759101248329091302;1.0000000000004201313825203071580338059170990942257623433933247616538098958037936;0.000000000000000002547876025412703409039079821247100341995019288376892259398189186221297552819326;0.000000000000000000000007520481593323473246695517010101489114406724176605269349258774913820433879333002;0.0000000000000000000030704546365372073215450713881574561333276967496491066242452686028362041097139277;0.000000000000000002547876025412703409039079821247100341995019288376892259398189186221297552819326;0.00000013896473850543075175999916536152324980719349079273963846366366741086132466006595,3.9467943527949515013225890362551174015842386301848826088085052725990069093041539e-61;3.9467943527949515013225890362551174015842386301848826088085052725990069093041539e-61;3.9467943527949515013225890362551174015842386301848826088085052725990069093041539e-61;3.9467943527949515013225890362551174015842386301848826088085052725990069093041539e-61;3.9467943527949515013225890362551174015842386301848826088085052725990069093041539e-61;3.9467943527949515013225890362551174015842386301848826088085052725990069093041539e-61;3.9467943527949515013225890362551174015842386301848826088085052725990069093041539e-61;3.9467943527949515013225890362551174015842386301848826088085052725990069093041539e-61,3.9467943527949515013225890362551174015842386301848826088085052725990069093041539e-61;-3.9467943527949515013225890362551174015842386301848826088085052725990069093041539e-61;-3.9467943527949515013225890362551174015842386301848826088085052725990069093041539e-61;3.9467943527949515013225890362551174015842386301848826088085052725990069093041539e-61,Ha_s,-60.40375550187231,360,1e-260,validated_single_precision,True,unresolved_five
timn,timn_branch_02,unresolved_five__timn__balanced_adsorbates__stage_02,balanced_adsorbates,0.0000000000000015272842386792501006743823775204899071072157636038427787145954013916409001603684;0.61315688566605346385945465574496387358099604783534105288604084814545163472504982;0.0024043030488683424935610097593703784746100755529792013021616038197368408986526188;0.044449194277119374752794878369754853066274138017567230292886710767397582233667732;0.0000000000000000071939898141773502434180919633660655505103425359044778793628897996177184049983998;0.000000041966452567338669195002205731131025259276155255863619160789354488787431350844873;0.33029468486492004175782114343332759447625096548798615177905190175138872510801769;0.0000000015632674738313269076859758487082173620682063788147975272841918025969427467396208;0.000000041966452567338669195002205731131025259276155255863619160789354488787431350844873;0.0096948466468646341494745215747450716311314086296368154717169469058678429045155075,0.000000047605322757583448938189444058233439131033077657514984577961605858757379300290388;0.95385285478348472105544517144810698187755704254445107659355931207808698198510083;0.059729679248852046236004538150337730522824208666731698776169764681848565580750104;0.25681922169859812198133898652838906442586844587447108223497179361689876124393618;0.0000000032672358689421424755803509812740139827701355241282908318249502335487778633084903;0.00024954375675148327185652542263231114047363670847434996811311159830328774840431976;0.70007790550596610866944635339335535534282874954465594078005100895632434834306976;0.000048162855195412744466209857843613345923093362797970742412737684729514392543095772;0.00024954375675148327185652542263231114047363670847434996811311159830328774840431976;0.11994055411021574527743991756382144078868196233435984670192344067981588044015747,0.000016494374412826278602077776244011448576384565316945154593264185386175113925395011;0.000016494374412826278602077776244011448576384565316945154593264185386175113925395011;0.000016494374412826278602077776244011448576384565316945154593264185386175113925395011;0.000016494374412826278602077776244011448576384565316945154593264185386175113925395011;0.000016494374412826278602077776244011448576384565316945154593264185386175113925395011;0.000016494374412826278602077776244011448576384565316945154593264185386175113925395011;0.000016494374412826278602077776244011448576384565316945154593264185386175113925395011;0.000016494374412826278602077776244011448576384565316945154593264185386175113925395011,0.000016494374412826278602077776244011448576384565316945154593264185386175113925395011;-0.000016494374412826278602077776244011448576384565316945154593264185386175113925395011;-0.000016494374412826278602077776244011448576384565316945154593264185386175113925395011;0.000016494374412826278602077776244011448576384565316945154593264185386175113925395011,C6H12_s,-4.782664151425679,360,1e-260,validated_single_precision,True,unresolved_five
timo,timo_branch_01,timo__Ha_dominant__stage_02,Ha_dominant,2.5308383282223382747638818536999537877293666204827879385124434100278226040772824e-29;0.000000000000020145487584699898850853014535332603936847540860352698407561329895213189147683111;0.00000000000064710731919926133512822386282575812117211461141615317173690591510868256620417387;0.0000000000012690719044452528527206160433475535446727680589792399326076257535847434467216781;0.99999999999806355018450946509238771917381626057380338662261372447219268182876474;2.2439946228425899845323915350900548877726564094881314907655136529131874579949397e-35;1.0513620707386565635982384681111750812208185904536634260469087790015438573162018e-33;4.5548569301354934078991247715024998926093787423374564621085081923581971993156003e-39;2.2439946228425899845323915350900548877726564094881314907655136529131874579949397e-35;0.00000000000000012510426132079560310837673365997027728233493305410008008280349071801525078668008,0.0000000000000050307438100417444214844066784391476033584989557661153748566728768176953635255624;0.00000014193480047098968803336928602610661107116189434162833795844730896609941475159639;0.00000080442980998999431433816141493647587794237297652785685032710492473708393945970443;0.00000112653091588635829935494158663603626917963352187777778995880650154085004809574;1.0000000000000184902801689299537737131530828461458849320040229145510993442368473;0.0000000000000000047370820373379838181730965391588795634886071741752706549725686922864122216565585;0.000000000000000032424713888340346517424236599059910378569731878594980704056054405869410605309913;0.000000000000000000067489680175153312849045520979196915637041807489900845017540384549409060565326484;0.0000000000000000047370820373379838181730965391588795634886071741752706549725686922864122216565585;0.000000011185001623649523979438378386643440850163670126337389663215295991587069480297794,6.4713015888825497205939385682027408226490222762804471051333890466638215548558774e-58;6.4713015888825497205939385682027408226490222762804471051333890466638215548558774e-58;6.4713015888825497205939385682027408226490222762804471051333890466638215548558774e-58;6.4713015888825497205939385682027408226490222762804471051333890466638215548558774e-58;6.4713015888825497205939385682027408226490222762804471051333890466638215548558774e-58;6.4713015888825497205939385682027408226490222762804471051333890466638215548558774e-58;6.4713015888825497205939385682027408226490222762804471051333890466638215548558774e-58;6.4713015888825497205939385682027408226490222762804471051333890466638215548558774e-58,6.4713015888825497205939385682027408226490222762804471051333890466638215548558774e-58;-6.4713015888825497205939385682027408226490222762804471051333890466638215548558774e-58;-6.4713015888825497205939385682027408226490222762804471051333890466638215548558774e-58;6.4713015888825497205939385682027408226490222762804471051333890466638215548558774e-58,Ha_s,-57.18900835982307,360.0,1e-260,validated_single_precision,True,original_replay
timo,timo_branch_02,timo__Hb_dominant__stage_02,Hb_dominant,1.4917456263490728868507640115843855558115750222476030840152373947212536811124961e-29;0.000000000000011874303727750535974401946331196875286725416806290599281874964786098872008094037;0.00000000000038142282832897292114909770210009194010360015503659363559765928702372799941103308;0.00000000000074802583865890686748944827012305251998611587054330027300001332369572299608143946;0.00000000000000000000038986034180075983755727482749467199762678650602351923394733683092550323598430939;0.99999999999792167604419680671589495842099628794756041427647114523015835073172007;0.00000000000093692318574090169136801272003847458387968077667680724200865747636410820183010911;0.0000000000000000040590688824264660837426261779729938296412871721078673832006502978844346235183614;2.4439534857338046864856848049532161054512680196636515842654362877849040679901406e-49;0.000000000000000073739887918484939781096736714463942926401134668379298223078841283529875661558178,0.0000000000000038623122949234728698423914139999878163044569341154584411469131274147525516385663;0.00000010896927882560050536760838233721585364741141905139991518221937063533919211905742;0.00000061759438819474813147331732445508131374271559346471637342993884418973916340897235;0.00000086488487017650239552820051047719891100272568345193528759035554680392619357948824;0.000000000019744881407631878690983982121858564900860468770784545424341792720133042478628007;0.99999999999984218148361475520811961494403343488746604079890596854400601144783739;0.00000096794792511919420592858884703770424336631665015768809367464167023434993980205221;0.0000000020147131017675000346841758460404400692474288908390110133330536624970932169665327;0.00000000000000000000000049436357933590866533142712314799780541204235513844419941666546376176852007459586;0.000000008587193250335928017989112549643552954458279733032192177426787759483068145141937,2.0035678849418737113830732156297238159993516420497624984510013251922735205940316e-37;2.0035678849418737113830732156297238159993516420497624984510013251922735205940316e-37;2.0035678849418737113830732156297238159993516420497624984510013251922735205940316e-37;2.0035678849418737113830732156297238159993516420497624984510013251922735205940316e-37;2.0035678849418737113830732156297238159993516420497624984510013251922735205940316e-37;2.0035678849418737113830732156297238159993516420497624984510013251922735205940316e-37;2.0035678849418737113830732156297238159993516420497624984510013251922735205940316e-37;2.0035678849418737113830732156297238159993516420497624984510013251922735205940316e-37,2.0035678849418737113830732156297238159993516420497624984510013251922735205940316e-37;-2.0035678849418737113830732156297238159993516420497624984510013251922735205940316e-37;-2.0035678849418737113830732156297238159993516420497624984510013251922735205940316e-37;2.0035678849418737113830732156297238159993516420497624984510013251922735205940316e-37,Hb_s,-36.69819593820448,360.0,1e-260,validated_single_precision,True,original_replay
timo,timo_branch_03,timo__O_dominant__stage_02,O_dominant,1.4917456263490728868507640115843855558115750222476030840152373947212536811124961e-29;0.000000000000011874303727750535974401946331196875286725416806290599281874964786098872008094037;0.00000000000038142282832897292114909770210009194010360015503659363559765928702372799941103308;0.00000000000074802583865890686748944827012305251998611587054330027300001332369572299608143946;0.00000000000000000000038986034180075983755727482749467199762678650602351923394733683092550323598430939;2.4439534857338046864856848049532161054512680196636515842654362877849040679901406e-49;0.00000000000093692318574090169136801272003847458387968077667680724200865747636410820183010911;0.0000000000000000040590688824264660837426261779729938296412871721078673832006502978844346235183614;0.99999999999792167604419680671589495842099628794756041427647114523015835073172007;0.000000000000000073739887918484939781096736714463942926401134668379298223078841283529875661558178,0.0000000000000038623122949234728698423914139999878163044569341154584411469131274147525516385663;0.00000010896927882560050536760838233721585364741141905139991518221937063533919211905742;0.00000061759438819474813147331732445508131374271559346471637342993884418973916340897235;0.00000086488487017650239552820051047719891100272568345193528759035554680392619357948824;0.000000000019744881407631878690983982121858564900860468770784545424341792720133042478628007;0.00000000000000000000000049436357933590866533142712314799780541204235513844419941666546376176852007459586;0.00000096794792511919420592858884703770424336631665015768809367464167023434993980205221;0.0000000020147131017675000346841758460404400692474288908390110133330536624970932169665327;0.99999999999984218148361475520811961494403343488746604079890596854400601144783739;0.000000008587193250335928017989112549643552954458279733032192177426787759483068145141937,2.0035678849418737113830732156297238159993516420497624984510013251922735205940316e-37;2.0035678849418737113830732156297238159993516420497624984510013251922735205940316e-37;2.0035678849418737113830732156297238159993516420497624984510013251922735205940316e-37;2.0035678849418737113830732156297238159993516420497624984510013251922735205940316e-37;2.0035678849418737113830732156297238159993516420497624984510013251922735205940316e-37;2.0035678849418737113830732156297238159993516420497624984510013251922735205940316e-37;2.0035678849418737113830732156297238159993516420497624984510013251922735205940316e-37;2.0035678849418737113830732156297238159993516420497624984510013251922735205940316e-37,2.0035678849418737113830732156297238159993516420497624984510013251922735205940316e-37;-2.0035678849418737113830732156297238159993516420497624984510013251922735205940316e-37;-2.0035678849418737113830732156297238159993516420497624984510013251922735205940316e-37;2.0035678849418737113830732156297238159993516420497624984510013251922735205940316e-37,O_s,-36.69819593820448,360.0,1e-260,validated_single_precision,True,original_replay
tini,tini_branch_01,historical_five_resume_20261011__tini__Ha_dominant__stage_02,Ha_dominant,1.7711139784553629399507215113769910352242537010327707077863925824951513976643209e-34;0.00000000000000029599470748267508452352814819970290110154708984347653938782244188774569635777366;0.00000000000048850510635629919624660164091706994245842585319042238327761306796744037154317779;0.0000000000012632156205908095286011566023468907552023222137945377784033652561306724474723141;0.99999999999824798207824953739473269871830337293807102689517221721976460139828315;1.6375168693596643859026962061554285602584507618359955100890983859918584789382119e-32;1.2676752180481797985735253687511524618125741000978539939650476418256401904402468e-32;0.00000000000000000000000051742959922234779320832483792013665766869318046786608761322217467814302825845912;1.6375168693596643859026962061554285602584507618359955100890983859918584789382119e-32;0.0000000000000000012000953537756901929615257377145314191041335526539077474074814330856573155871374,0.000000000000000013308320624552774078897727786734221060855896169871803891627499200415473963339226;0.000000017204496722754707544968751712308534299080394512215648128715342771591740879393068;0.00000069893140318438501799654392830862111589257604144240861688027212899416147721725068;0.0000011239286545832792925429900981249528923966833813110761697112727380182548119091936;1.0000000000001415560711663386695063001004946875387280114989037952743299337659735;0.0000000000000001279654980595549804119583727548111036691083693631951682117660126271227400844289;0.00000000000000011259108392989027808053325092548833926688319267293389518546291528695565569694227;0.00000000000071932579491034577366554240072147894187147295939562866223854638007881949791143123;0.0000000000000001279654980595549804119583727548111036691083693631951682117660126271227400844289;0.0000000010954886369917912311927056783350970903843951629989740319486480923273025489692094,1.9153497606327719018860447396995671636039356715920114853269516359087083264861379e-53;1.9153497606327719018860447396995671636039356715920114853269516359087083264861379e-53;1.9153497606327719018860447396995671636039356715920114853269516359087083264861379e-53;1.9153497606327719018860447396995671636039356715920114853269516359087083264861379e-53;1.9153497606327719018860447396995671636039356715920114853269516359087083264861379e-53;1.9153497606327719018860447396995671636039356715920114853269516359087083264861379e-53;1.9153497606327719018860447396995671636039356715920114853269516359087083264861379e-53;1.9153497606327719018860447396995671636039356715920114853269516359087083264861379e-53,1.9153497606327719018860447396995671636039356715920114853269516359087083264861379e-53;-1.9153497606327719018860447396995671636039356715920114853269516359087083264861379e-53;-1.9153497606327719018860447396995671636039356715920114853269516359087083264861379e-53;1.9153497606327719018860447396995671636039356715920114853269516359087083264861379e-53,Ha_s,-52.71775190825261,360,1e-260,validated_single_precision,True,historical_five_resume_20261011
tini,tini_branch_02,historical_five_resume_20261011__tini__Hb_dominant__stage_02,Hb_dominant,4.3222736806467254781812467523556600877520751087938557950958137522423625265459696e-35;0.000000000000000072235336027264971453184475202486658756460938593814894380907375761425289777541559;0.00000000000011921608601987417140109733043483413629825132674809900430947797644685839231221416;0.00000000000030827850134316364972206475811981155228875879088030814261388810590105953376310333;0.000000000000030056070096369200279092300180773259127236483459148880962319556204712510859458407;0.99999999999851707768720143729542779806116574736327849951044065731340031905934074;0.000000000000000000025119287042290351689530882427212189094965855746803011190242646200168230604306903;0.0000000000010252991020093779032109039903063702667785960468028492557546038777333360091373164;1.2647331881997765106800296944172252611339473559820965029953492820573683833678614e-52;0.00000000000000000029287446347269719546304957204110280399997814430701005380303435404685250833136059,0.0000000000000000065744001100159898349288538710582259832077822928544172165205549295721066437314965;0.0000000084991373696070171213050638592782524829024957463109896583787932840904163085062376;0.00000034527682519998405141418199300866132514184751576016741350952325118880413921695052;0.00000055522833261997299606127429634661407785101232318725473574620525777354888631107092;0.00000017336686562445082793227128992577271502971556172974525928905958995878021727660743;1.0000000000005426368834231194688124443751399635718383539917812250112389090260682;-0.00000000015849065285484460690235903024981177112978386884988383469609931400316440561428053;0.0000010125705417461101867017833803406423847719445892491761337767777775161370709548728;1.1246035693536743321373367824541175333872154388457416506570301159281046470451676e-26;0.00000000054117877219404065841141090817956223384818360628008538797139219586098963224994442,2.260366714728640191886203226234475044095129948943349608220723716175128727098896e-42;2.260366714728640191886203226234475044095129948943349608220723716175128727098896e-42;2.260366714728640191886203226234475044095129948943349608220723716175128727098896e-42;2.260366714728640191886203226234475044095129948943349608220723716175128727098896e-42;2.260366714728640191886203226234475044095129948943349608220723716175128727098896e-42;2.260366714728640191886203226234475044095129948943349608220723716175128727098896e-42;2.260366714728640191886203226234475044095129948943349608220723716175128727098896e-42;2.260366714728640191886203226234475044095129948943349608220723716175128727098896e-42,2.260366714728640191886203226234475044095129948943349608220723716175128727098896e-42;-2.260366714728640191886203226234475044095129948943349608220723716175128727098896e-42;-2.260366714728640191886203226234475044095129948943349608220723716175128727098896e-42;2.260366714728640191886203226234475044095129948943349608220723716175128727098896e-42,Hb_s,-41.64582109657681,360,1e-260,validated_single_precision,True,historical_five_resume_20261011
tini,tini_branch_03,historical_five_resume_20261011__tini__OH_dominant__stage_03,OH_dominant,7.9934200940824542182178713746514169463354521765364289390816237762000509006328223e-38;0.00000000000000000013358880745763948053609760199770068506728019616471823891124768481178806430865619;0.00000000000000022047291031014473192817234056774161339996216050788979795359881368952021205524388;0.00000000000000057011650563537674326220008522463248655783311106400390293625721827217329018676117;0.99588906057746014354977556799700137030646681909833032908254346620846984672372934;0.004110939422539065726678050058484104449074421350490444346188750328178252934551282;2.592801640754783228121153274356298864888596626060751341704493244922313426509651e-39;1.058309174730434892228347980100263732603388047129315789984406499782825861651305e-31;5.8249145693370828917918924946200556207353723327523417787081439822602232188173188e-72;0.00000000000000000000054162896529402333593531910857642350040612201080195861656911031389948476576664194,46952.774011889870579311285223897312337347499548415254186918036563643311210085385;60698781566885.17178754003018899775774262027049031206207340196817996683942348918;2465883498702701.3429573607438612445562278267056770383892210217699853623357096488;3965306338260056.0710947388589532312165831813413548194692316914437000343440522556;165729728097842677843911.35646519518789456909061561845212649373816364476975694418;10647937063842455717835.822476582453972391323776150882478782369076143159656673534;8456.2844523809225364508276124521929547841581076238919837314869504499827383646387;54025801.363495523466090908828972630336935451301972804856101236994298013994743743;0.00000000000040081107849756719775411325618413346430454285342086195186471313855129967321425722;3864967778907.6670538409096827928218616249254564420523057427154700030033330523954,7.9796094989431504149967556299982981151220151032228310716382751579640752546270678e-67;7.9796094989431504149967556299982981151220151032228310716382751579640752546270678e-67;7.9796094989431504149967556299982981151220151032228310716382751579640752546270678e-67;7.9796094989431504149967556299982981151220151032228310716382751579640752546270678e-67;7.9796094989431504149967556299982981151220151032228310716382751579640752546270678e-67;7.9796094989431504149967556299982981151220151032228310716382751579640752546270678e-67;7.9796094989431504149967556299982981151220151032228310716382751579640752546270678e-67;7.9796094989431504149967556299982981151220151032228310716382751579640752546270678e-67,7.9796094989431504149967556299982981151220151032228310716382751579640752546270678e-67;-7.9796094989431504149967556299982981151220151032228310716382751579640752546270678e-67;-7.9796094989431504149967556299982981151220151032228310716382751579640752546270678e-67;7.9796094989431504149967556299982981151220151032228310716382751579640752546270678e-67,Ha_s,-66.09801836135651,460,1e-340,validated_single_precision,True,historical_five_resume_20261011
tini,tini_branch_03,historical_five_resume_20261011__tini__OOH_OH_mix__stage_03,OOH_OH_mix,7.9934200940824542182178713746514169463354521765364289390816237762000509006328223e-38;0.00000000000000000013358880745763948053609760199770068506728019616471823891124768481178806430865619;0.00000000000000022047291031014473192817234056774161339996216050788979795359881368952021205524388;0.00000000000000057011650563537674326220008522463248655783311106400390293625721827217329018676117;0.99588906057746014354977556799700137030646681909833032908254346620846984672372934;0.004110939422539065726678050058484104449074421350490444346188750328178252934551282;2.592801640754783228121153274356298864888596626060751341704493244922313426509651e-39;1.058309174730434892228347980100263732603388047129315789984406499782825861651305e-31;5.8249145693370828917918924946200556207353723327523417787081439822602232188173188e-72;0.00000000000000000000054162896529402333593531910857642350040612201080195861656911031389948476576664194,46952.774011889870579311285223897312337347499548415254186918036563643311210085385;60698781566885.17178754003018899775774262027049031206207340196817996683942348918;2465883498702701.3429573607438612445562278267056770383892210217699853623357096488;3965306338260056.0710947388589532312165831813413548194692316914437000343440522556;165729728097842677843911.35646519518789456909061561845212649373816364476975694418;10647937063842455717835.822476582453972391323776150882478782369076143159656673534;8456.2844523809225364508276124521929547841581076238919837314869504499827383646387;54025801.363495523466090908828972630336935451301972804856101236994298013994743743;0.00000000000040081107849756719775411325618413346430454285342086195186471313855129967321425722;3864967778907.6670538409096827928218616249254564420523057427154700030033330523954,7.9796094989431504149967556299982981151220151032228310716382751579640752546270678e-67;7.9796094989431504149967556299982981151220151032228310716382751579640752546270678e-67;7.9796094989431504149967556299982981151220151032228310716382751579640752546270678e-67;7.9796094989431504149967556299982981151220151032228310716382751579640752546270678e-67;7.9796094989431504149967556299982981151220151032228310716382751579640752546270678e-67;7.9796094989431504149967556299982981151220151032228310716382751579640752546270678e-67;7.9796094989431504149967556299982981151220151032228310716382751579640752546270678e-67;7.9796094989431504149967556299982981151220151032228310716382751579640752546270678e-67,7.9796094989431504149967556299982981151220151032228310716382751579640752546270678e-67;-7.9796094989431504149967556299982981151220151032228310716382751579640752546270678e-67;-7.9796094989431504149967556299982981151220151032228310716382751579640752546270678e-67;7.9796094989431504149967556299982981151220151032228310716382751579640752546270678e-67,Ha_s,-66.09801836135651,460,1e-340,validated_single_precision,True,historical_five_resume_20261011
tini,tini_branch_03,historical_five_resume_20261011__tini__OOH_dominant__stage_03,OOH_dominant,7.9934200940824542182178713746514169463354521765364289390816237762000509006328223e-38;0.00000000000000000013358880745763948053609760199770068506728019616471823891124768481178806430865619;0.00000000000000022047291031014473192817234056774161339996216050788979795359881368952021205524388;0.00000000000000057011650563537674326220008522463248655783311106400390293625721827217329018676117;0.99588906057746014354977556799700137030646681909833032908254346620846984672372934;0.004110939422539065726678050058484104449074421350490444346188750328178252934551282;2.592801640754783228121153274356298864888596626060751341704493244922313426509651e-39;1.058309174730434892228347980100263732603388047129315789984406499782825861651305e-31;5.8249145693370828917918924946200556207353723327523417787081439822602232188173188e-72;0.00000000000000000000054162896529402333593531910857642350040612201080195861656911031389948476576664194,46952.774011889870579311285223897312337347499548415254186918036563643311210085385;60698781566885.17178754003018899775774262027049031206207340196817996683942348918;2465883498702701.3429573607438612445562278267056770383892210217699853623357096488;3965306338260056.0710947388589532312165831813413548194692316914437000343440522556;165729728097842677843911.35646519518789456909061561845212649373816364476975694418;10647937063842455717835.822476582453972391323776150882478782369076143159656673534;8456.2844523809225364508276124521929547841581076238919837314869504499827383646387;54025801.363495523466090908828972630336935451301972804856101236994298013994743743;0.00000000000040081107849756719775411325618413346430454285342086195186471313855129967321425722;3864967778907.6670538409096827928218616249254564420523057427154700030033330523954,7.9796094989431504149967556299982981151220151032228310716382751579640752546270678e-67;7.9796094989431504149967556299982981151220151032228310716382751579640752546270678e-67;7.9796094989431504149967556299982981151220151032228310716382751579640752546270678e-67;7.9796094989431504149967556299982981151220151032228310716382751579640752546270678e-67;7.9796094989431504149967556299982981151220151032228310716382751579640752546270678e-67;7.9796094989431504149967556299982981151220151032228310716382751579640752546270678e-67;7.9796094989431504149967556299982981151220151032228310716382751579640752546270678e-67;7.9796094989431504149967556299982981151220151032228310716382751579640752546270678e-67,7.9796094989431504149967556299982981151220151032228310716382751579640752546270678e-67;-7.9796094989431504149967556299982981151220151032228310716382751579640752546270678e-67;-7.9796094989431504149967556299982981151220151032228310716382751579640752546270678e-67;7.9796094989431504149967556299982981151220151032228310716382751579640752546270678e-67,Ha_s,-66.09801836135651,460,1e-340,validated_single_precision,True,historical_five_resume_20261011
tini,tini_branch_03,historical_five_resume_20261011__tini__alkene_OOH_mix__stage_02,alkene_OOH_mix,7.9934200940824542182178713746514169463354521765364289390816237762000509006328223e-38;0.00000000000000000013358880745763948053609760199770068506728019616471823891124768481178806430865619;0.00000000000000022047291031014473192817234056774161339996216050788979795359881368952021205524388;0.00000000000000057011650563537674326220008522463248655783311106400390293625721827217329018676117;0.99588906057746014354977556799700137030646681909833032908254346620846984672372934;0.004110939422539065726678050058484104449074421350490444346188750328178252934551282;2.592801640754783228121153274356298864888596626060751341704493244922313426509651e-39;1.058309174730434892228347980100263732603388047129315789984406499782825861651305e-31;5.8249145693370828917918924946200556207353723327523417787081439822602232188173188e-72;0.00000000000000000000054162896529402333593531910857642350040612201080195861656911031389948476576664194,46952.774011889870579311285223897312337347499548415254186918036563643311210085385;60698781566885.17178754003018899775774262027049031206207340196817996683942348918;2465883498702701.3429573607438612445562278267056770383892210217699853623357096488;3965306338260056.0710947388589532312165831813413548194692316914437000343440522556;165729728097842677843911.35646519518789456909061561845212649373816364476975694418;10647937063842455717835.822476582453972391323776150882478782369076143159656673534;8456.2844523809225364508276124521929547841581076238919837314869504499827383646387;54025801.363495523466090908828972630336935451301972804856101236994298013994743743;0.00000000000040081107849756719775411325618413346430454285342086195186471313855129967321425722;3864967778907.6670538409096827928218616249254564420523057427154700030033330523954,7.9796094989431504149967556299982981151220151032228310716382751579640752546270678e-67;7.9796094989431504149967556299982981151220151032228310716382751579640752546270678e-67;7.9796094989431504149967556299982981151220151032228310716382751579640752546270678e-67;7.9796094989431504149967556299982981151220151032228310716382751579640752546270678e-67;7.9796094989431504149967556299982981151220151032228310716382751579640752546270678e-67;7.9796094989431504149967556299982981151220151032228310716382751579640752546270678e-67;7.9796094989431504149967556299982981151220151032228310716382751579640752546270678e-67;7.9796094989431504149967556299982981151220151032228310716382751579640752546270678e-67,7.9796094989431504149967556299982981151220151032228310716382751579640752546270678e-67;-7.9796094989431504149967556299982981151220151032228310716382751579640752546270678e-67;-7.9796094989431504149967556299982981151220151032228310716382751579640752546270678e-67;7.9796094989431504149967556299982981151220151032228310716382751579640752546270678e-67,Ha_s,-66.09801836135651,360,1e-260,validated_single_precision,True,historical_five_resume_20261011
tini,tini_branch_03,historical_five_resume_20261011__tini__alkene_dominant__stage_03,alkene_dominant,7.9934200940824542182178713746514169463354521765364289390816237762000509006328223e-38;0.00000000000000000013358880745763948053609760199770068506728019616471823891124768481178806430865619;0.00000000000000022047291031014473192817234056774161339996216050788979795359881368952021205524388;0.00000000000000057011650563537674326220008522463248655783311106400390293625721827217329018676117;0.99588906057746014354977556799700137030646681909833032908254346620846984672372934;0.004110939422539065726678050058484104449074421350490444346188750328178252934551282;2.592801640754783228121153274356298864888596626060751341704493244922313426509651e-39;1.058309174730434892228347980100263732603388047129315789984406499782825861651305e-31;5.8249145693370828917918924946200556207353723327523417787081439822602232188173188e-72;0.00000000000000000000054162896529402333593531910857642350040612201080195861656911031389948476576664194,46952.774011889870579311285223897312337347499548415254186918036563643311210085385;60698781566885.17178754003018899775774262027049031206207340196817996683942348918;2465883498702701.3429573607438612445562278267056770383892210217699853623357096488;3965306338260056.0710947388589532312165831813413548194692316914437000343440522556;165729728097842677843911.35646519518789456909061561845212649373816364476975694418;10647937063842455717835.822476582453972391323776150882478782369076143159656673534;8456.2844523809225364508276124521929547841581076238919837314869504499827383646387;54025801.363495523466090908828972630336935451301972804856101236994298013994743743;0.00000000000040081107849756719775411325618413346430454285342086195186471313855129967321425722;3864967778907.6670538409096827928218616249254564420523057427154700030033330523954,7.9796094989431504149967556299982981151220151032228310716382751579640752546270678e-67;7.9796094989431504149967556299982981151220151032228310716382751579640752546270678e-67;7.9796094989431504149967556299982981151220151032228310716382751579640752546270678e-67;7.9796094989431504149967556299982981151220151032228310716382751579640752546270678e-67;7.9796094989431504149967556299982981151220151032228310716382751579640752546270678e-67;7.9796094989431504149967556299982981151220151032228310716382751579640752546270678e-67;7.9796094989431504149967556299982981151220151032228310716382751579640752546270678e-67;7.9796094989431504149967556299982981151220151032228310716382751579640752546270678e-67,7.9796094989431504149967556299982981151220151032228310716382751579640752546270678e-67;-7.9796094989431504149967556299982981151220151032228310716382751579640752546270678e-67;-7.9796094989431504149967556299982981151220151032228310716382751579640752546270678e-67;7.9796094989431504149967556299982981151220151032228310716382751579640752546270678e-67,Ha_s,-66.09801836135651,460,1e-340,validated_single_precision,True,historical_five_resume_20261011
tini,tini_branch_03,historical_five_resume_20261011__tini__vacant__stage_03,vacant,7.9934200940824542182178713746514169463354521765364289390816237762000509006328223e-38;0.00000000000000000013358880745763948053609760199770068506728019616471823891124768481178806430865619;0.00000000000000022047291031014473192817234056774161339996216050788979795359881368952021205524388;0.00000000000000057011650563537674326220008522463248655783311106400390293625721827217329018676117;0.99588906057746014354977556799700137030646681909833032908254346620846984672372934;0.004110939422539065726678050058484104449074421350490444346188750328178252934551282;2.592801640754783228121153274356298864888596626060751341704493244922313426509651e-39;1.058309174730434892228347980100263732603388047129315789984406499782825861651305e-31;5.8249145693370828917918924946200556207353723327523417787081439822602232188173188e-72;0.00000000000000000000054162896529402333593531910857642350040612201080195861656911031389948476576664194,46952.774011889870579311285223897312337347499548415254186918036563643311210085385;60698781566885.17178754003018899775774262027049031206207340196817996683942348918;2465883498702701.3429573607438612445562278267056770383892210217699853623357096488;3965306338260056.0710947388589532312165831813413548194692316914437000343440522556;165729728097842677843911.35646519518789456909061561845212649373816364476975694418;10647937063842455717835.822476582453972391323776150882478782369076143159656673534;8456.2844523809225364508276124521929547841581076238919837314869504499827383646387;54025801.363495523466090908828972630336935451301972804856101236994298013994743743;0.00000000000040081107849756719775411325618413346430454285342086195186471313855129967321425722;3864967778907.6670538409096827928218616249254564420523057427154700030033330523954,7.9796094989431504149967556299982981151220151032228310716382751579640752546270678e-67;7.9796094989431504149967556299982981151220151032228310716382751579640752546270678e-67;7.9796094989431504149967556299982981151220151032228310716382751579640752546270678e-67;7.9796094989431504149967556299982981151220151032228310716382751579640752546270678e-67;7.9796094989431504149967556299982981151220151032228310716382751579640752546270678e-67;7.9796094989431504149967556299982981151220151032228310716382751579640752546270678e-67;7.9796094989431504149967556299982981151220151032228310716382751579640752546270678e-67;7.9796094989431504149967556299982981151220151032228310716382751579640752546270678e-67,7.9796094989431504149967556299982981151220151032228310716382751579640752546270678e-67;-7.9796094989431504149967556299982981151220151032228310716382751579640752546270678e-67;-7.9796094989431504149967556299982981151220151032228310716382751579640752546270678e-67;7.9796094989431504149967556299982981151220151032228310716382751579640752546270678e-67,Ha_s,-66.09801836135651,460,1e-340,validated_single_precision,True,historical_five_resume_20261011
tini,tini_branch_03,historical_five_resume_20261011__tini__water_dominant__stage_03,water_dominant,7.9934200940824542182178713746514169463354521765364289390816237762000509006328223e-38;0.00000000000000000013358880745763948053609760199770068506728019616471823891124768481178806430865619;0.00000000000000022047291031014473192817234056774161339996216050788979795359881368952021205524388;0.00000000000000057011650563537674326220008522463248655783311106400390293625721827217329018676117;0.99588906057746014354977556799700137030646681909833032908254346620846984672372934;0.004110939422539065726678050058484104449074421350490444346188750328178252934551282;2.592801640754783228121153274356298864888596626060751341704493244922313426509651e-39;1.058309174730434892228347980100263732603388047129315789984406499782825861651305e-31;5.8249145693370828917918924946200556207353723327523417787081439822602232188173188e-72;0.00000000000000000000054162896529402333593531910857642350040612201080195861656911031389948476576664194,46952.774011889870579311285223897312337347499548415254186918036563643311210085385;60698781566885.17178754003018899775774262027049031206207340196817996683942348918;2465883498702701.3429573607438612445562278267056770383892210217699853623357096488;3965306338260056.0710947388589532312165831813413548194692316914437000343440522556;165729728097842677843911.35646519518789456909061561845212649373816364476975694418;10647937063842455717835.822476582453972391323776150882478782369076143159656673534;8456.2844523809225364508276124521929547841581076238919837314869504499827383646387;54025801.363495523466090908828972630336935451301972804856101236994298013994743743;0.00000000000040081107849756719775411325618413346430454285342086195186471313855129967321425722;3864967778907.6670538409096827928218616249254564420523057427154700030033330523954,7.9796094989431504149967556299982981151220151032228310716382751579640752546270678e-67;7.9796094989431504149967556299982981151220151032228310716382751579640752546270678e-67;7.9796094989431504149967556299982981151220151032228310716382751579640752546270678e-67;7.9796094989431504149967556299982981151220151032228310716382751579640752546270678e-67;7.9796094989431504149967556299982981151220151032228310716382751579640752546270678e-67;7.9796094989431504149967556299982981151220151032228310716382751579640752546270678e-67;7.9796094989431504149967556299982981151220151032228310716382751579640752546270678e-67;7.9796094989431504149967556299982981151220151032228310716382751579640752546270678e-67,7.9796094989431504149967556299982981151220151032228310716382751579640752546270678e-67;-7.9796094989431504149967556299982981151220151032228310716382751579640752546270678e-67;-7.9796094989431504149967556299982981151220151032228310716382751579640752546270678e-67;7.9796094989431504149967556299982981151220151032228310716382751579640752546270678e-67,Ha_s,-66.09801836135651,460,1e-340,validated_single_precision,True,historical_five_resume_20261011
tini,tini_branch_04,historical_five_resume_20261011__tini__OOH_O_mix__stage_02,OOH_O_mix,0.000000000000000000000010459126721523458066988146578708158879424203104292936259137604444320928801434773;0.0000000048255453164734939349651686426436617434188184630454818415368354382369238250474677;0.0000079640056678682370277927602413753063646593943748748801453547189354632392969411938;0.000020593963566037504836119051117833623413168970454487766125008186116911436765063596;0.00000000027509715195534816424017141868622198311450185774322534418855787757982625627089798;4.4891004782317676073228321839213218016780802212767567990869112008623355362959986e-27;0.000000012247482047515486971288079528707734708097034928953924114045472843951374000118116;0.49990799186913936880908226134778197631596092033839656695727861755874730794764892;0.50006343279393728362146064201000518795852456397021268142428968378131196459771665;0.000000000019564925883253650721612035068283657226795247149328810102837678797432404332527044,0.0000000000032452546413159361160704794698999415518403181919756362195270008484177050099567618;0.000069706658795354210531718998497124601576760727507244014720262265870740202705270321;0.0028318278429321709547874279133324667690621984771871723926852611029256060409096178;0.0045537694300431631618217613833337522126106294943310880538355474202612752626500827;-0.0000166434790767801556713733484819267017037534943442225287142835194947851623400229;0.000000000000067232727543128491916124973785996614632719060232599561500104751781772225197873153;-0.00011105151124820609603938530708573614253277369591532668732412795208095377977853946;0.70948971985892303187402061294491391267088145753628922999613332392388451129974396;0.70960001532172315184581946330300275998830691656359091217505921406166295466689865;0.0000044385403341660528978681472400259351155106577461962839117644087114445832237138296,0.0000000000000049182636753486670381781741053896966986666708077862060869677566196883262686746275;0.0000000000000049182636753486670381781741053896966986666708077862060869677566196883262686746275;0.0000000000000049182636753486670381781741053896966986666708077862060869677566196883262686746275;0.0000000000000049182636753486670381781741053896966986666708077862060869677566196883262686746275;0.0000000000000049182636753486670381781741053896966986666708077862060869677566196883262686746275;0.0000000000000049182636753486670381781741053896966986666708077862060869677566196883262686746275;0.0000000000000049182636753486670381781741053896966986666708077862060869677566196883262686746275;0.0000000000000049182636753486670381781741053896966986666708077862060869677566196883262686746275,0.0000000000000049182636753486670381781741053896966986666708077862060869677566196883262686746275;-0.0000000000000049182636753486670381781741053896966986666708077862060869677566196883262686746275;-0.0000000000000049182636753486670381781741053896966986666708077862060869677566196883262686746275;0.0000000000000049182636753486670381781741053896966986666708077862060869677566196883262686746275,O_s,-14.308188191807288,360,1e-260,validated_single_precision,True,historical_five_resume_20261011
tini,tini_branch_05,historical_five_resume_20261011__tini__O_dominant__stage_02,O_dominant,4.3222736806467254781812467523556600877520751087938557950958137522423625265459696e-35;0.000000000000000072235336027264971453184475202486658756460938593814894380907375761425289777541559;0.00000000000011921608601987417140109733043483413629825132674809900430947797644685839231221416;0.00000000000030827850134316364972206475811981155228875879088030814261388810590105953376310333;0.000000000000030056070096369200279092300180773259127236483459148880962319556204712510859458407;1.2647331881997765106800296944172252611339473559820965029953492820573683833678614e-52;0.000000000000000000025119287042290351689530882427212189094965855746803011190242646200168230604306903;0.0000000000010252991020093779032109039903063702667785960468028492557546038777333360091373164;0.99999999999851707768720143729542779806116574736327849951044065731340031905934074;0.00000000000000000029287446347269719546304957204110280399997814430701005380303435404685250833136059,0.0000000000000000065744001100159898349288538710582259832077822928544172165205549295721066437314965;0.0000000084991373696070171213050638592782524829024957463109896583787932840904163085062376;0.00000034527682519998405141418199300866132514184751576016741350952325118880413921695052;0.00000055522833261997299606127429634661407785101232318725473574620525777354888631107092;0.00000017336686562445082793227128992577271502971556172974525928905958995878021727660743;1.1246035693536743321373367824541175333872154388457416506570301159281046470451676e-26;-0.00000000015849065285484460690235903024981177112978386884988383469609931400316440561428053;0.0000010125705417461101867017833803406423847719445892491761337767777775161370709548728;1.0000000000005426368834231194688124443751399635718383539917812250112389090260682;0.00000000054117877219404065841141090817956223384818360628008538797139219586098963224994442,2.260366714728640191886203226234475044095129948943349608220723716175128727098896e-42;2.260366714728640191886203226234475044095129948943349608220723716175128727098896e-42;2.260366714728640191886203226234475044095129948943349608220723716175128727098896e-42;2.260366714728640191886203226234475044095129948943349608220723716175128727098896e-42;2.260366714728640191886203226234475044095129948943349608220723716175128727098896e-42;2.260366714728640191886203226234475044095129948943349608220723716175128727098896e-42;2.260366714728640191886203226234475044095129948943349608220723716175128727098896e-42;2.260366714728640191886203226234475044095129948943349608220723716175128727098896e-42,2.260366714728640191886203226234475044095129948943349608220723716175128727098896e-42;-2.260366714728640191886203226234475044095129948943349608220723716175128727098896e-42;-2.260366714728640191886203226234475044095129948943349608220723716175128727098896e-42;2.260366714728640191886203226234475044095129948943349608220723716175128727098896e-42,O_s,-41.64582109657681,360,1e-260,validated_single_precision,True,historical_five_resume_20261011
tini,tini_branch_06,historical_five_resume_20261011__tini__balanced_adsorbates__stage_02,balanced_adsorbates,0.00000000000000061759248841241009611756423829197667572102902965606495052429910493453760073588178;0.000028905362876057764266829025400449414963224011138162079388806615538269163395092632;0.04770496569382171371560550340074608950995893639219918311578880067846361884180325;0.12335932022044036513085065693115102619652398532871669581211861466022428018218163;0.0059963603690236361181338328888350892027117118037184173996499211059380657532490203;0.00000000036412882210175387368773871602122221668699302000975103885486979696199908365404147;0.000000020160868433967778396668936090522566794713986269686756186564731855948464019518219;0.82291031026940090656982678536164106109107888651878777867463022456922527992985411;0.00000000036412882210175387368773871602122221668699302000975103885486979696199908365404147;0.00000011719531062493754183593771664445551373588079173218313571203118851195794977353719,0.000000029672006611635582555218634565768992502876156018640017359017325212760125753704105;0.0064192623814098760773994026250047576833595924257105796046059194322878254936810344;0.26078205808310528912569845946019304278351475907830109464182788200020480338454925;0.41935507024832793319914634711595522735942095623620406776802342186614678892772466;0.09245699564426523657228319796708085416152497062898635059547713400658852663145083;0.000022783657460753588733220465179541530151571280851270484769911345712271442542804513;-0.00016953154982069762989661623695405932837260425835725085901925886102003596323233793;1.0831090043629491526816014413856834620291924931936329316324146687742166746298488;0.000022783657460753588733220465179541530151571280851270484769911345712271442542804513;0.00040874366219639532195759942935955146204239812174738319047217813420981148529513521,0.00000029049474934009636218355582072844920600774322933096719170492879183879437687013007;0.00000029049474934009636218355582072844920600774322933096719170492879183879437687013007;0.00000029049474934009636218355582072844920600774322933096719170492879183879437687013007;0.00000029049474934009636218355582072844920600774322933096719170492879183879437687013007;0.00000029049474934009636218355582072844920600774322933096719170492879183879437687013007;0.00000029049474934009636218355582072844920600774322933096719170492879183879437687013007;0.00000029049474934009636218355582072844920600774322933096719170492879183879437687013007;0.00000029049474934009636218355582072844920600774322933096719170492879183879437687013007,0.00000029049474934009636218355582072844920600774322933096719170492879183879437687013007;-0.00000029049474934009636218355582072844920600774322933096719170492879183879437687013007;-0.00000029049474934009636218355582072844920600774322933096719170492879183879437687013007;0.00000029049474934009636218355582072844920600774322933096719170492879183879437687013007,OOH_s,-6.536861713026596,360,1e-260,validated_single_precision,True,historical_five_resume_20261011
tini,tini_branch_07,historical_five_resume_20261011__tini__vacant_10pct__stage_02,vacant_10pct,0.000000000000000000000974765381136421653236569386896085092818248202055485614063573837793734546871578;0.000000032945165514411333853035317999298867950171534712134059846094539724399768322811327;0.000054372193747705261816879648918043482761517662564218221389251350416441757968528849;0.00014059997239372929734078144310020731121332986763864241761453563914717905852697767;0.0000000064113793785991270937863421053725438563291297076516006288684292184744671208470135;0.00000000000045745647009391130506822531422917970634880573897044896297929900861708745806501451;0.000000024494694118798715272269826333502361085467425775840351328657473526910869345312809;0.99980496384813015755373891834767033549468697426440212458413072752103748521093851;0.00000000000045745647009391130506822531422917970634880573897044896297929900861708745806501451;0.00000000013357448313676461347755210325587035743771112258009453574094234055616344485833327,-0.000000000031800941445295035725372615370837072718536348782893382454250074716136764777787798;0.00018487823044318144534509118580777014284541183363935617013696165240357703007209177;0.0075106643980463423054671790851660622449785509149892542919370819100104167080846839;0.012077652962025854684254225637469387149513048012473495449751305839069456071768827;-0.000081557830891866230725515313315371653957223865134531351900828985605456700775145961;-0.00000068891369147926763299078792711200231127988480434241485538040258642113862046800371;-0.00015941380906704109890381707856987001826762601172860361154060893458094236712891362;1.01846843373143962565528089991216058482221661481843579143209673636852883502181;-0.00000068891369147926763299078792711200231127988480434241485538040258642113862046800371;0.000011772038667645876431589791518583259880106473066000303918813243582365895516430635,0.00000000000045848761401418084185198881432566548760966455559307847315744910437875522220417905;0.00000000000045848761401418084185198881432566548760966455559307847315744910437875522220417905;0.00000000000045848761401418084185198881432566548760966455559307847315744910437875522220417905;0.00000000000045848761401418084185198881432566548760966455559307847315744910437875522220417905;0.00000000000045848761401418084185198881432566548760966455559307847315744910437875522220417905;0.00000000000045848761401418084185198881432566548760966455559307847315744910437875522220417905;0.00000000000045848761401418084185198881432566548760966455559307847315744910437875522220417905;0.00000000000045848761401418084185198881432566548760966455559307847315744910437875522220417905,0.00000000000045848761401418084185198881432566548760966455559307847315744910437875522220417905;-0.00000000000045848761401418084185198881432566548760966455559307847315744910437875522220417905;-0.00000000000045848761401418084185198881432566548760966455559307847315744910437875522220417905;0.00000000000045848761401418084185198881432566548760966455559307847315744910437875522220417905,OOH_s,-12.338672392246854,360,1e-260,validated_single_precision,True,historical_five_resume_20261011
tire,tire_branch_01,tire__Ha_dominant__stage_02,Ha_dominant,4.0694791476661289824221370640714664802623460874425148843299863936919979258886647e-31;0.00000000000051244696893761851746359298605102972272823426112237055590356526801243848121461872;0.000000000000077226107522901744785064300507120348667179364728143533951491008356304681373147471;0.000000000001392320940439334499459987100205357983758012519097737503056064681448221823860105;0.99999999999800969193125589922649305811240723454887295897340286297486938694658;7.4833751672167966129317191702388513990099016424952012305734829906675359888591758e-34;6.9242618325962809343118540908834879502064258859392598848166727612141409280268014e-64;3.5669980962485202931734631898406384075979018941009287512871198038749212870228575e-37;7.4833751672167966129317191702388513990099016424952012305734829906675359888591758e-34;0.0000000000000083140518442460113898525543293915135567855140613713374234314871120039310109435878,0.00000000000000063792469364918667946235253202169872806072749429600536716823242538436184187429179;0.00000071585401370574195871939916559928329493499684948327444632689789760655336896802628;0.00000027789585733337724355623117733727485683289129288697128415239168377885109207891848;0.0000011799664997117745088192094699769276021610664936664248333300846930869597499144243;0.99999999999998258481349220981673452647675992327949230663313136454863899649300907;0.0000000000000000273557583832571349646017749126269074232456462908018536402205073185766568994157;2.631399215742419646183127790540939408255674863461682335954817693633865003244758e-32;0.00000000000000000059724350948800569434149359437470867048120720600703511035471924399753010834703401;0.0000000000000000273557583832571349646017749126269074232456462908018536402205073185766568994157;0.000000091181422692685977484433599491690325997662545523564954391835854134814726414773141,1.9667731032379540720986498461631440317974903207129178602470145708019910596813894e-57;1.9667731032379540720986498461631440317974903207129178602470145708019910596813894e-57;1.9667731032379540720986498461631440317974903207129178602470145708019910596813894e-57;1.9667731032379540720986498461631440317974903207129178602470145708019910596813894e-57;1.9667731032379540720986498461631440317974903207129178602470145708019910596813894e-57;1.9667731032379540720986498461631440317974903207129178602470145708019910596813894e-57;1.9667731032379540720986498461631440317974903207129178602470145708019910596813894e-57;1.9667731032379540720986498461631440317974903207129178602470145708019910596813894e-57,1.9667731032379540720986498461631440317974903207129178602470145708019910596813894e-57;-1.9667731032379540720986498461631440317974903207129178602470145708019910596813894e-57;-1.9667731032379540720986498461631440317974903207129178602470145708019910596813894e-57;1.9667731032379540720986498461631440317974903207129178602470145708019910596813894e-57,Ha_s,-56.70624573957,360.0,1e-260,validated_single_precision,True,original_replay
tire,tire_branch_02,tire__Hb_dominant__stage_02,Hb_dominant,2.4429811357876939233733136754044183899303357925856062589566037260462334489423511e-31;0.00000000000030763108318602006549897837620386301537468277172561904636492638336776418934925577;0.000000000000046360213929575092298169382056265404371271149935357418249728068312222124452658733;0.00000000000083583516932084973932700987159328966978225769972732158467416356284030210570028687;0.00000000000000000000000013711335271054598778778887622433126466745150749273459616928320849600011830973819;0.99999999999786765132500911451331210997678902417224699958303725654028574698385398;0.0000000000000000000019572795221596549509185639676623155749409279940824945384130284974520136242245877;0.00000000000093753113253561901871354368585559703722368330090558774568861697533323726334485424;4.8223098812570513029740011602175640793128269816926591830909447441102144219659168e-42;0.0000000000000049910740614049350935250970120172422439771696198463789935796099454201943840804142,0.00000000000000049426522594574223362161134897119004980112258153116200672146179215776004856041684;0.00000055464500645598243094493469672931559477013021288623050781515225928876735663496608;0.00000021531422138274094370427379830263880144027530043297698242194644818759152014109736;0.00000091424021423382379523437286889549931621789863423678438905060649137687952702225871;0.00000000000037028820223008079361110942869572589935907421858310675081257444383757399562504268;0.99999999999980618062429441498185529054844404310224753371288585346992192769588595;0.000000000044241151908184644779300086740219368558551590375794005057495796994687616900143346;0.0000009682619131914952785855765614603048715914289823383967829989767531438926907820224;0.0000000000000000000021959758380422733683276158935936472604232542644220657805928999424023364605104779;0.000000070647534008015050248640874299956465481257268386165754575137006976631745319547112,1.8629433688108735552707958941249829784060764105310213376623499233036329997686523e-33;1.8629433688108735552707958941249829784060764105310213376623499233036329997686523e-33;1.8629433688108735552707958941249829784060764105310213376623499233036329997686523e-33;1.8629433688108735552707958941249829784060764105310213376623499233036329997686523e-33;1.8629433688108735552707958941249829784060764105310213376623499233036329997686523e-33;1.8629433688108735552707958941249829784060764105310213376623499233036329997686523e-33;1.8629433688108735552707958941249829784060764105310213376623499233036329997686523e-33;1.8629433688108735552707958941249829784060764105310213376623499233036329997686523e-33,1.8629433688108735552707958941249829784060764105310213376623499233036329997686523e-33;-1.8629433688108735552707958941249829784060764105310213376623499233036329997686523e-33;-1.8629433688108735552707958941249829784060764105310213376623499233036329997686523e-33;1.8629433688108735552707958941249829784060764105310213376623499233036329997686523e-33,Hb_s,-32.729800346921664,360.0,1e-260,validated_single_precision,True,original_replay
tire,tire_branch_03,tire__O_dominant__stage_02,O_dominant,2.4429811357876939233733136754044183899303357925856062589566037260462334489423511e-31;0.00000000000030763108318602006549897837620386301537468277172561904636492638336776418934925577;0.000000000000046360213929575092298169382056265404371271149935357418249728068312222124452658733;0.00000000000083583516932084973932700987159328966978225769972732158467416356284030210570028687;0.00000000000000000000000013711335271054598778778887622433126466745150749273459616928320849600011830973819;4.8223098812570513029740011602175640793128269816926591830909447441102144219659168e-42;0.0000000000000000000019572795221596549509185639676623155749409279940824945384130284974520136242245877;0.00000000000093753113253561901871354368585559703722368330090558774568861697533323726334485424;0.99999999999786765132500911451331210997678902417224699958303725654028574698385398;0.0000000000000049910740614049350935250970120172422439771696198463789935796099454201943840804142,0.00000000000000049426522594574223362161134897119004980112258153116200672146179215776004856041684;0.00000055464500645598243094493469672931559477013021288623050781515225928876735663496608;0.00000021531422138274094370427379830263880144027530043297698242194644818759152014109736;0.00000091424021423382379523437286889549931621789863423678438905060649137687952702225871;0.00000000000037028820223008079361110942869572589935907421858310675081257444383757399562504268;0.0000000000000000000021959758380422733683276158935936472604232542644220657805928999424023364605104779;0.000000000044241151908184644779300086740219368558551590375794005057495796994687616900143346;0.0000009682619131914952785855765614603048715914289823383967829989767531438926907820224;0.99999999999980618062429441498185529054844404310224753371288585346992192769588595;0.000000070647534008015050248640874299956465481257268386165754575137006976631745319547112,1.8629433688108735552707958941249829784060764105310213376623499233036329997686523e-33;1.8629433688108735552707958941249829784060764105310213376623499233036329997686523e-33;1.8629433688108735552707958941249829784060764105310213376623499233036329997686523e-33;1.8629433688108735552707958941249829784060764105310213376623499233036329997686523e-33;1.8629433688108735552707958941249829784060764105310213376623499233036329997686523e-33;1.8629433688108735552707958941249829784060764105310213376623499233036329997686523e-33;1.8629433688108735552707958941249829784060764105310213376623499233036329997686523e-33;1.8629433688108735552707958941249829784060764105310213376623499233036329997686523e-33,1.8629433688108735552707958941249829784060764105310213376623499233036329997686523e-33;-1.8629433688108735552707958941249829784060764105310213376623499233036329997686523e-33;-1.8629433688108735552707958941249829784060764105310213376623499233036329997686523e-33;1.8629433688108735552707958941249829784060764105310213376623499233036329997686523e-33,O_s,-32.729800346921664,360.0,1e-260,validated_single_precision,True,original_replay
tita,tita_branch_01,tita__Ha_dominant__stage_02,Ha_dominant,4.1483864217355466254036795284137354053473095942352414667899197232328548847330007e-33;0.00000000000000078701448534934381494737429761149692654932228076143816180306040201378146181809853;0.00000000000043824923340401392836155958106255223778296213705046693025438301406891719068183849;0.0000000000012705776266685537673285742454567435686934396554301829460836251379221279218154236;0.99999999999829036979034402308397077218108739623394835980964490906422618270111558;1.5614923968717161483160816661892679149224777994120529149278745961484278594353482e-48;2.3351915031793892755430993782235368952871216905312016063756610221952547915916414e-29;7.0271145574965796921744006857052149590614812758684239064079345433807044376456537e-28;1.5614923968717161483160816661892679149224777994120529149278745961484278594353482e-48;0.000000000000000016335098059150456627450222098940029238249564968730217150952364185432782294947121,0.000000000000000064407968619915710102886937995119733429637567231505037224636999982312714231567014;0.00000002805377845052171286355175139287575738454796827811212936794309702079930329028645;0.00000066200395271094259321857324348410111261702325145845318610458339122355302360631991;0.0000011271990182177933514384343712183328259813668522992491983485422477516817886618452;1.0000000000001697033507447295251786677677721507398024145324890117049840124629224;0.0000000000000000000000012495968937521074455440746186492825705990311649329316111621569130375820541866076;0.0000000000000048323819211483834963481496964527772641688729430264520773258934973322413962602929;0.000000000000026508705282436897071312188110972486473455077279697745383822331154124664248828497;0.0000000000000000000000012495968937521074455440746186492825705990311649329316111621569130375820541866076;0.0000000040416702066328875377220860527438148887276878307953756126190792633356521039248517,9.7051781672933048728305538171961870627439040548517870492292976267608887144053689e-84;9.705178167293304872830553817196187062743904054851787049229297626760888714405369e-84;9.7051781672933048728305538171961870627439040548517870492292976267608887144053689e-84;9.7051781672933048728305538171961870627439040548517870492292976267608887144053689e-84;9.7051781672933048728305538171961870627439040548517870492292976267608887144053689e-84;9.705178167293304872830553817196187062743904054851787049229297626760888714406894e-84;9.7051781672933048728305538171961870627439040548517870492292976267608887144053688e-84;9.7051781672933048728305538171961870627439040548517870492292976267608887144053689e-84,9.7051781672933048728305538171961870627439040548517870492292976267608887144053689e-84;-9.7051781672933048728305538171961870627439040548517870492292976267608887144053689e-84;-9.7051781672933048728305538171961870627439040548517870492292976267608887144053689e-84;9.7051781672933048728305538171961870627439040548517870492292976267608887144053689e-84,Ha_s,-83.01299648744079,360.0,1e-260,validated_single_precision,True,original_replay
tita,tita_branch_02,tita__Hb_dominant__stage_02,Hb_dominant,2.665069731365173652214224121873880555030267415302918110704830038520998540443483e-32;0.0000000000000050560585968097291484605515803154091955138604279779737243595376326937783544261211;0.0000000000028154676252420842558075906057323020981066410620972405909494975814161475375963762;0.0000000000081626387465792024121613800431045755575170343491013392503344896859642361706084143;0.000000000000022444775347699898399282932189322013405312762981474764329061717896267351179899009;0.99999999998765917489645859653664990583737879566080490733152657247462820230995926;0.000000000000042940389979333524318308205727321095222052829169861417521906692771166645782982331;0.0000000000012921725653657222711096886897150475900949615573645080224494053099192175924096188;1.8504696897772814886672929805228416312674074437854187780224789253698540919561554e-79;0.00000000000000010494243055137237873243725866883913143400611228670051277449028779486055583606002,0.00000000000000016325041290611988376694406909303415433093784676442256313935518606059638618603973;0.00000007110596737883069760142583313908138820546763688542750804367195798922170018284311;0.0000016779355247687094800308334101140569251311831164604232424544936094893956602116198;0.0000028570332071384078493544621208133985699694129860944273204085165824178913052361797;0.0000001498158047337092301132840315402375933066176164761640758012951368405793082581271;1.0000000000007130281942615204710916899568255171328631189595228610435084293184084;0.00000020722063116380250900681983053051664388692712026376039749149611275876309291123236;0.0000011367376853889869422835598320463840534530521820328786972779208922143782606232992;4.3017086021751365086866966229113406478809321746150500161094699792655344737393315e-40;0.000000010244141279424894222906223977639558679528236085303877761301836913253830296451802,7.3655594728037908343472582969102236353917484333829041515458716440844227683692437e-67;7.3655594728037908343472582969102236353917484333829041515458716440844227683692437e-67;7.3655594728037908343472582969102236353917484333829041515458716440844227683692437e-67;7.3655594728037908343472582969102236353917484333829041515458716440844227683692437e-67;7.3655594728037908343472582969102236353917484333829041515458716440844227683692437e-67;7.3655594728037908343472582969102236353917484333829041515458716440844227683692437e-67;7.3655594728037908343472582969102236353917484333829041515458716440844227683692437e-67;7.3655594728037908343472582969102236353917484333829041515458716440844227683692437e-67,7.3655594728037908343472582969102236353917484333829041515458716440844227683692437e-67;-7.3655594728037908343472582969102236353917484333829041515458716440844227683692437e-67;-7.3655594728037908343472582969102236353917484333829041515458716440844227683692437e-67;7.3655594728037908343472582969102236353917484333829041515458716440844227683692437e-67,Hb_s,-66.13279425944955,360.0,1e-260,validated_single_precision,True,original_replay
tita,tita_branch_03,tita__O_dominant__stage_02,O_dominant,2.665069731365173652214224121873880555030267415302918110704830038520998540443483e-32;0.0000000000000050560585968097291484605515803154091955138604279779737243595376326937783544261211;0.0000000000028154676252420842558075906057323020981066410620972405909494975814161475375963762;0.0000000000081626387465792024121613800431045755575170343491013392503344896859642361706084143;0.000000000000022444775347699898399282932189322013405312762981474764329061717896267351179899009;1.8504696897772814886672929805228416312674074437854187780224789253698540919561554e-79;0.000000000000042940389979333524318308205727321095222052829169861417521906692771166645782982331;0.0000000000012921725653657222711096886897150475900949615573645080224494053099192175924096188;0.99999999998765917489645859653664990583737879566080490733152657247462820230995926;0.00000000000000010494243055137237873243725866883913143400611228670051277449028779486055583606002,0.00000000000000016325041290611988376694406909303415433093784676442256313935518606059638618603973;0.00000007110596737883069760142583313908138820546763688542750804367195798922170018284311;0.0000016779355247687094800308334101140569251311831164604232424544936094893956602116198;0.0000028570332071384078493544621208133985699694129860944273204085165824178913052361797;0.0000001498158047337092301132840315402375933066176164761640758012951368405793082581271;4.3017086021751365086866966229113406478809321746150500161094699792655344737393315e-40;0.00000020722063116380250900681983053051664388692712026376039749149611275876309291123236;0.0000011367376853889869422835598320463840534530521820328786972779208922143782606232992;1.0000000000007130281942615204710916899568255171328631189595228610435084293184084;0.000000010244141279424894222906223977639558679528236085303877761301836913253830296451802,7.3655594728037908343472582969102236353917484333829041515458716440844227683692437e-67;7.3655594728037908343472582969102236353917484333829041515458716440844227683692437e-67;7.3655594728037908343472582969102236353917484333829041515458716440844227683692437e-67;7.3655594728037908343472582969102236353917484333829041515458716440844227683692437e-67;7.3655594728037908343472582969102236353917484333829041515458716440844227683692437e-67;7.3655594728037908343472582969102236353917484333829041515458716440844227683692437e-67;7.3655594728037908343472582969102236353917484333829041515458716440844227683692437e-67;7.3655594728037908343472582969102236353917484333829041515458716440844227683692437e-67,7.3655594728037908343472582969102236353917484333829041515458716440844227683692437e-67;-7.3655594728037908343472582969102236353917484333829041515458716440844227683692437e-67;-7.3655594728037908343472582969102236353917484333829041515458716440844227683692437e-67;7.3655594728037908343472582969102236353917484333829041515458716440844227683692437e-67,O_s,-66.13279425944955,360.0,1e-260,validated_single_precision,True,original_replay
titi,titi_branch_01,titi__Ha_dominant__stage_03,Ha_dominant,1.0234698426060643605594562623145664110902049848570482388765140223486689690452571e-39;0.0000000000000000000000030702277849775533079410739508932183424927356296689540002565400666852358178102055;0.00000000000000000000000040559084774042003633759914380498497926158616030406135367538249009361185803966395;0.0000000000010000000000785270416188128510497820654647706826277461142526650886004612638679841;0.99999999999899999999991799235161854930435800696828285437192667041038314606055115;1.6950520022656772723144863780667870036583116173869056547765160008652750502924183e-69;1.0847289325252009370319845163043412619932186686430497420610118082741161136722666e-83;9.1184211000233741243640597582783857718904535229853699560234391854898897077422254e-76;1.6950520022656772723144863780667870036583116173869056547765160008652750502924183e-69;4.7881299198702244624505516123815643728912562593194878823785095833354948346084372e-27,0.000000000000000000031991715218293682214783241759904660126410355638925706631842063755765518452490281;0.0000000000017522065474665281480965378603283491804008225061742395665981799451723934590419129;0.00000000000063686014771011307706351106567923040874273525962799650155649961801316076745676872;0.0000010000000000404063109658121488470723306753292757356113028336257863291184438586051;1.000000000000642790157089965170942576999905103712486057462263524128106918932647;4.1171009245214665368928504454375257546565346577441768550117621921176956750831468e-35;3.2935223280367785782418751263316900165208545099119788089762823088289923819338204e-42;3.0196723497830381345976784576314963729636877354113882891165649291756112874180533e-38;4.1171009245214665368928504454375257546565346577441768550117621921176956750831468e-35;0.000000000000069196314351858135060007685540016987354337190432134911977474075752113041242957938,8.6514693431509837856410821173234316124027270980512711850852636971999714340683723e-128;8.6514693431509837856410821173234316124027270980512711850852636971999714340683723e-128;8.6514693431509837856410821173234316124027270980512711850852636971999714340683723e-128;8.6514693431509837856410821173234316124027270980512711850852636971999714340683723e-128;8.6514693431509837856410821173234316124027270980512711850852636971999714340683723e-128;8.6514693431509837856410821173234316124027270980512711850852636971999714340683723e-128;8.6514693431509837856410821173234316124027270980512711850852636971999714340683723e-128;8.6514693431509837856410821173234316124027270980512711850852636971999714340683723e-128,8.6514693431509837856410821173234316124027270980512711850852636971999714340683723e-128;-8.6514693431509837856410821173234316124027270980512711850852636971999714340683723e-128;-8.6514693431509837856410821173234316124027270980512711850852636971999714340683723e-128;8.6514693431509837856410821173234316124027270980512711850852636971999714340683723e-128,Ha_s,-127.06291012682068,460.0,1e-340,validated_single_precision,True,original_replay
titi,titi_branch_02,titi__vacant__stage_02,vacant,9.1771395249491222914934243068900579270344520025966117998325147206939802684838772e-28;0.0000000000027529788942652279081820416403366958246029667945989940310810823439088917213243325;0.00000000000036368084772077632502196038255694676089199031342764743952927232562996668320715517;0.89666926602370594313439774462967266625020085415974604948133717226848445695390096;7.0950376427918658523065845311059112948619223564785497704817936635643912637218384e-51;0.00000000000000000000000041111537742909948911594302584551711413671524910491947566665964419780985997977984;0.10333073390645918279985442847249434706469163674866699006662924969674972118725048;0.000000000066713920954820460481602051262880657365761843663170313743240692128508162280370265;0.00000000000000000000000041111537742909948911594302584551711413671524910491947566665964419780985997977984;0.0000000000000042933689405390345581227054427481049289429199597648211190583776579245251087120115,-0.000000014490513279006422302672886364744235793351780571503682215770039277962022929179064;0.7936546093379468979051218930223643456230712296838126662500418447397947343465386;0.2884631337924117340022474524859606128521376509382977276654863789813437109533254;452945.80739784416758949239107066943517480636609593401367623130139615913663749456;-0.000000000000000000040290945025350006822640477580458777870120985757494802717883446151310437596439944;0.00000030669871944032839971170943868210032438135028836292159521279629224818502229198835;153760.52702781822833264917371770636549998668170557863557590190579047861694320684;3.9069543330356997287632246026675257325674855072799044424404592180370771865298477;0.00000030669871944032839971170943868210032438135028836292159521279629224818502229198835;0.031342180471790993127356228204276977998325946164851150059246616847521290947616819,5.0892204436485629370618660040830229595904933682404363791457305785212438763866858e-39;5.0892204436485629370618660040830229595904933682404363791457305785212438763866858e-39;5.0892204436485629370618660040830229595904933682404363791457305785212438763866858e-39;5.0892204436485629370618660040830229595904933682404363791457305785212438763866858e-39;5.0892204436485629370618660040830229595904933682404363791457305785212438763866858e-39;5.0892204436485629370618660040830229595904933682404363791457305785212438763866858e-39;5.0892204436485629370618660040830229595904933682404363791457305785212438763866858e-39;5.0892204436485629370618660040830229595904933682404363791457305785212438763866858e-39,5.0892204436485629370618660040830229595904933682404363791457305785212438763866858e-39;-5.0892204436485629370618660040830229595904933682404363791457305785212438763866858e-39;-5.0892204436485629370618660040830229595904933682404363791457305785212438763866858e-39;5.0892204436485629370618660040830229595904933682404363791457305785212438763866858e-39,H2O_s,-38.29334873690689,360.0,1e-260,validated_single_precision,True,original_replay
titi,titi_branch_03,titi__water_dominant__stage_02,water_dominant,1.0234698425211303924693087508104661693747500256696464205876214041809289359435313e-27;0.000000000003070227784722766484989934433970937424550581805943507375491850218467896835147618;0.00000000000040559084770676155535469822639005861190089778629324645983298793537769319167126126;0.999999999995540748478673758686210539284368322969589584767660217407477171659065;9.3173964539535617915521902838888151473418727716442120276071627383759546866059939e-40;5.5128158334281601198442269714506047894516687892553372938882701566305358573381856e-26;0.000000000000014148471387041970779687947451930833905629381443126021428717212951056548904390049;0.0000000000009644962875900871475692706894386636864465648925028649623392201941043495332590331;5.5128158334281601198442269714506047894516687892553372938882701566305358573381856e-26;0.0000000000000047881299194728753093583331155574743632053644398603369153604889075201180424048991,0.000000000000031991715216970882158396314786684728266018399042553188010850636202832815564834777;0.0000017522065473940775491933080485125591532328127841192875046534263458291594926685319;0.00000063686014768378005189252818555233919528870831635416684391917812059267001092935734;0.99999999999905810403729005673137758654709585802028775815968421622727206513795354;0.000000000000000000030524410647836525214962173018218120440342461020378019291723423538781912761390209;0.00000000000023479386349396694047924558381441023426403062094550661458923813593975571373050883;0.00000011894734712080975871405643217177264377729977829157091734410674918802610619025311;0.00000098208771888898558244574096250749968559514450393056181713978049249261315811693665;0.00000000000023479386349396694047924558381441023426403062094550661458923813593975571373050883;0.000000069196314348996991535611600575061945621573735520206197738251458392882628287418147,9.1510470625909754437589401713696679082049941846142664074211396849772191668069657e-41;9.1510470625909754437589401713696679082049941846142664074211396849772191668069657e-41;9.1510470625909754437589401713696679082049941846142664074211396849772191668069657e-41;9.1510470625909754437589401713696679082049941846142664074211396849772191668069657e-41;9.1510470625909754437589401713696679082049941846142664074211396849772191668069657e-41;9.1510470625909754437589401713696679082049941846142664074211396849772191668069657e-41;9.1510470625909754437589401713696679082049941846142664074211396849772191668069657e-41;9.1510470625909754437589401713696679082049941846142664074211396849772191668069657e-41,9.1510470625909754437589401713696679082049941846142664074211396849772191668069657e-41;-9.1510470625909754437589401713696679082049941846142664074211396849772191668069657e-41;-9.1510470625909754437589401713696679082049941846142664074211396849772191668069657e-41;9.1510470625909754437589401713696679082049941846142664074211396849772191668069657e-41,H2O_s,-40.03852921112599,360.0,1e-260,validated_single_precision,True,original_replay
tiv,tiv_branch_01,tiv__Ha_dominant__stage_02,Ha_dominant,4.1228897206268089125699918970393045267864072889600508357431217592157592615991799e-31;0.0000000000011214417829492038505057689190848615915544479245450650828757317051110449458090336;0.0000000000000016955741472295507725450044247939732403867274872017929201917026345657704142057722;0.0000000000000056995947844465942842882326281344869131428983077146431433061459036295991066716866;0.99999999999883186872536942903848292817816744581244006461484869861666098244356894;2.0394983598709698845071775099437262059700402682720329473377927235724826379242691e-49;1.0641158428025410199704715932740965307253698836187630138765153015523228126629593e-51;1.3605466488864021645506485478998655954927814556561442135817069114433138996323084e-46;2.0394983598709698845071775099437262059700402682720329473377927235724826379242691e-49;0.000000000000039294322749690965542180693632083108131329968650176438734886510317231248370165369,0.00000000000000064209732289085281981465671049083443467748668906962466937755672227856864657852859;0.0000010589814837624424422419744000702549919665753950418877397886835170890090659707577;0.000000041177349929704450531037086978265402337813956236160227579739932916224633147426762;0.000000075495660699534921940321594014393670095219472985172489182543943336393053518392279;1.0000000000005307026407431414121910102446531476806533436452081093655472596920069;0.00000000000000000000000045160805571596229229465759308012652043536805609112278452499727089343265579918636;3.2620788506792926772689786006719255809160522013844667315586848347357291150034435e-26;0.000000000000000000000011664247292000609642427353751763836021212557864299813533297567027079263765284598;0.00000000000000000000000045160805571596229229465759308012652043536805609112278452499727089343265579918636;0.00000019822795652929123022145748903185109541501846887479231390554257486583057525278137,2.8874453363298921315110829848597875601439428706248524905770436914967079003446812e-85;2.8874453363298921315110829848597875601439428706248524905770436914967079004716337e-85;2.8874453363298921315110829848597875601439428706248524905770436914967079003446812e-85;2.8874453363298921315110829848597875601439428706248524905770436914967079003446812e-85;2.8874453363298921315110829848597875601439428706248524905770436914967079003446812e-85;2.8874453363298921315110829848597875601439428706248527293099506291190755100433761e-85;2.8874453363298921315110829848597875601439428706248524905770436914967079003446802e-85;2.8874453363298921315110829848597875601439428706248524905770436914967079003446812e-85,2.8874453363298921315110829848597875601439428706248524905770436914967079003446812e-85;-2.8874453363298921315110829848597875601439428706248524905770436914967079003446812e-85;-2.8874453363298921315110829848597875601439428706248524905770436914967079003446812e-85;2.8874453363298921315110829848597875601439428706248524905770436914967079003446812e-85,Ha_s,-84.53948622886777,360.0,1e-260,validated_single_precision,True,original_replay
tiv,tiv_branch_01,unresolved_five__tiv__Ha_dominant__stage_02,Ha_dominant,4.1228897206268079971045727255859951033873418381157470917162854678128246589837051e-31;0.0000000000011214417829492036014956712762371370083379939551902833075463445441798405027608067;0.000000000000001695574147229550396051912779890368901220941149545926537025508309288347732876722;0.0000000000000056995947844465930187239604754552387912233842975855748033098214344963820134586613;0.99999999999883186872536942929786017555561602767671256733052675497234397459232622;2.0394983598709689787879623787383342823921518751231382081851213667621164015406023e-49;1.0641158428025405474081077710963608443425379359840478935053711853797554032384546e-51;1.3605466488864015603465622758696021287398866346819308091022371407173938470763048e-46;2.0394983598709689787879623787383342823921518751231382081851213667621164015406023e-49;0.000000000000039294322749690956817088322828808771082908439820078337469383179459604101224117548,0.00000000000000064209732289085281981465670959052752960629630242106249290411388497571529059274013;0.0000010589814837624424422419743985854203599182385032404445659669164284307332545526474;0.000000041177349929704450531037086920529213207887689399564910612714031835944759125489742;0.000000075495660699534921940321593908538588306852058358082898710722358869072064643871592;1.0000000000005308136630456033693174255201289885685096159002683953416243358336448;0.00000000000000000000000045160805571596224215609143591564284353472388063141937391450707720178113202941035;3.2620788506792923151054737768465105806606779949463593845004825623018573794192633e-26;0.000000000000000000000011664247292000608347435762876185515948109705048004105718669376318212801830838657;0.00000000000000000000000045160805571596224215609143591564284353472388063141937391450707720178113202941035;0.00000019822795652929123022145748875390880897472868275241335383886010514171320534262739,2.887445336329889566944447177001757893415240522705719193218721009586008399802528e-85;2.8874453363298895669444471770017578934152405227057191932187210095860083999294805e-85;2.887445336329889566944447177001757893415240522705719193218721009586008399802528e-85;2.887445336329889566944447177001757893415240522705719193218721009586008399802528e-85;2.887445336329889566944447177001757893415240522705719193218721009586008399802528e-85;2.887445336329889566944447177001757893415240522705719431951627947215885108301831e-85;2.8874453363298895669444471770017578934152405227057191932187210095860083998025271e-85;2.887445336329889566944447177001757893415240522705719193218721009586008399802528e-85,2.887445336329889566944447177001757893415240522705719193218721009586008399802528e-85;-2.887445336329889566944447177001757893415240522705719193218721009586008399802528e-85;-2.887445336329889566944447177001757893415240522705719193218721009586008399802528e-85;2.887445336329889566944447177001757893415240522705719193218721009586008399802528e-85,Ha_s,-84.53948622886777,360,1e-260,validated_single_precision,True,unresolved_five
tiv,tiv_branch_02,unresolved_five__tiv__alkene_OOH_mix__stage_02,alkene_OOH_mix,0.0000000000000000000088466140785514814270636604002099268573609414170331046132502695817314996149924501;0.024063128475654435395472767970273187044992467173276539485439020090835491094848114;0.000036382466896751053657983596360970305317660913375438894576081572468101856861301258;0.00012229799499411073204358020750618945715715431155689960343470203289684094695377278;6.4252771778640240729903500902483499997963302765563393421287974418072887028767963e-26;0.00000000000000037044834973607938676349844064032700519850731281728636144700863624414408537685065;0.0000097609529903000803726611897879451262494374121263837646105581414491313059163807657;0.97492527948758918386807815483326065779986387469452874757705769713677162627170979;0.00000000000000037044834973607938676349844064032700519850731281728636144700863624414408537685065;0.00084315062187447796482870171271426320223373453741476431939536707252004432979446046,0.00000000010705295525224637277948837712985784485803596803873196048627774770245111451249641;0.17655749748525625058498018837621217277118125542552553040183477475850303637524489;0.0068652473798061247049960086478219648882616989052092060280646157523141249851387043;0.012586929165889000832320101366703056497494254494051401277877085128520363819321613;-0.00000000000028850679966759474992005010033846636475407069925165718243197968000843234883722911;0.00000002190654821942803928919597227623274191134157839218314793606779432424021220363523;0.003555954785518014369106286054284255837073927481977242395476693456622820313683977;1.1238174866501986886023208220501195049000455958783693506909542709362379686984586;0.00000002190654821942803928919597227623274191134157839218314793606779432424021220363523;0.033049333225432429397455351246750643904518428643413738124853536353075815522775439,0.00000000000000000095262588743021491846245152539533925698332973843660831804748117580305012419688866;0.00000000000000000095262588743021491846245152539533925698332973843660831804748117580305012419688866;0.00000000000000000095262588743021491846245152539533925698332973843660831804748117580305012419688866;0.00000000000000000095262588743021491846245152539533925698332973843660831804748117580305012419688866;0.00000000000000000095262588743021491846245152539533925698332973843660831804748117580305012419688866;0.00000000000000000095262588743021491846245152539533925698332973843660831804748117580305012419688866;0.00000000000000000095262588743021491846245152539533925698332973843660831804748117580305012419688866;0.00000000000000000095262588743021491846245152539533925698332973843660831804748117580305012419688866,0.00000000000000000095262588743021491846245152539533925698332973843660831804748117580305012419688866;-0.00000000000000000095262588743021491846245152539533925698332973843660831804748117580305012419688866;-0.00000000000000000095262588743021491846245152539533925698332973843660831804748117580305012419688866;0.00000000000000000095262588743021491846245152539533925698332973843660831804748117580305012419688866,OOH_s,-18.0210776207928,360,1e-260,validated_single_precision,True,unresolved_five
tiw,tiw_branch_01,historical_five_resume_20261011__tiw__OH_dominant__stage_03,OH_dominant,1.1167527757236949677845522349022258133653150231529702888490798858879277835481467e-75;0.99999999999999999999999999999995607388139257060888671765914806255397186432340133;2.1981719935426952294722066841754079978138815658783642110646784729487152966069456e-60;1.5656214609017813562303871964326462894753847384484354101268784111553501081784617e-58;8.9048896991304317486779872102693161849326315620139993508668736412996760643513877e-104;3.2900851358511343546350727790204933137124177350218225663584529361793023349152504e-90;6.1727244643353547825400083638766360982383586611908376142949643282878064625076106e-34;4.3308314980574766761861006265778350524790439549301914148303294559513977770277892e-32;5.3118042108887316733359099076385084851323524505163170896784387456089834952617155e-37;2.0349958952055978740309550541400326219819858297359108429235914336323829923762352e-62,0.00000023427353185524477517369995919424997113066644036683477908568521745026118582891514;7010430765835059106849071923871.4186653672599993185904402435683915530990826175663;10.393828336529710078806109224861197614786341355169400063041330859370892538956828;87.71787204270501701232021618959470078882913982360358749314544611977008829738722;0.0000000000000000000020919869779387526068249184063287943027910575849180290762807184733853046158983098;0.000000000000012715934221584459506766537301517878146563803812952744382689736601381269622197911;174173929667613.0999454558607961299275488537946616734766847998509048943171108516;1458916204078422.8923011919963020028931883940532478496052403850182032092595705706;5109350945716.0514659133188132621556870268504547215625295236081595957053049825162;1.0000609591101179667990096005374322379428598678406187720619274522449679517147383,1.2253498705529751091499361620641601328447198256075703783819237145417631469980596e-137;1.2253498705529751091499361620641601328447198256075703783819237145417631469980596e-137;1.2253498705529751091499361620641601328447198256075703783819237145417631469980596e-137;1.2253498705529751091499361620641601328447198256075703783819237145417631469980596e-137;1.2253498705529751091499361620641601328447198256075703783819237145417631469980596e-137;1.2253498705529751091499361620641601328447198256075703783819237145417631469980596e-137;1.2253498705529751091499361620641601328447198256075703783819237145417631469980596e-137;1.2253498705529751091499361620641601328447198256075703786604135168220434104440526e-137,1.2253498705529751091499361620641601328447198256075703783819237145417631469980596e-137;-1.2253498705529751091499361620641601328447198256075703783819237145417631469980596e-137;-1.2253498705529751091499361620641601328447198256075703783819237145417631469980596e-137;1.2253498705529751091499361620641601328447198256075703786604135168220434104440526e-137,C6H12_s,-136.91173989076393,460,1e-340,validated_single_precision,True,historical_five_resume_20261011
tiw,tiw_branch_01,historical_five_resume_20261011__tiw__OOH_OH_mix__stage_03,OOH_OH_mix,1.1167527757236949677845522349022258133653150231529702888490798858879277835481467e-75;0.99999999999999999999999999999995607388139257060888671765914806255397186432340133;2.1981719935426952294722066841754079978138815658783642110646784729487152966069456e-60;1.5656214609017813562303871964326462894753847384484354101268784111553501081784617e-58;8.9048896991304317486779872102693161849326315620139993508668736412996760643513877e-104;3.2900851358511343546350727790204933137124177350218225663584529361793023349152504e-90;6.1727244643353547825400083638766360982383586611908376142949643282878064625076106e-34;4.3308314980574766761861006265778350524790439549301914148303294559513977770277892e-32;5.3118042108887316733359099076385084851323524505163170896784387456089834952617155e-37;2.0349958952055978740309550541400326219819858297359108429235914336323829923762352e-62,0.00000023427353185524477517369995919424997113066644036683477908568521745026118582891514;7010430765835059106849071923871.4186653672599993185904402435683915530990826175663;10.393828336529710078806109224861197614786341355169400063041330859370892538956828;87.71787204270501701232021618959470078882913982360358749314544611977008829738722;0.0000000000000000000020919869779387526068249184063287943027910575849180290762807184733853046158983098;0.000000000000012715934221584459506766537301517878146563803812952744382689736601381269622197911;174173929667613.0999454558607961299275488537946616734766847998509048943171108516;1458916204078422.8923011919963020028931883940532478496052403850182032092595705706;5109350945716.0514659133188132621556870268504547215625295236081595957053049825162;1.0000609591101179667990096005374322379428598678406187720619274522449679517147383,1.2253498705529751091499361620641601328447198256075703783819237145417631469980596e-137;1.2253498705529751091499361620641601328447198256075703783819237145417631469980596e-137;1.2253498705529751091499361620641601328447198256075703783819237145417631469980596e-137;1.2253498705529751091499361620641601328447198256075703783819237145417631469980596e-137;1.2253498705529751091499361620641601328447198256075703783819237145417631469980596e-137;1.2253498705529751091499361620641601328447198256075703783819237145417631469980596e-137;1.2253498705529751091499361620641601328447198256075703783819237145417631469980596e-137;1.2253498705529751091499361620641601328447198256075703786604135168220434104440526e-137,1.2253498705529751091499361620641601328447198256075703783819237145417631469980596e-137;-1.2253498705529751091499361620641601328447198256075703783819237145417631469980596e-137;-1.2253498705529751091499361620641601328447198256075703783819237145417631469980596e-137;1.2253498705529751091499361620641601328447198256075703786604135168220434104440526e-137,C6H12_s,-136.91173989076393,460,1e-340,validated_single_precision,True,historical_five_resume_20261011
tiw,tiw_branch_01,historical_five_resume_20261011__tiw__OOH_O_mix__stage_03,OOH_O_mix,1.1167527757236949677845522349022258133653150231529702888490798858879277835481467e-75;0.99999999999999999999999999999995607388139257060888671765914806255397186432340133;2.1981719935426952294722066841754079978138815658783642110646784729487152966069456e-60;1.5656214609017813562303871964326462894753847384484354101268784111553501081784617e-58;8.9048896991304317486779872102693161849326315620139993508668736412996760643513877e-104;3.2900851358511343546350727790204933137124177350218225663584529361793023349152504e-90;6.1727244643353547825400083638766360982383586611908376142949643282878064625076106e-34;4.3308314980574766761861006265778350524790439549301914148303294559513977770277892e-32;5.3118042108887316733359099076385084851323524505163170896784387456089834952617155e-37;2.0349958952055978740309550541400326219819858297359108429235914336323829923762352e-62,0.00000023427353185524477517369995919424997113066644036683477908568521745026118582891514;7010430765835059106849071923871.4186653672599993185904402435683915530990826175663;10.393828336529710078806109224861197614786341355169400063041330859370892538956828;87.71787204270501701232021618959470078882913982360358749314544611977008829738722;0.0000000000000000000020919869779387526068249184063287943027910575849180290762807184733853046158983098;0.000000000000012715934221584459506766537301517878146563803812952744382689736601381269622197911;174173929667613.0999454558607961299275488537946616734766847998509048943171108516;1458916204078422.8923011919963020028931883940532478496052403850182032092595705706;5109350945716.0514659133188132621556870268504547215625295236081595957053049825162;1.0000609591101179667990096005374322379428598678406187720619274522449679517147383,1.2253498705529751091499361620641601328447198256075703783819237145417631469980596e-137;1.2253498705529751091499361620641601328447198256075703783819237145417631469980596e-137;1.2253498705529751091499361620641601328447198256075703783819237145417631469980596e-137;1.2253498705529751091499361620641601328447198256075703783819237145417631469980596e-137;1.2253498705529751091499361620641601328447198256075703783819237145417631469980596e-137;1.2253498705529751091499361620641601328447198256075703783819237145417631469980596e-137;1.2253498705529751091499361620641601328447198256075703783819237145417631469980596e-137;1.2253498705529751091499361620641601328447198256075703786604135168220434104440526e-137,1.2253498705529751091499361620641601328447198256075703783819237145417631469980596e-137;-1.2253498705529751091499361620641601328447198256075703783819237145417631469980596e-137;-1.2253498705529751091499361620641601328447198256075703783819237145417631469980596e-137;1.2253498705529751091499361620641601328447198256075703786604135168220434104440526e-137,C6H12_s,-136.91173989076393,460,1e-340,validated_single_precision,True,historical_five_resume_20261011
tiw,tiw_branch_01,historical_five_resume_20261011__tiw__OOH_dominant__stage_03,OOH_dominant,1.1167527757236949677845522349022258133653150231529702888490798858879277835481467e-75;0.99999999999999999999999999999995607388139257060888671765914806255397186432340133;2.1981719935426952294722066841754079978138815658783642110646784729487152966069456e-60;1.5656214609017813562303871964326462894753847384484354101268784111553501081784617e-58;8.9048896991304317486779872102693161849326315620139993508668736412996760643513877e-104;3.2900851358511343546350727790204933137124177350218225663584529361793023349152504e-90;6.1727244643353547825400083638766360982383586611908376142949643282878064625076106e-34;4.3308314980574766761861006265778350524790439549301914148303294559513977770277892e-32;5.3118042108887316733359099076385084851323524505163170896784387456089834952617155e-37;2.0349958952055978740309550541400326219819858297359108429235914336323829923762352e-62,0.00000023427353185524477517369995919424997113066644036683477908568521745026118582891514;7010430765835059106849071923871.4186653672599993185904402435683915530990826175663;10.393828336529710078806109224861197614786341355169400063041330859370892538956828;87.71787204270501701232021618959470078882913982360358749314544611977008829738722;0.0000000000000000000020919869779387526068249184063287943027910575849180290762807184733853046158983098;0.000000000000012715934221584459506766537301517878146563803812952744382689736601381269622197911;174173929667613.0999454558607961299275488537946616734766847998509048943171108516;1458916204078422.8923011919963020028931883940532478496052403850182032092595705706;5109350945716.0514659133188132621556870268504547215625295236081595957053049825162;1.0000609591101179667990096005374322379428598678406187720619274522449679517147383,1.2253498705529751091499361620641601328447198256075703783819237145417631469980596e-137;1.2253498705529751091499361620641601328447198256075703783819237145417631469980596e-137;1.2253498705529751091499361620641601328447198256075703783819237145417631469980596e-137;1.2253498705529751091499361620641601328447198256075703783819237145417631469980596e-137;1.2253498705529751091499361620641601328447198256075703783819237145417631469980596e-137;1.2253498705529751091499361620641601328447198256075703783819237145417631469980596e-137;1.2253498705529751091499361620641601328447198256075703783819237145417631469980596e-137;1.2253498705529751091499361620641601328447198256075703786604135168220434104440526e-137,1.2253498705529751091499361620641601328447198256075703783819237145417631469980596e-137;-1.2253498705529751091499361620641601328447198256075703783819237145417631469980596e-137;-1.2253498705529751091499361620641601328447198256075703783819237145417631469980596e-137;1.2253498705529751091499361620641601328447198256075703786604135168220434104440526e-137,C6H12_s,-136.91173989076393,460,1e-340,validated_single_precision,True,historical_five_resume_20261011
tiw,tiw_branch_01,historical_five_resume_20261011__tiw__alkene_OOH_mix__stage_03,alkene_OOH_mix,1.1167527757236949677845522349022258133653150231529702888490798858879277835481467e-75;0.99999999999999999999999999999995607388139257060888671765914806255397186432340133;2.1981719935426952294722066841754079978138815658783642110646784729487152966069456e-60;1.5656214609017813562303871964326462894753847384484354101268784111553501081784617e-58;8.9048896991304317486779872102693161849326315620139993508668736412996760643513877e-104;3.2900851358511343546350727790204933137124177350218225663584529361793023349152504e-90;6.1727244643353547825400083638766360982383586611908376142949643282878064625076106e-34;4.3308314980574766761861006265778350524790439549301914148303294559513977770277892e-32;5.3118042108887316733359099076385084851323524505163170896784387456089834952617155e-37;2.0349958952055978740309550541400326219819858297359108429235914336323829923762352e-62,0.00000023427353185524477517369995919424997113066644036683477908568521745026118582891514;7010430765835059106849071923871.4186653672599993185904402435683915530990826175663;10.393828336529710078806109224861197614786341355169400063041330859370892538956828;87.71787204270501701232021618959470078882913982360358749314544611977008829738722;0.0000000000000000000020919869779387526068249184063287943027910575849180290762807184733853046158983098;0.000000000000012715934221584459506766537301517878146563803812952744382689736601381269622197911;174173929667613.0999454558607961299275488537946616734766847998509048943171108516;1458916204078422.8923011919963020028931883940532478496052403850182032092595705706;5109350945716.0514659133188132621556870268504547215625295236081595957053049825162;1.0000609591101179667990096005374322379428598678406187720619274522449679517147383,1.2253498705529751091499361620641601328447198256075703783819237145417631469980596e-137;1.2253498705529751091499361620641601328447198256075703783819237145417631469980596e-137;1.2253498705529751091499361620641601328447198256075703783819237145417631469980596e-137;1.2253498705529751091499361620641601328447198256075703783819237145417631469980596e-137;1.2253498705529751091499361620641601328447198256075703783819237145417631469980596e-137;1.2253498705529751091499361620641601328447198256075703783819237145417631469980596e-137;1.2253498705529751091499361620641601328447198256075703783819237145417631469980596e-137;1.2253498705529751091499361620641601328447198256075703786604135168220434104440526e-137,1.2253498705529751091499361620641601328447198256075703783819237145417631469980596e-137;-1.2253498705529751091499361620641601328447198256075703783819237145417631469980596e-137;-1.2253498705529751091499361620641601328447198256075703783819237145417631469980596e-137;1.2253498705529751091499361620641601328447198256075703786604135168220434104440526e-137,C6H12_s,-136.91173989076393,460,1e-340,validated_single_precision,True,historical_five_resume_20261011
tiw,tiw_branch_01,historical_five_resume_20261011__tiw__alkene_dominant__stage_03,alkene_dominant,1.1167527757236949677845522349022258133653150231529702888490798858879277835481467e-75;0.99999999999999999999999999999995607388139257060888671765914806255397186432340133;2.1981719935426952294722066841754079978138815658783642110646784729487152966069456e-60;1.5656214609017813562303871964326462894753847384484354101268784111553501081784617e-58;8.9048896991304317486779872102693161849326315620139993508668736412996760643513877e-104;3.2900851358511343546350727790204933137124177350218225663584529361793023349152504e-90;6.1727244643353547825400083638766360982383586611908376142949643282878064625076106e-34;4.3308314980574766761861006265778350524790439549301914148303294559513977770277892e-32;5.3118042108887316733359099076385084851323524505163170896784387456089834952617155e-37;2.0349958952055978740309550541400326219819858297359108429235914336323829923762352e-62,0.00000023427353185524477517369995919424997113066644036683477908568521745026118582891514;7010430765835059106849071923871.4186653672599993185904402435683915530990826175663;10.393828336529710078806109224861197614786341355169400063041330859370892538956828;87.71787204270501701232021618959470078882913982360358749314544611977008829738722;0.0000000000000000000020919869779387526068249184063287943027910575849180290762807184733853046158983098;0.000000000000012715934221584459506766537301517878146563803812952744382689736601381269622197911;174173929667613.0999454558607961299275488537946616734766847998509048943171108516;1458916204078422.8923011919963020028931883940532478496052403850182032092595705706;5109350945716.0514659133188132621556870268504547215625295236081595957053049825162;1.0000609591101179667990096005374322379428598678406187720619274522449679517147383,1.2253498705529751091499361620641601328447198256075703783819237145417631469980596e-137;1.2253498705529751091499361620641601328447198256075703783819237145417631469980596e-137;1.2253498705529751091499361620641601328447198256075703783819237145417631469980596e-137;1.2253498705529751091499361620641601328447198256075703783819237145417631469980596e-137;1.2253498705529751091499361620641601328447198256075703783819237145417631469980596e-137;1.2253498705529751091499361620641601328447198256075703783819237145417631469980596e-137;1.2253498705529751091499361620641601328447198256075703783819237145417631469980596e-137;1.2253498705529751091499361620641601328447198256075703786604135168220434104440526e-137,1.2253498705529751091499361620641601328447198256075703783819237145417631469980596e-137;-1.2253498705529751091499361620641601328447198256075703783819237145417631469980596e-137;-1.2253498705529751091499361620641601328447198256075703783819237145417631469980596e-137;1.2253498705529751091499361620641601328447198256075703786604135168220434104440526e-137,C6H12_s,-136.91173989076393,460,1e-340,validated_single_precision,True,historical_five_resume_20261011
tiw,tiw_branch_01,historical_five_resume_20261011__tiw__balanced_adsorbates__stage_03,balanced_adsorbates,1.1167527757236949677845522349022258133653150231529702888490798858879277835481467e-75;0.99999999999999999999999999999995607388139257060888671765914806255397186432340133;2.1981719935426952294722066841754079978138815658783642110646784729487152966069456e-60;1.5656214609017813562303871964326462894753847384484354101268784111553501081784617e-58;8.9048896991304317486779872102693161849326315620139993508668736412996760643513877e-104;3.2900851358511343546350727790204933137124177350218225663584529361793023349152504e-90;6.1727244643353547825400083638766360982383586611908376142949643282878064625076106e-34;4.3308314980574766761861006265778350524790439549301914148303294559513977770277892e-32;5.3118042108887316733359099076385084851323524505163170896784387456089834952617155e-37;2.0349958952055978740309550541400326219819858297359108429235914336323829923762352e-62,0.00000023427353185524477517369995919424997113066644036683477908568521745026118582891514;7010430765835059106849071923871.4186653672599993185904402435683915530990826175663;10.393828336529710078806109224861197614786341355169400063041330859370892538956828;87.71787204270501701232021618959470078882913982360358749314544611977008829738722;0.0000000000000000000020919869779387526068249184063287943027910575849180290762807184733853046158983098;0.000000000000012715934221584459506766537301517878146563803812952744382689736601381269622197911;174173929667613.0999454558607961299275488537946616734766847998509048943171108516;1458916204078422.8923011919963020028931883940532478496052403850182032092595705706;5109350945716.0514659133188132621556870268504547215625295236081595957053049825162;1.0000609591101179667990096005374322379428598678406187720619274522449679517147383,1.2253498705529751091499361620641601328447198256075703783819237145417631469980596e-137;1.2253498705529751091499361620641601328447198256075703783819237145417631469980596e-137;1.2253498705529751091499361620641601328447198256075703783819237145417631469980596e-137;1.2253498705529751091499361620641601328447198256075703783819237145417631469980596e-137;1.2253498705529751091499361620641601328447198256075703783819237145417631469980596e-137;1.2253498705529751091499361620641601328447198256075703783819237145417631469980596e-137;1.2253498705529751091499361620641601328447198256075703783819237145417631469980596e-137;1.2253498705529751091499361620641601328447198256075703786604135168220434104440526e-137,1.2253498705529751091499361620641601328447198256075703783819237145417631469980596e-137;-1.2253498705529751091499361620641601328447198256075703783819237145417631469980596e-137;-1.2253498705529751091499361620641601328447198256075703783819237145417631469980596e-137;1.2253498705529751091499361620641601328447198256075703786604135168220434104440526e-137,C6H12_s,-136.91173989076393,460,1e-340,validated_single_precision,True,historical_five_resume_20261011
tiw,tiw_branch_01,historical_five_resume_20261011__tiw__vacant_10pct__stage_03,vacant_10pct,1.1167527757236949677845522349022258133653150231529702888490798858879277835481467e-75;0.99999999999999999999999999999995607388139257060888671765914806255397186432340133;2.1981719935426952294722066841754079978138815658783642110646784729487152966069456e-60;1.5656214609017813562303871964326462894753847384484354101268784111553501081784617e-58;8.9048896991304317486779872102693161849326315620139993508668736412996760643513877e-104;3.2900851358511343546350727790204933137124177350218225663584529361793023349152504e-90;6.1727244643353547825400083638766360982383586611908376142949643282878064625076106e-34;4.3308314980574766761861006265778350524790439549301914148303294559513977770277892e-32;5.3118042108887316733359099076385084851323524505163170896784387456089834952617155e-37;2.0349958952055978740309550541400326219819858297359108429235914336323829923762352e-62,0.00000023427353185524477517369995919424997113066644036683477908568521745026118582891514;7010430765835059106849071923871.4186653672599993185904402435683915530990826175663;10.393828336529710078806109224861197614786341355169400063041330859370892538956828;87.71787204270501701232021618959470078882913982360358749314544611977008829738722;0.0000000000000000000020919869779387526068249184063287943027910575849180290762807184733853046158983098;0.000000000000012715934221584459506766537301517878146563803812952744382689736601381269622197911;174173929667613.0999454558607961299275488537946616734766847998509048943171108516;1458916204078422.8923011919963020028931883940532478496052403850182032092595705706;5109350945716.0514659133188132621556870268504547215625295236081595957053049825162;1.0000609591101179667990096005374322379428598678406187720619274522449679517147383,1.2253498705529751091499361620641601328447198256075703783819237145417631469980596e-137;1.2253498705529751091499361620641601328447198256075703783819237145417631469980596e-137;1.2253498705529751091499361620641601328447198256075703783819237145417631469980596e-137;1.2253498705529751091499361620641601328447198256075703783819237145417631469980596e-137;1.2253498705529751091499361620641601328447198256075703783819237145417631469980596e-137;1.2253498705529751091499361620641601328447198256075703783819237145417631469980596e-137;1.2253498705529751091499361620641601328447198256075703783819237145417631469980596e-137;1.2253498705529751091499361620641601328447198256075703786604135168220434104440526e-137,1.2253498705529751091499361620641601328447198256075703783819237145417631469980596e-137;-1.2253498705529751091499361620641601328447198256075703783819237145417631469980596e-137;-1.2253498705529751091499361620641601328447198256075703783819237145417631469980596e-137;1.2253498705529751091499361620641601328447198256075703786604135168220434104440526e-137,C6H12_s,-136.91173989076393,460,1e-340,validated_single_precision,True,historical_five_resume_20261011
tiw,tiw_branch_01,historical_five_resume_20261011__tiw__vacant__stage_03,vacant,1.1167527757236949677845522349022258133653150231529702888490798858879277835481467e-75;0.99999999999999999999999999999995607388139257060888671765914806255397186432340133;2.1981719935426952294722066841754079978138815658783642110646784729487152966069456e-60;1.5656214609017813562303871964326462894753847384484354101268784111553501081784617e-58;8.9048896991304317486779872102693161849326315620139993508668736412996760643513877e-104;3.2900851358511343546350727790204933137124177350218225663584529361793023349152504e-90;6.1727244643353547825400083638766360982383586611908376142949643282878064625076106e-34;4.3308314980574766761861006265778350524790439549301914148303294559513977770277892e-32;5.3118042108887316733359099076385084851323524505163170896784387456089834952617155e-37;2.0349958952055978740309550541400326219819858297359108429235914336323829923762352e-62,0.00000023427353185524477517369995919424997113066644036683477908568521745026118582891514;7010430765835059106849071923871.4186653672599993185904402435683915530990826175663;10.393828336529710078806109224861197614786341355169400063041330859370892538956828;87.71787204270501701232021618959470078882913982360358749314544611977008829738722;0.0000000000000000000020919869779387526068249184063287943027910575849180290762807184733853046158983098;0.000000000000012715934221584459506766537301517878146563803812952744382689736601381269622197911;174173929667613.0999454558607961299275488537946616734766847998509048943171108516;1458916204078422.8923011919963020028931883940532478496052403850182032092595705706;5109350945716.0514659133188132621556870268504547215625295236081595957053049825162;1.0000609591101179667990096005374322379428598678406187720619274522449679517147383,1.2253498705529751091499361620641601328447198256075703783819237145417631469980596e-137;1.2253498705529751091499361620641601328447198256075703783819237145417631469980596e-137;1.2253498705529751091499361620641601328447198256075703783819237145417631469980596e-137;1.2253498705529751091499361620641601328447198256075703783819237145417631469980596e-137;1.2253498705529751091499361620641601328447198256075703783819237145417631469980596e-137;1.2253498705529751091499361620641601328447198256075703783819237145417631469980596e-137;1.2253498705529751091499361620641601328447198256075703783819237145417631469980596e-137;1.2253498705529751091499361620641601328447198256075703786604135168220434104440526e-137,1.2253498705529751091499361620641601328447198256075703783819237145417631469980596e-137;-1.2253498705529751091499361620641601328447198256075703783819237145417631469980596e-137;-1.2253498705529751091499361620641601328447198256075703783819237145417631469980596e-137;1.2253498705529751091499361620641601328447198256075703786604135168220434104440526e-137,C6H12_s,-136.91173989076393,460,1e-340,validated_single_precision,True,historical_five_resume_20261011
tiw,tiw_branch_01,historical_five_resume_20261011__tiw__water_dominant__stage_03,water_dominant,1.1167527757236949677845522349022258133653150231529702888490798858879277835481467e-75;0.99999999999999999999999999999995607388139257060888671765914806255397186432340133;2.1981719935426952294722066841754079978138815658783642110646784729487152966069456e-60;1.5656214609017813562303871964326462894753847384484354101268784111553501081784617e-58;8.9048896991304317486779872102693161849326315620139993508668736412996760643513877e-104;3.2900851358511343546350727790204933137124177350218225663584529361793023349152504e-90;6.1727244643353547825400083638766360982383586611908376142949643282878064625076106e-34;4.3308314980574766761861006265778350524790439549301914148303294559513977770277892e-32;5.3118042108887316733359099076385084851323524505163170896784387456089834952617155e-37;2.0349958952055978740309550541400326219819858297359108429235914336323829923762352e-62,0.00000023427353185524477517369995919424997113066644036683477908568521745026118582891514;7010430765835059106849071923871.4186653672599993185904402435683915530990826175663;10.393828336529710078806109224861197614786341355169400063041330859370892538956828;87.71787204270501701232021618959470078882913982360358749314544611977008829738722;0.0000000000000000000020919869779387526068249184063287943027910575849180290762807184733853046158983098;0.000000000000012715934221584459506766537301517878146563803812952744382689736601381269622197911;174173929667613.0999454558607961299275488537946616734766847998509048943171108516;1458916204078422.8923011919963020028931883940532478496052403850182032092595705706;5109350945716.0514659133188132621556870268504547215625295236081595957053049825162;1.0000609591101179667990096005374322379428598678406187720619274522449679517147383,1.2253498705529751091499361620641601328447198256075703783819237145417631469980596e-137;1.2253498705529751091499361620641601328447198256075703783819237145417631469980596e-137;1.2253498705529751091499361620641601328447198256075703783819237145417631469980596e-137;1.2253498705529751091499361620641601328447198256075703783819237145417631469980596e-137;1.2253498705529751091499361620641601328447198256075703783819237145417631469980596e-137;1.2253498705529751091499361620641601328447198256075703783819237145417631469980596e-137;1.2253498705529751091499361620641601328447198256075703783819237145417631469980596e-137;1.2253498705529751091499361620641601328447198256075703786604135168220434104440526e-137,1.2253498705529751091499361620641601328447198256075703783819237145417631469980596e-137;-1.2253498705529751091499361620641601328447198256075703783819237145417631469980596e-137;-1.2253498705529751091499361620641601328447198256075703783819237145417631469980596e-137;1.2253498705529751091499361620641601328447198256075703786604135168220434104440526e-137,C6H12_s,-136.91173989076393,460,1e-340,validated_single_precision,True,historical_five_resume_20261011
tizr,tizr_branch_01,unresolved_five__tizr__alkene_OOH_mix__stage_02,alkene_OOH_mix,0.000000000000000000060747708482887113211635747217470064744827374459599242765716845971848100888125267;0.00061760904314575491470445861754793141660798236235657270193553518726922763687800531;0.0000032160538473242858189850852446225124665997953819576877860973397057405050605577195;0.000058173887236161695769140466599230371021717393619774681868883976089901591138765262;4.8975184759027991984264475774893519974066868366999733663867924371538702700629453e-49;1.1775061346742203522481937279146356988614193471245062170430667868628938238121056e-34;0.000000000000000016133464306788380701280742011171700522120958992287984243232168890988427736016938;0.99931993680654872357813161061974126976988921232634794073471394821039617734283651;1.1775061346742203522481937279146356988614193471245062170430667868628938238121056e-34;0.0000010642092220193313637899395988959364097948885629658415733056919730498845820679173,0.00000000028168998680445444801505493345469304862435225051070919025821164271760906448300058;0.028402939096595070826935380451726938829432376015536536639812826034599274252885066;0.0020495952937986968829162334085983846637419191125198182530719569832561818357683135;0.0087170693628937911514543076357953957376695683874992620959878564329573162604876086;-0.00000000000000000000000079982412742955854111336793166843725606877600724200557631693468749192179908370506;0.000000000000000012401894956731968505373210222251525601621311977177161882685348354017812642323242;0.0000000045906087026366673044014377520314623335954400919754407748727010097050542141793297;1.1425066465942757474669517644125884436223133626850620336930481851918784643189743;0.000000000000000012401894956731968505373210222251525601621311977177161882685348354017812642323242;0.0011790167318798497716535335868415372346170517472756805537475657328337501545654416,1.1424521555404669204146659506673995918756277201847226720549637743841087919958504e-56;1.1424521555404669204146659506673995918756277201847226720549637743841087919958504e-56;1.1424521555404669204146659506673995918756277201847226720549637743841087919958504e-56;1.1424521555404669204146659506673995918756277201847226720549637743841087919958504e-56;1.1424521555404669204146659506673995918756277201847226720549637743841087919958504e-56;1.1424521555404669204146659506673995918756277201847226720549637743841087919960057e-56;1.1424521555404669204146659506673995918756277201847226720549637743841087919958504e-56;1.1424521555404669204146659506673995918756277201847226720549637743841087919958504e-56,1.1424521555404669204146659506673995918756277201847226720549637743841087919958504e-56;-1.1424521555404669204146659506673995918756277201847226720549637743841087919958504e-56;-1.1424521555404669204146659506673995918756277201847226720549637743841087919958504e-56;1.1424521555404669204146659506673995918756277201847226720549637743841087919958504e-56,OOH_s,-55.94216197858402,360,1e-260,validated_single_precision,True,unresolved_five
tizr,tizr_branch_02,unresolved_five__tizr__vacant_10pct__stage_02,vacant_10pct,3.0717430347454752097586726789273450896295096884374736398054567904673868672515506e-30;0.00000000000003122975868321389705879020275872328713537067139674680547604238493382040071108143;0.00000000000000016262162395257573147737830724044623761233765025327060366541123551956060781643776;0.0000000000000029415962739086297663196960903167698986588239618531571720946033480031783496852081;1.251384002919713869599271281997872167382163786333057419312675191159392888655495e-69;5.9561535382860820401298153849528033825306558261777802853756937791608023549559181e-45;0.00000000000000001614444583704041438162984523486617136665250791426455743754722065715107299451055;0.99999999999996559606661790789409320394483274193475667592122212185084667445077675;5.9561535382860820401298153849528033825306558261777802853756937791608023549559181e-45;0.000000000000000053812355179959864084113420255573734566342169685302082554624438089188904773333776,0.0000000000000017841459679509537705858563925955558431106607879502811210304953472735794143488877;0.00000017989631027362191745244383185943811757026766646306528931751457843603514549405097;0.0000000129815660856297424308762405512493607583520961146731003847862857160638625160968;0.000000055211490946435765160308547203993789495600992565962787318876158753883509361791886;3.6010839103869606000014938227094705427190062072624258458778098897992985123132704e-35;0.00000000000000000000007856351103157230084728545152564453290459038056328091490517830038789314365080229;0.0000000040902467938904281028646596214549058420966083798237043096963863844878564758298837;1.0179769437431656686849863704827574679747911400251790214971121125256982333647728;0.00000000000000000000007856351103157230084728545152564453290459038056328091490517830038789314365080229;0.000000007467563800165866707618216148443803619148644153909306430886940886265477677247471,2.9230983888863075080310026508850268700809272726279010364459172043369460891508601e-77;2.9230983888863075080310026508850268700809272726279010364459172043369460891508601e-77;2.9230983888863075080310026508850268700809272726279010364459172043369460891508601e-77;2.9230983888863075080310026508850268700809272726279010364459172043369460891508601e-77;2.9230983888863075080310026508850268700809272726279010364459172043369460891508601e-77;2.9230983888863075080310026508850268700809272726279010370896189201081820637135471e-77;2.9230983888863075080310026508850268700809272726279010364459172043369460891508601e-77;2.9230983888863075080310026508850268700809272726279010364459172043369460891508601e-77,2.9230983888863075080310026508850268700809272726279010364459172043369460891508601e-77;-2.9230983888863075080310026508850268700809272726279010364459172043369460891508601e-77;-2.9230983888863075080310026508850268700809272726279010364459172043369460891508601e-77;2.9230983888863075080310026508850268700809272726279010364459172043369460891508601e-77,OOH_s,-76.53415656643139,360,1e-260,validated_single_precision,True,unresolved_five
