root_id,surface,branch_id,dominant_species,log10_TOF,jacobian_dimension,jacobian_precision,jacobian_tolerance,full_function_max_abs,full_jacobian_has_redundant_vacancy,eigenvalues_high_precision,max_real_part_high_precision,jacobian_condition_number_high_precision,finite_difference_steps_high_precision,derivative_check_relative_error_high_precision,derivative_check_pass,full_reduced_stability_status,stoichiometric_rank,structural_zero_mode_count,stoichiometric_basis_column_indices,compatibility_jacobian_dimension,compatibility_eigenvalues_high_precision,compatibility_max_real_part_high_precision,compatibility_condition_number_high_precision,compatibility_derivative_check_relative_error_high_precision,compatibility_derivative_check_pass,stability_status,jacobian_error,compatibility_stability_status
historical_five_resume_20261011__ti__Ha_dominant__stage_03,ti,ti_branch_01,Ha_s,-103.22813167965649,9,460,1e-340,1.090125952272330856654480440434087845676046137147448952193013891987370690055021e-80,True,(-7420106713048.4178141311460332579514181314861115976435801253048843807987612274552 - 2.819411590468082473263714078170281926534367733823976781703735390408602054850206e-486j);(-6703759576440.7635550313712985744527061573310134627095657374319330930337289861969 + 2.7583452752812980676058181312263593443484555086800169445791739673365977351398058e-486j);(-277778462.17607736737466649330259226624843934715649322649361589650905071920714685 - 4.8632665630053468206663191414555091636674071087764398939874120725671674285925359e-488j);(-6941719332946.7344058722543499566294832816344127068679110905593473601255412557486 + 1.1460508747668849402162021546088385867486414458631107259421842840315382444825682e-486j);(-6941719332930.19782992538737492788064016535804174376036515491160220505406183018 - 1.6270531540386365948311096054774224655867217344469349021819250266739489996556444e-486j);(-6941719332930.1978818395780879198046331450645128784166588446435932257100248243804 + 1.3149422713425271162659193369882051993530287379307391053585340254527805027099931e-486j);(-6.5148603511866313130411478084663045352653096755122530039568575013949123680859312e-474 - 5.0189044109051674372767763270634420211251232419147173808938223830377036508761937e-489j);(-6.0704759603012835589459984017458315126507798217378115403477330224043251233307987e-504 - 1.3260915996851646204258091109597184900695998194330628261443024120344656492518757e-521j);(-1.0279696045679032790158556646851631401279474655616085584215337646238715280220299e-47 + 1.3260914368269348966543210775166522604678470359866149192841981703218574360208044e-521j),-6.0704759603012835589459984017458315126507798217378115403477330224043251233307987e-504,+inf,4.641627570233011435142900652059445202951e-30;1.857384470060512586837987943560227534154e-14;2.427985448218448366257634961422858201265e-17;2.105818356928511532384014775684614277559e-17;1.857384470060512586837987943560227534154e-14;2.876458093327154650710311054410704992651e-57;5.579226685678983012450683863361108779441e-111;1.052809814168534192774936727479149166631e-89;2.876458093327154650710311054410704992651e-57,5.9001936588653698914538548274777586021375544821068780113416067528392709276169427e-390,True,near_neutral_or_undetermined,7,2,0;1;2;3;4;5;6,7,(-277778462.17607736737466649330259226624843934715649322649361589650905071920714685 + 1.0071978849545307317037223917946805061989957019817243876661195479160785829282436e-473j);(-1.0279696045679032790158556646851631401279474655616085584215337646238715280220299e-47 - 5.6457663859418496608818257611548323354542418018699401601484074382152457644521612e-474j);(-7420106713048.4178141311460332579514181314861115976435801253048843807987612274552 + 1.0958018194040965916971869331484880694112057164726092215635298361791896372182812e-473j);(-6703759576440.7635550313712985744527061573310134627095657374319330930337289861969 - 7.6934008221133852160999932484771659923908970433550886567882809148644180650727496e-474j);(-6941719332930.19782992538737492788064016535804174376036515491160220505406183018 - 1.5296289659982714572464192057741029626813074314401944895776762832638973081589056e-463j);(-6941719332930.1978818395780879198046331450645128784166588446435932257100248243804 + 1.442113324440988845496898649194959097950854226343091288947457574548446721912834e-463j);(-6941719332946.7344058722543499566294832816344127068679110905593473601255412557486 + 8.7515641897712917722155219050056655653606728257089514134966139814309990626561293e-465j),-1.0279696045679032790158556646851631401279474655616085584215337646238715280220299e-47,15468089186877986715952020692156353309067463488536321289879900.859153469294077063,3.0525352095987879525377342417406580781613559691658205919314815461525696262142116e-390,True,near_neutral_or_undetermined,,linearly_stable
historical_five_resume_20261011__ti__Hb_dominant__stage_02,ti,ti_branch_02,Hb_s,-76.74506917328289,9,360,1e-260,1.2504125034645234225705465952115766360660066563953624702517699839530659633189646e-81,True,-6941719332946.73440587225434995662948328163441270686791109055876047846202185712;-7420106713048.4180908027234759123695130539602563114605918906271651444788494348735;-6703759576440.7636921977294042697077886988294116766842031406029509530496321266016;-4.2433254556395901397785539946628248360663435141911390297855850969620143145340975;(-3.0247974377670826314501403724348305759010174017261577146982468285051212305567835e-374 - 8.6839440552473351384978285819210304912379755083196265135937907719946456656396526e-374j);(-3.0247974377670826314501403724348305759010174017261577146982468285051212305567835e-374 + 8.6839440552473351384978285819210304912379755083196265135937907719946456656396526e-374j);-0.000000000000000086399705989274254545328790520211964694465288314286639442940308847429446389006681;-277778462.17607736737466649330242196317916602286993044459358021182804844697197719;-446716748.17348510265249505583986211105033791787202802299478830804221888127749075,-3.0247974377670826314501403724348305759010174017261577146982468285051212305567835e-374,+inf,1.151323107594981219942298494260692977642e-30;4.607111681649580810527898151398711482967e-15;6.0224473186200232399592510113317055483e-18;5.223334483528547256771978598554651996016e-18;1.059655002497440377475888116890254565957e-78;4.607111681649580810527898151398711482967e-15;4.607111681649580810527898151398711482967e-15;3.188368875432352951935591400089503469429e-43;4.40514374163368685640067858770354635502e-27,4.6769306867712543725758075406199046531335006129812847843428263737775529243271768e-323,True,near_neutral_or_undetermined,7,2,0;1;2;3;4;5;6,7,-0.000000000000000086399705989274254545328790520211964694465288314286639442940308847429446389006681;-4.2433254556395901397785539946628248360663435141911390297855850969620143145340975;-277778462.17607736737466649330242196317916602286993044459358021182804844697197719;-446716748.17348510265249505583986211105033791787202802299478830804221888127749075;-7420106713048.4180908027234759123695130539602563114605918906271651444788494348735;-6941719332946.73440587225434995662948328163441270686791109055876047846202185712;-6703759576440.7636921977294042697077886988294116766842031406029509530496321266016,-0.000000000000000086399705989274254545328790520211964694465288314286639442940308847429446389006681,965406235314861704055437754390.20871136509550494949119160573561787415757418081521,4.6677141301910453617379057517450118885939107477256709414328473158997811993804713e-323,True,near_neutral_or_undetermined,,linearly_stable
historical_five_resume_20261011__ti__OH_dominant__stage_03,ti,ti_branch_03,Hb_s,-125.82430690485035,9,460,1e-340,6.8995221093527851416111031434068665469934037320130215997464903873405871095138677e-106,True,-6941719332946.7344058722543499566294832816344127068679110905587604784620215103385;-7420106713048.4178141311460332579514181314861115976435801257266121040962288604367;-6703759576440.7635550313712985744527061573310134627095657376410144032703031900105;-277778462.17607736737466649330259226624843934715649322649361589650905071894755555;-6.4680600731194141908747216486222209862499956610382289039215400500106220604844803e-42;-7.1990423283753154518639600293468805524762204461807793055956182089662224583736029e-66;8.0804194383703198981416479333783940219548031028188318593488452933840532972370654e-474;-2.0151329240335292403931649498453929929183209623364424377394737741439155745833638e-473;-446716748.17399595839138782259255442836587962948671210099492670963660554408249269,8.0804194383703198981416479333783940219548031028188318593488452933840532972370654e-474,+inf,3.323367771592768312267439507028101297389e-55;1.329872247149321626319483619924580679109e-39;1.738417929144699183146747910067510481923e-42;1.507748899357155756516420396237237236151e-42;5.792408151243027192572226584855168652777e-86;1.329872247149321626319483619924580679109e-39;2.329415206028993680240594498263226060389e-55;5.204253868961725646914808986547016687425e-62;1.938245891403317748189581950510926327193e-93,1.243756014942475953117132651130035223670220441053665507358986627354422179790142e-432,True,near_neutral_or_undetermined,7,2,0;1;2;3;4;5;6,7,-7.1990423283753154518639600293468805524762204461807793055956182089662224583736029e-66;-6.4680600731194141908747216486222209862499956610382289039215400500106220604844803e-42;-277778462.17607736737466649330259226624843934715649322649361589650905071894755555;-446716748.17399595839138782259255442836587962948671210099492670963660554408249269;-7420106713048.4178141311460332579514181314861115976435801257266121040962288604367;-6941719332946.7344058722543499566294832816344127068679110905587604784620215103385;-6703759576440.7635550313712985744527061573310134627095657376410144032703031900105,-7.1990423283753154518639600293468805524762204461807793055956182089662224583736029e-66,11586376504920533517984881200780996810396859593850004843005924145028990960872535.0,1.243285543868244758827830873559585011031502707242738853267768996550717318358184e-432,True,near_neutral_or_undetermined,,linearly_stable
historical_five_resume_20261011__ti__O_dominant__stage_02,ti,ti_branch_04,O_s,-76.74506917328289,9,360,1e-260,1.2504125034645234225705465952115766360660066563953624702517699839530659633189646e-81,True,-6941719332946.73440587225434995662948328163441270686791109055876047846202185712;-7420106713048.4180908027234759123695130539602563114605918906271651444788494348735;-6703759576440.7636921977294042697077886988294116766842031406029509530496321266016;-277778462.17607736737466649330242196317916602286993044459358021182804844697197719;-446716748.17348510265249505583986211105033791787202802299478830804221888127749075;-4.2433254556395901397785539946628248360663435141911390297855850969620143145340975;-0.000000000000000086399705989274254545328790520211964694465288314286639442940308847429446389006681;1.1929015949466613636826229406075362046217390032535637718190657482709776365834874e-375;9.9694670326093864486815031139180370763502174374174551657996163268615013680482202e-383,1.1929015949466613636826229406075362046217390032535637718190657482709776365834874e-375,+inf,1.151323107594981219942298494260692977642e-30;4.607111681649580810527898151398711482967e-15;6.0224473186200232399592510113317055483e-18;5.223334483528547256771978598554651996016e-18;1.059655002497440377475888116890254565957e-78;4.40514374163368685640067858770354635502e-27;4.607111681649580810527898151398711482967e-15;3.188368875432352951935591400089503469429e-43;4.607111681649580810527898151398711482967e-15,4.6769306867712543725758075406199046531335006129812847843428263737775529243271768e-323,True,near_neutral_or_undetermined,7,2,0;1;2;3;4;5;6,7,-0.000000000000000086399705989274254545328790520211964694465288314286639442940308847429446389006681;-4.2433254556395901397785539946628248360663435141911390297855850969620143145340975;-277778462.17607736737466649330242196317916602286993044459358021182804844697197719;-446716748.17348510265249505583986211105033791787202802299478830804221888127749075;-7420106713048.4180908027234759123695130539602563114605918906271651444788494348735;-6941719332946.73440587225434995662948328163441270686791109055876047846202185712;-6703759576440.7636921977294042697077886988294116766842031406029509530496321266016,-0.000000000000000086399705989274254545328790520211964694465288314286639442940308847429446389006681,965406235314861704055437754390.20871136509550494949119160573561787415757418081521,4.6677141301910453617379057517450118885939107477256709414328473158997811993804713e-323,True,near_neutral_or_undetermined,,linearly_stable
historical_five_resume_20261011__ti__balanced_adsorbates__stage_02,ti,ti_branch_05,C6H12_s,-52.94908203518407,9,360,1e-260,1.2202346560094941056263544273625009167873255453045047957510878278547836779383322e-69,True,-6941719332946.7344058722543499566294832816344127068679110905588619366950203855456;-7420266643481.3504827960923246232597748757552897658491477902026527642644360921748;-6703838838798.7775306474352749863202646103788163631869898146430636827403055390517;-2452704685355.6619017813243666353303725413529046952985443583945487298337408273985;-277778462.17609094190562797008260868634019867875895653981379609252165339574325045;-4.6730463589603558571387954140954977763882091509643066723709242739130393026699379e-374;-6.9439195055862518220809033146685626764181752954575492394542611101449140806361766e-374;-54013137.192000869964801315021572373474545392380506104509192533908859513181065342;-98052933.539322552688888033971387143172836653182590907985282156484159935011472034,-4.6730463589603558571387954140954977763882091509643066723709242739130393026699379e-374,+inf,9.103130952536496000863892199099050088729e-19;0.00000001;0.00000001;0.00000001;1.146074138831354730311129770282189120897e-66;0.00000001;0.00000001;1.842924225626332180371627595604886146884e-31;0.00000001,5.2779803274145349051457684857070653149100171597793654128324525038983104397067678e-323,True,near_neutral_or_undetermined,7,2,0;1;2;3;4;5;6,7,-54013137.192000869964801315021572373474545392380506104509192533908859513181065342;-98052933.539322552688888033971387143172836653182590907985282156484159935011472034;-277778462.17609094190562797008260868634019867875895653981379609252165339574325045;-2452704685355.6619017813243666353303725413529046952985443583945487298337408273985;-7420266643481.3504827960923246232597748757552897658491477902026527642644360921748;-6703838838798.7775306474352749863202646103788163631869898146430636827403055390517;-6941719332946.7344058722543499566294832816344127068679110905588619366950203855456,-54013137.192000869964801315021572373474545392380506104509192533908859513181065342,2481137.6812246043319229217931446570264336964238177890783707050313948028980852558,4.0291351713144382974920553434540297829647453442032407201947228157573876700924976e-323,True,near_neutral_or_undetermined,,linearly_stable
historical_five_resume_20261011__tico__Ha_dominant__stage_03,tico,tico_branch_01,Ha_s,-103.29168558732113,9,460,1e-340,1.9808147746306087312899798826614172247903212377839783525477496391600244240513095e-82,True,-7015136083416.429406667774578648031131271040087228413786646959575631177180983409;-6941719332946.7344058722543499566294832816344127069314020508198971371435494562163;-6941719332946.7344058723221241378730589630967596492935190131673586617664611862339;-6941719332946.0503532628012405260419259715709689106790064452992920599474838065974;-6941719332939.4591410310593603725834911150102485131968823673708445846684310962361;-6941719332939.4591410318379058015172133632094574525488876968245519019345685897272;7.1688276076205613363744378101808853195021076967439400863487283920918029813003508e-474;-6.1992678976758479355215265631012238287011356443760899283140421178991459008231286e-485;-2.3256318474011211889852194621866438339533996894816386024628620751936747421188714e-47,7.1688276076205613363744378101808853195021076967439400863487283920918029813003508e-474,+inf,4.100492120575904324429141168280124652385e-46;2.742084436542831758089677210304300228075e-15;2.61329771833882150654701285425277334445e-30;2.750469472109335041790445011752814001233e-31;2.742084436542831758089677210304300228075e-15;1.098356820076709553197490293796406853262e-57;1.768496801641347818965743935016898229102e-78;2.808083791220081064269173167175497529957e-64;1.098356820076709553197490293796406853262e-57,1.4148295394353089406127754784798125171560638272590636550788771199988160252920984e-423,True,near_neutral_or_undetermined,7,2,0;1;2;3;4;5;6,7,(-2.3256318474011211889852194621866438339533996894816386024628620751936747421188714e-47 - 3.1703814248374190801663330993395576313770029506810311942167782799349504906908261e-474j);(-7015136083416.429406667774578648031131271040087228413786646959575631177180983409 - 1.3777778915698059221782362923366432257621533428192942612075889872907420637056123e-473j);(-6941719332946.0503532628012405260419259715709689106790064452992920599474838065974 - 2.067699817238072696278603435331755842067066211189441236683141235183593204994723e-466j);(-6941719332946.7344058723221241378730589630967596492935190131673586617664611862339 + 1.873304071707482976765104875883590974463606062669296374090579327475328420769847e-466j);(-6941719332946.7344058722543499566294832816344127069314020508198971371435494562163 + 1.1217653407613813558565050968962037261322860668904897124342077596797000383798928e-473j);(-6941719332939.4591410310593603725834911150102485131968823673708445846684310962361 + 1.9441464881368728996844772270306980625150365619310970953638554130832215687670868e-467j);(-6941719332939.4591410318379058015172133632094574525488876968245519019345685897272 - 1.8904033889881480088242264463677602518277691743058837751180434214055397217889308e-471j),-2.3256318474011211889852194621866438339533996894816386024628620751936747421188714e-47,7051241641978284225331989259469001022209039502360611787370938.0770314587766825794,7.1489650315256151077993882827106115807202349370583554451736104479244796081657958e-424,True,near_neutral_or_undetermined,,linearly_stable
historical_five_resume_20261011__tico__OH_dominant__stage_03,tico,tico_branch_02,Hb_s,-60.33958337440001,9,460,1e-340,4.5959943140931386999646351694417148275152162917207674176313751496922850419531537e-71,True,-4.2753755835472582051750095488794887142109409023351462781624134389867871850129187e-474;1.2146802981836183994106757942779949893756100435010858013240947438056279455074411e-473;-7015136083416.4294066677745786480314036010540005296390251842037846850739463527466;-6941719332946.0503532621203945190096287161448888743718809659530083761843543232007;-6941719332946.7344058722543499566294832816344127068708616421150754987350236139442;-6941719332946.7344058722574995580049562268536834517256657486651098528974870863592;-1303798923904.3382131187556440864058335394854941641795110961306913342585947834833;-1303798923904.3382131187494319448635163062141402490591662565605675678339356232359;-2049712130.1627219657514738728892931625732720167116615309613821433674963608645391,1.2146802981836183994106757942779949893756100435010858013240947438056279455074411e-473,+inf,1.476717518190533318939854561992076331148e-35;0.00000001;9.411315538331740859770091301739833979767e-20;9.905314614143612090627078133666393592102e-21;0.00000001;0.00000001;1.22119101762262394910298698153607888421e-56;1.939051684677624752872709958289495112184e-42;5.580379864587512251354635763500219876611e-71,2.0613594092109931162987636004691168961481559036619831345894173676481532867594785e-420,True,near_neutral_or_undetermined,7,2,0;1;2;3;4;5;6,7,-2049712130.1627219657514738728892931625732720167116615309613821433674963608645391;-1303798923904.3382131187494319448635163062141402490591662565605675678339356232359;-1303798923904.3382131187556440864058335394854941641795110961306913342585947834833;-7015136083416.4294066677745786480314036010540005296390251842037846850739463527466;-6941719332946.0503532621203945190096287161448888743718809659530083761843543232007;-6941719332946.7344058722574995580049562268536834517256657486651098528974870863592;-6941719332946.7344058722543499566294832816344127068708616421150754987350236139442,-2049712130.1627219657514738728892931625732720167116615309613821433674963608645391,80090.60632837136742464816437317228496512444263283002931291495534272750618796177,1.7537668733471550383932734363364978792646252836876250960384471629004471020035438e-420,True,near_neutral_or_undetermined,,linearly_stable
historical_five_resume_20261011__tico__balanced_adsorbates__stage_02,tico,tico_branch_03,C6H12_s,-26.542280449297824,9,360,1e-260,5.3503002996704038773587520247044924047991009060540161945866584651138238993220698e-70,True,-7015136083416.4294066677745786480370718612382511380900437419222180326632111981313;-6941719332946.0503532627344106668480634186475627100280073671908221408051070495809;-6941719332946.7344058720628677929715996950173598071163775610930652463055396281354;-6941719332946.7344058722543499566305664822025452328605278606127295978363307623754;-2528657314614.0971601964197914578042062003795720733534767492727688151745132635513;-0.00000006612389659809037536231170084737696207891848608227381469779830929316696939210214;-0.000000000000000016735041953012358065785142933929043157252830568248226892071157396530949480398494;-2.5997597461656841609333936709709691988745801411422379543972909933962686356178052e-374;1.9260894864377391925263270349663085703675440552608425723810935183674419311011237e-383,1.9260894864377391925263270349663085703675440552608425723810935183674419311011237e-383,+inf,2.487295507127405872449112053489484256636e-34;0.00000001;1.585185578307586899958201525136973441162e-18;1.668391821630830542538029059319805699735e-19;2.836413750720833305328841393613158843939e-40;3.122920460507135447818185556480555983009e-18;0.00000001;0.00000000004285808424125974426546600202256594844571;3.122920460507135447818185556480555983009e-18,1.2773437399394933932409450620913672437474357500697445401504662836634246167485032e-349,True,near_neutral_or_undetermined,7,2,0;1;2;3;4;5;6,7,(-0.000000000000000016735041953012358065785142933929043157252830568248226892071157396530949480398494 + 3.6047221166817960118928771514235416656385402744025118652981211662357435927842251e-409j);(-0.00000006612389659809037536231170084737696207891848608227381469779830929316696939210214 - 3.3768478839735292416519372563926281427890694505421832470510872187810034665496393e-399j);(-2528657314614.0971601964197914578042062003795720733534767492727688151745132635513 - 5.5331714644668640996780228390148641926348993469978388114382710914835459306530684e-395j);(-7015136083416.4294066677745786480370718612382511380900437419222180326632111981313 - 6.3795360271280471722266902837296655966808254924265006681062777134313525300348293e-395j);(-6941719332946.0503532627344106668480634186475627100280073671908221408051070495809 - 8.4971725333282723516605068721940696698442339225889749923193534912823455441575983e-384j);(-6941719332946.7344058722543499566305664822025452328605278606127295978363307623754 - 4.1734502437705675878002828179103641380834406532047419067966875209146619656510035e-376j);(-6941719332946.7344058720628677929715996950173598071163775610930652463055396281354 - 2.2612766772238396691639886690607383014201115963759457971118896099193602921535942e-374j),-0.000000000000000016735041953012358065785142933929043157252830568248226892071157396530949480398494,4977617161064164028077929005412.0778883235105337135600283149502974901156511526057,9.4618624956259290000089281526204707057232593685746802711973365424024136431106725e-350,True,near_neutral_or_undetermined,,linearly_stable
ticr__Ha_dominant__stage_02,ticr,ticr_branch_01,Ha_s,-61.65754646515133,9,360,1e-260,7.2946820091860757162832848101677422060724618478581107254180216128615080658280956e-82,True,-13904323098509.124172036425984992494373359853363008242689980124719504286605274882;-81494148519.603201165146186836204543365090631953159115182944736787629137334846541;-12636269641.100137112686367446588325075728265343486916368941033308488786132142687;-6177873911.6694020189205369242707893297477608037311262596937548991245209586733932;-6941719332933.5288610830722045572311381612773269831280829884514044746042329109495;-6941719332933.5288610830696817170587174602956190283586121107469146375922266367713;-0.0000000000000000000000007816103259263902755830651138643890117147443475524480920264155763857127544976025;2.5227921767569406009398941280484823853093135263650285475538787025758768206103947e-375;-4.3701163616847033792714649023453977773661307078500896297679641792562094998738759e-377,2.5227921767569406009398941280484823853093135263650285475538787025758768206103947e-375,+inf,4.567150670851709765721306280664381633969e-33;4.064595473660688037419850658714514132336e-16;4.064595473660688037419850658714514132336e-16;4.064595473660688037419850658714514132336e-16;4.064595473660688037419850658714514132336e-16;1.407450892995481347676858411384297185265e-38;2.265507433761579477005914369137748276912e-43;1.640568543974439026585917346697046485892e-40;1.407450892995481347676858411384297185265e-38,3.7081832384817568137903465220007871944599879021075877377680407259197184960823185e-359,True,near_neutral_or_undetermined,7,2,0;1;2;3;4;5;6,7,(-13904323098509.124172036425984992494373359853363008242689980124719504286605274882 + 5.7604886761576538628807105064082622664944025196213330701285662079196276123373701e-373j);(-81494148519.603201165146186836204543365090631953159115182944736787629137334846541 + 3.5580897835406044574874279274462156901976965884333589163112330165454758126517779e-374j);(-12636269641.100137112686367446588325075728265343486916368941033308488786132142687 + 5.4448478782038616644131988318832827181184937277523566419581404328281989843713521e-373j);(-6177873911.6694020189205369242707893297477608037311262596937548991245209586733932 - 7.0339618610574862111897117641970844883433105431588989617161356126273466255969009e-373j);(-0.0000000000000000000000007816103259263902755830651138643890117147443475524480920264155763857127544976025 - 1.0584354460362896029661393998087963241393434761131534476475997029318900164229674e-372j);(-6941719332933.5288610830722045572311381612773269831280829884514044746042329109495 - 1.8052075013088117719541922617938375108127227619046171984633136797025361274880243e-373j);(-6941719332933.5288610830696817170587174602956190283586121107469146375922266367713 + 3.9284938199629004365673167970875050270713138872464267627011516722437060110662549e-374j),-0.0000000000000000000000007816103259263902755830651138643890117147443475524480920264155763857127544976025,462945030655738926956149522777792377853.84105824247054069787562592725485049055335,2.0456609195555413844204669442651152346466449547389091426015770006824682735892536e-359,True,near_neutral_or_undetermined,,linearly_stable
unresolved_five__ticr__alkene_OOH_mix__stage_02,ticr,ticr_branch_02,OH_s,-5.773915795287493,9,360,1e-260,1.0284421399090393984867684901547853542228289601235665249249081189906129462947917e-71,True,-13904323098509.280544147955687512961793676999858836870036260936332908463417608265;-6687874463964.7770308399783091756682501439055560808105864111541122989191369081701;-81494148519.607159836767782693465904803768808481482218671154456031854335708091563;-12636269641.100443969882411761090891006734232977073469149726064834012354342041661;-6177873911.6694229840342989384059760658232098343650591732836045473024040548431612;-6836.0562721697575215020518747900403261382761944195307009956550331198492307425817;-0.012390379284970960507808290099041154102004646585107391064520977833838574182240873;-8.1766948135566658195296189558030210001680661672858027851492695067286113442898021e-374;1.4356742459754034124185628970250882089578388689718975254038769870152945926141813e-377,1.4356742459754034124185628970250882089578388689718975254038769870152945926141813e-377,+inf,6.810605628344779108486780048343445947157e-17;0.00000001;0.00000001;0.00000001;6.300815227398153216230446761718204431848e-20;0.0000000001230973166056442234081690533015642113975;0.00000001;0.00000001;0.0000000001230973166056442234081690533015642113975,4.4846665545473248368483032281795129691037528747644249498856214596667702712890899e-372,True,near_neutral_or_undetermined,7,2,0;1;2;3;4;5;6,7,(-13904323098509.280544147955687512961793676999858836870036260936332908463417608265 + 1.4277725520503200289255574677255981375479025923652834000327761232752788488792017e-373j);(-81494148519.607159836767782693465904803768808481482218671154456031854335708091563 + 1.4131580987030575916766505509674101040087313493715617242601280909227086759829519e-373j);(-12636269641.100443969882411761090891006734232977073469149726064834012354342041661 + 2.2427982702537874657460857509195005894417726998203433204879263766394530019410114e-373j);(-6177873911.6694229840342989384059760658232098343650591732836045473024040548431612 - 2.0524767394632893799679840653695201299492376661378336577633509360543923345751947e-373j);(-6836.0562721697575215020518747900403261382761944195307009956550331198492307425817 + 3.1567912549843993347616275171852042544323909132558647652354463437279765681103888e-374j);(-0.012390379284970960507808290099041154102004646585107391064520977833838574182240873 + 1.2066041181695776701403179759463295103122620212757255710840253333815905498612955e-374j);(-6687874463964.7770308399783091756682501439055560808105864111541122989191369081701 + 6.4792903185095690949003899712068916133232710975584117084393275507590153578476754e-375j),-0.012390379284970960507808290099041154102004646585107391064520977833838574182240873,14234873798350558.99059473168466829131313618085222157954877583373729101432389751,4.0752569363474752843763892836699235876090682524338528388180175993648602210708581e-372,True,near_neutral_or_undetermined,,linearly_stable
unresolved_five__ticr__balanced_adsorbates__stage_02,ticr,ticr_branch_03,H2O_s,-3.1955429284274697,9,360,1e-260,1.0741552423850105357605403624780934044575809681424970406742174207624394502293362e-70,True,-13904323098511.377830635001039155403961014972678281335768593096795013065851738145;-2000585130979.4511523668407996679971426975839889763465360208533670905871016314669;-81494148519.680068826899726529280215341889487668137842996785951513248352403773983;-12636269641.106108836752524813851921698533390663592961928135007504023172381305073;-6177873911.6704146905256297045436113117235319562995952128830175078589404823679592;-133043.01016754697116049981653003446314133865474668360550418589766092892249481263;-4.6961804348735334177935286996234755131098410865674957049565805716228727998659458;6.7828112302920720241631069168691878092925233943383553038534904178406562444285891e-374;2.7943794694288753743134358034726069422973661204514977060709715727439922569125199e-378,6.7828112302920720241631069168691878092925233943383553038534904178406562444285891e-374,+inf,2.579633859746435503586326932288869016339e-14;0.00000001;0.00000001;0.00000001;7.980761645305686721217586076452566676658e-17;0.00000000239571426751897646314610339685868367885;0.00000001;0.00000001;0.00000000239571426751897646314610339685868367885,3.719696218744567858305884414367555531618169934756931236924726701332275405514442e-374,True,near_neutral_or_undetermined,7,2,0;1;2;3;4;5;6,7,-13904323098511.377830635001039155403961014972678281335768593096795013065851738145;-81494148519.680068826899726529280215341889487668137842996785951513248352403773983;-12636269641.106108836752524813851921698533390663592961928135007504023172381305073;-6177873911.6704146905256297045436113117235319562995952128830175078589404823679592;-4.6961804348735334177935286996234755131098410865674957049565805716228727998659458;-133043.01016754697116049981653003446314133865474668360550418589766092892249481263;-2000585130979.4511523668407996679971426975839889763465360208533670905871016314669,-4.6961804348735334177935286996234755131098410865674957049565805716228727998659458,37559337418086.677091024839113952358586205848709497021330927280907758314617746196,2.7598753597216785094345244272181340648334010594620029480723504699440356943780604e-374,True,near_neutral_or_undetermined,,linearly_stable
historical_five_resume_20261011__tife__Ha_dominant__stage_02,tife,tife_branch_01,Ha_s,-82.41942354647674,9,360,1e-260,7.4509514838486018818668016115557337724111653156926035224117974134722766420376708e-82,True,-7648130520114.3399751176781737237936191583463548239747298215878756207637575530017;-6337546749376.3755140870976591756279875206392221141980679265100379654411648806332;-2996817621.0241278027266866656353213609134688144259846370473183613989580119887665;-6941719332946.7344058722596015346963205336150398437476351725579604153480806052082;-6941719332939.5894779659393183003026144228823887472805783958506387941655476776633;-6941719332939.5894779659445697144135026343109349913476638527063290069299008145789;-4.2508471063037564315575015516767940278465162734932455681672398400756942822586623e-374;-1.0810098374326260982695088521899034252858899936150473240753277243825960785414379e-393;-1.6030964774102605186531891831063814773370742373015841409054281672261666844129026e-36,-1.0810098374326260982695088521899034252858899936150473240753277243825960785414379e-393,+inf,3.44833029147719946739982158162448774604e-32;1.488682628172952414987309852969845490998e-15;7.454795268564672148729644449303475975774e-32;1.326237462038295011266555899292054004663e-17;1.488682628172952414987309852969845490998e-15;1.194558089151953696701553019190500938562e-47;2.727739805588901802147339723025904332512e-59;5.804827214196445460357260587273395426018e-68;1.194558089151953696701553019190500938562e-47,5.6701535139929291545625774603332682439480387197401431162497376917194866300973744e-334,True,near_neutral_or_undetermined,7,2,0;1;2;3;4;5;6,7,(-2996817621.0241278027266866656353213609134688144259846370473183613989580119887665 + 9.3496385604347941550506124637198645428921912904508774302186110255776332924179894e-375j);(-6337546749376.3755140870976591756279875206392221141980679265100379654411648806332 + 8.4589816129760090802571162242640457752234542964452621373423457798025911385306537e-374j);(-1.6030964774102605186531891831063814773370742373015841409054281672261666844129026e-36 - 4.3194487888681587599434864080797612851851297618231012138028477272739942118052797e-374j);(-6941719332946.7344058722596015346963205336150398437476351725579604153480806052082 - 9.1706524087958865893618461293370623084280454866851801469225604450283256376443933e-364j);(-6941719332939.5894779659445697144135026343109349913476638527063290069299008145789 - 4.8212680397906611363262583018215964109435232097634516985125743575452436624321821e-374j);(-6941719332939.5894779659393183003026144228823887472805783958506387941655476776633 + 9.1706524087090208791844651799772703694196645242833529867257244324313177949493142e-364j);-7648130520114.3399751176781737237936191583463548239747298215878756207637575530017,-1.6030964774102605186531891831063814773370742373015841409054281672261666844129026e-36,104093578128746179194215634809485942356382885757210.4108004874314216675742030159,2.8729281807306768754616013969092482891814985066261455063361685275427905335882682e-334,True,near_neutral_or_undetermined,,linearly_stable
historical_five_resume_20261011__tife__Hb_dominant__stage_02,tife,tife_branch_02,Hb_s,-54.53034100869565,9,360,1e-260,1.2515346195594307054533003587685993962264502845572305326955705697413249785221352e-83,True,-6941719332946.734405872254349956629485593656362227386352916479611521384943946175;-7648130520114.3399751176781737237936192741650209871686914603377945773797636110433;-6337546749376.375514087097659175627987619778175395439292640166395435876770686456;-2996817621.0241278027266866656353213609134688144259859275202051854782363606187749;-4.2213194272119587073529732141210536287712639225242351323735803024624278486298292;1.0508579554802905366323586653732404467344680415205813334630950921934474071546712e-373;-1.4676198114721971180526489840621006036154181212642060370384357682459441023523821e-373;-0.000000000000000029996447061797864425949935702231958297295823574102760522005136318581850167534235;-16774994995.708598123256863636795653476088176553800523818673270849127426682663129,1.0508579554802905366323586653732404467344680415205813334630950921934474071546712e-373,+inf,1.474959798851143514313394116153429602629e-32;6.367565877404838370747109388895086463569e-16;3.188651434282512138752722546856193171217e-32;5.672736585215212508247110510829974675745e-18;8.206621972939704147973168400589188462754e-48;6.367565877404838370747109388895086463569e-16;6.367565877404838370747109388895086463569e-16;2.457701770560766868619003307179615876109e-39;8.185596070911129976947960026133693787766e-51,2.962391433279030380876041789608440431260849272038106167811588588703012893421499e-351,True,near_neutral_or_undetermined,7,2,0;1;2;3;4;5;6,7,-16774994995.708598123256863636795653476088176553800523818673270849127426682663129;-2996817621.0241278027266866656353213609134688144259859275202051854782363606187749;-0.000000000000000029996447061797864425949935702231958297295823574102760522005136318581850167534235;-4.2213194272119587073529732141210536287712639225242351323735803024624278486298292;-7648130520114.3399751176781737237936192741650209871686914603377945773797636110433;-6941719332946.734405872254349956629485593656362227386352916479611521384943946175;-6337546749376.375514087097659175627987619778175395439292640166395435876770686456,-0.000000000000000029996447061797864425949935702231958297295823574102760522005136318581850167534235,2805879816159626317889770643756.5328798549048697990620989653147976654246737979783,2.9494286489205695048251044390619733359203861862078943852769759226874969020989671e-351,True,near_neutral_or_undetermined,,linearly_stable
historical_five_resume_20261011__tife__OH_dominant__stage_03,tife,tife_branch_03,Hb_s,-55.64658787934087,9,460,1e-340,1.5800979614978667654150053573998060024955681627712842705177594183984885434946243e-82,True,-6941719332946.7344058722543499566294839211755979871985150912164194394456486773143;-7648130520114.3399751176781737237936192778036383756339894885704019780547926227977;-6337546749376.3755140870976591756279876228867667923843016700289088992358772537988;-2996817621.0241278027266866656353213609134688144259849939886176864587556383703128;-4.3539351726202596021394824390180514520981711728516361070636548301219450331349572;-1.0836119438013571845512695735013113041218499717551391005159093789782773659682955e-473;9.2267622286099436317212111290038181269878803603497974223986421604249518480820826e-474;-0.0000000000000000022952127458347256007661103469100479477891371213122448090319058180652607684460861;-16774994995.713620017825767846499843684392963791574645520709227758421509674447048,9.2267622286099436317212111290038181269878803603497974223986421604249518480820826e-474,+inf,4.079967918097513176744048897077225760373e-33;1.761367632963269203373510146407767430663e-16;8.820305179843908435363368599330708937051e-33;1.569167057537675551309012282851972910394e-18;6.088128580782702672254447502621609956435e-49;1.761367632963269203373510146407767430663e-16;1.761367632963269203373510146407767430663e-16;2.457701770560766869187678086054530587288e-39;2.335396454790869859602724339217259804328e-51,1.4935442876658242786805869625561127931893676235102670482813388199680254491809503e-451,True,near_neutral_or_undetermined,7,2,0;1;2;3;4;5;6,7,-16774994995.713620017825767846499843684392963791574645520709227758421509674447048;-2996817621.0241278027266866656353213609134688144259849939886176864587556383703128;-0.0000000000000000022952127458347256007661103469100479477891371213122448090319058180652607684460861;-4.3539351726202596021394824390180514520981711728516361070636548301219450331349572;-7648130520114.3399751176781737237936192778036383756339894885704019780547926227977;-6941719332946.7344058722543499566294839211755979871985150912164194394456486773143;-6337546749376.3755140870976591756279876228867667923843016700289088992358772537988,-0.0000000000000000022952127458347256007661103469100479477891371213122448090319058180652607684460861,36670424351704099793284041919332.451443004964218097471329239182018696951299894619,1.5087324885572509137074994635817723888355701583518475449236406226365218489225136e-451,True,near_neutral_or_undetermined,,linearly_stable
historical_five_resume_20261011__tife__O_dominant__stage_02,tife,tife_branch_04,O_s,-54.53034100869565,9,360,1e-260,1.2515346195594307054533003587685993962264502845572305326955705697413249785221352e-83,True,-6941719332946.734405872254349956629485593656362227386352916479611521384943946175;-7648130520114.3399751176781737237936192741650209871686914603377945773797636110433;-6337546749376.375514087097659175627987619778175395439292640166395435876770686456;-2996817621.0241278027266866656353213609134688144259859275202051854782363606187749;-16774994995.708598123256863636795653476088176553800523818673270849127426682663129;-4.2213194272119587073529732141210536287712639225242351323735803024624278486298292;-0.000000000000000029996447061797864425949935702231958297295823574102760522005136318581850167534235;2.2073759240580289059658712536858032449177244070686518759172852736673247772350261e-374;3.902613710518740895031079828275503917130884956294639862100987631674922466439357e-400,2.2073759240580289059658712536858032449177244070686518759172852736673247772350261e-374,+inf,1.474959798851143514313394116153429602629e-32;6.367565877404838370747109388895086463569e-16;3.188651434282512138752722546856193171217e-32;5.672736585215212508247110510829974675745e-18;8.206621972939704147973168400589188462754e-48;8.185596070911129976947960026133693787766e-51;6.367565877404838370747109388895086463569e-16;2.457701770560766868619003307179615876109e-39;6.367565877404838370747109388895086463569e-16,2.962391433279030380876041789608440431260849272038106167811588588703012893421499e-351,True,near_neutral_or_undetermined,7,2,0;1;2;3;4;5;6,7,-16774994995.708598123256863636795653476088176553800523818673270849127426682663129;-2996817621.0241278027266866656353213609134688144259859275202051854782363606187749;-0.000000000000000029996447061797864425949935702231958297295823574102760522005136318581850167534235;-4.2213194272119587073529732141210536287712639225242351323735803024624278486298292;-7648130520114.3399751176781737237936192741650209871686914603377945773797636110433;-6941719332946.734405872254349956629485593656362227386352916479611521384943946175;-6337546749376.375514087097659175627987619778175395439292640166395435876770686456,-0.000000000000000029996447061797864425949935702231958297295823574102760522005136318581850167534235,2805879816159626317889770643756.5328798549048697990620989653147976654246737979783,2.9494286489205695048251044390619733359203861862078943852769759226874969020989671e-351,True,near_neutral_or_undetermined,,linearly_stable
historical_five_resume_20261011__tife__balanced_adsorbates__stage_02,tife,tife_branch_05,C6H12_s,-30.23146442330154,9,360,1e-260,2.6412978147410854851281812391466063968876386182009493271613532548644355956384917e-71,True,(-6941719332946.734405872257611553227851919817619708896611463051793432583993255636 + 4.7368005899455876140748438489206439281690646815455432251688685831273957060221487e-374j);(-7648130520114.339975117678245774723056075063653050135704089056283898505836152411 - 4.4526602761604673435452080081134387796825484402650980603974360819600582581381758e-376j);(-6337546749376.3755140870977207361897750090273718769400101342652801348855982988538 + 2.9128710303100308221421656177514075080688173374645991648005610065963168100765514e-374j);(-2630427017568.4316470069308518522209454845604297950305281537009137010983462575217 - 2.7868300844523864676745879225369010368020917602722659376727436406190291902460788e-374j);(-2996817621.024127802726686665635321360915291503274082017934461658988359135247507 + 1.7426396785204516697654103546442238165117872420329345341325837916782934409900824e-375j);(-59696161.004498756952928532304021772122440325157650500887096150086374960767905179 + 8.1101125533779828268220993293050470465326789604746602862322927385735603938114011e-381j);(-0.0056918796933935593374530563944347796428269515655825935985311886318061524649959017 + 1.2263596279204251987837480119916011590288663473700044559130124830562727265088718e-380j);(2.7628700487229415477113873091422695616217031681050411210768451886110556778559503e-375 + 4.6209676725299473797672052914098471333662311930953741014030088146604885935388339e-378j);(-5.9922940866251043098010955528827170507205693183165506143166603802507378452077888e-378 - 4.007546351964409503640893398778634600448758108506094570666261358582920677998175e-379j),2.7628700487229415477113873091422695616217031681050411210768451886110556778559503e-375,+inf,2.080743162348036949790042332217428289756e-20;0.00000001;4.498268138672296393080355376300113572031e-20;0.00000001;2.62097557615944509228534843037864948855e-35;4.241342318463913816859282389927627399857e-14;0.00000001;2.457701770560766887289505215063132773537e-39;4.241342318463913816859282389927627399857e-14,7.6664316097870705240145006211744695306323414815837325448634737486081281353278096e-351,True,near_neutral_or_undetermined,7,2,0;1;2;3;4;5;6,7,-2996817621.024127802726686665635321360915291503274082017934461658988359135247507;-59696161.004498756952928532304021772122440325157650500887096150086374960767905179;-0.0056918796933935593374530563944347796428269515655825935985311886318061524649959017;-2630427017568.4316470069308518522209454845604297950305281537009137010983462575217;-7648130520114.339975117678245774723056075063653050135704089056283898505836152411;-6337546749376.3755140870977207361897750090273718769400101342652801348855982988538;-6941719332946.734405872257611553227851919817619708896611463051793432583993255636,-0.0056918796933935593374530563944347796428269515655825935985311886318061524649959017,14787867612713170.774443736175944869115718940084153934934191471155502748129671634,5.7154794007596386244259744661106178005416347266840817507229370088405557417637064e-351,True,near_neutral_or_undetermined,,linearly_stable
tihf__Ha_dominant__stage_03,tihf,tihf_branch_01,Ha_s,-120.11558291670224,9,460,1e-340,1.2886675901916829828531186055119413325454781400126372192394961706150986205417888e-80,True,-14142411284552.112135105669270607907069498889688885754100057009824991552982643469;-441407679974.04279844852606258694281146402788208378955169925446877725306680139904;-211646121797.5333603808978522804798526810999954752633556333549789940499475790646;-334873773.4746569638501540630243157777041101292188838553796677342023535177407548;-6941719332931.6688277618285539219707513362153955618356895596920477613946752702498;-6941719332931.6688277618285539219707513362153955618348433231170454132494687578567;-9.3312389005575862820952649402318646801812726950263630868886083105175493183092148e-56;2.7654728016557887296042975936533436800824122030352817883134939815965563256475454e-474;4.4348718229914928072388754963262209459564559334847869741143493382966160619855384e-474,4.4348718229914928072388754963262209459564559334847869741143493382966160619855384e-474,+inf,1.600483772899873118067714703290034060454e-30;7.720854369207453772089219892725582013265e-15;7.720854369207453772089219892725582013265e-15;7.720854369207453772089219892725582013265e-15;7.720854369207453772089219892725582013265e-15;4.106272618769024576362427616823329301759e-66;2.303335007953310814950815733064417545901e-82;2.241393752689230664868471999440394675228e-66;4.106272618769024576362427616823329301759e-66,9.0856641199608102303226843540453518400133456350724566369385576876889637576428492e-419,True,near_neutral_or_undetermined,7,2,0;1;2;3;4;5;6,7,(-14142411284552.112135105669270607907069498889688885754100057009824991552982643469 + 1.2553123768395923793801729878916945380086159371280363320760152026349616127865396e-473j);(-441407679974.04279844852606258694281146402788208378955169925446877725306680139904 - 2.429214175552735750477799108281168561349910379862340545198806588701715389683869e-474j);(-211646121797.5333603808978522804798526810999954752633556333549789940499475790646 - 1.9169529682347655667331906521607509126527374938295518659826429046235570502095037e-473j);(-334873773.4746569638501540630243157777041101292188838553796677342023535177407548 + 6.4085226836976522245018239400290559287876122520071444041423883650179791988846799e-475j);(-9.3312389005575862820952649402318646801812726950263630868886083105175493183092148e-56 + 4.3452071918599146229518483832117611202542492109055339170295670127211506428314567e-473j);(-6941719332931.6688277618285539219707513362153955618356895596920477613946752702498 + 4.5686475729116481624236709790609199734762798081584158775686977010141764882763375e-474j);(-6941719332931.6688277618285539219707513362153955618348433231170454132494687578567 + 1.0403446996345978106712918585256954425503393513808259945378895390393001516069201e-473j),-9.3312389005575862820952649402318646801812726950263630868886083105175493183092148e-56,3660148121014634649961355860204528342946478939567540769683173484447990.6884589449,8.6409119729912923755362575639130532416082566938309333545948272151043525737640037e-419,True,near_neutral_or_undetermined,,linearly_stable
timn__Ha_dominant__stage_02,timn,timn_branch_01,Ha_s,-60.40375550187231,9,360,1e-260,2.5583117097880345392393359881910224595856176787842129601120711571568262185119935e-81,True,-15107224307857.222317416014171995041632122411281384090859110751780565169594942077;-4601319333536.6359223874036715364853959029864114323655007422975427633826225820264;-696954303531.38896383412437502211084584595738051150550031106821835155954979406976;-10800247252.033903666013368145926683107344934062194883885335218916303315967479269;-6941719332937.4742344590637428867194635878889525323272998050610394298588444573437;-6941719332937.4742344590637893576895438975174086443111284153801997307828609910641;-0.00000000000000000000000012159561377586950893913124570006453832101965515950964084461628807971691811169301;5.5738116309172756999685644741432988841864194842218923762205071645735452293084914e-374;3.4447684728962236961292729911911078989439647214456733256141509151418071707532874e-386,5.5738116309172756999685644741432988841864194842218923762205071645735452293084914e-374,+inf,3.10300581953515567849497073098495496008e-32;4.827799636960190213765097562953592900011e-15;1.197284888484832701433656650424125626063e-15;4.827799636960190213765097562953592900011e-15;4.827799636960190213765097562953592900011e-15;1.622918060214680085859070534760581641083e-36;1.413941084884854908393279647647487810286e-47;2.356922918753083937696983194773212265897e-42;1.622918060214680085859070534760581641083e-36,1.2887779400543444592686590006093634536907779173348433906198736718216223199055496e-353,True,near_neutral_or_undetermined,7,2,0;1;2;3;4;5;6,7,(-15107224307857.222317416014171995041632122411281384090859110751780565169594942077 + 4.4205119958995217478148038380859372765919793540936608966398379724088464845539046e-373j);(-4601319333536.6359223874036715364853959029864114323655007422975427633826225820264 - 3.9463114805159932453175527263666611929411645843364388192390767966305005330020994e-373j);(-696954303531.38896383412437502211084584595738051150550031106821835155954979406976 - 2.7130790024232589453376620003680940471670393456162931078878597462822546537728601e-373j);(-10800247252.033903666013368145926683107344934062194883885335218916303315967479269 - 8.7301403371495051119198932602146894760445246966464651530940518201811858681671064e-375j);(-0.00000000000000000000000012159561377586950893913124570006453832101965515950964084461628807971691811169301 - 4.1508092940262217075585297577637685762840666943295310752070295719603208253551123e-374j);(-6941719332937.4742344590637893576895438975174086443111284153801997307828609910641 + 2.2015201285228837705726800648490251187671878060764667225271943173425970181875751e-373j);(-6941719332937.4742344590637428867194635878889525323272998050610394298588444573437 - 8.4832156541947756614454503392552096568946179465058672400713137093711242417073225e-375j),-0.00000000000000000000000012159561377586950893913124570006453832101965515950964084461628807971691811169301,2783126306026519129949568352813436549737.4732330036039194688727394378856040601307,8.932074962160157637195449006570044246039259142372478709617197481818865708589403e-354,True,near_neutral_or_undetermined,,linearly_stable
unresolved_five__timn__balanced_adsorbates__stage_02,timn,timn_branch_02,C6H12_s,-4.782664151425679,9,360,1e-260,5.1922339695013540550562471149596993460121950760142503731857077567787320068229783e-70,True,-15107224307857.22430449901533344867444532882294320541957632614578831499656858271;-4601319333536.6443177190947931534163302308860402853940092293713780472481684452608;-2292813010348.1288114421085962321870748225362253536120624164686581889039626410646;-696954303531.38866383870434158957925762241688292259096913426296128173280227824492;-10800247252.046176519020881242764793633548760151984625401690919139055494597303623;-3.81998503342417899155639348312065800873627777494753664249438049414685279036174e-374;1.6533072349601023754001298785927535773526993084061920714632120988946312616716903e-374;-786.07432543709705692124756648779072835798492241525574877782541508063330687878074;-10551.217093048126902771136045148928592904372768452654607619333115203544456500012,1.6533072349601023754001298785927535773526993084061920714632120988946312616716903e-374,+inf,3.818210596698125251685955943801224767768e-16;0.00000001;0.00000001;0.00000001;1.798497453544337560854522990841516387628e-18;0.00000001;0.00000001;0.0000000003908168684578317269214939621770543405171;0.00000001,1.9492011885642964287907493766541961616894472598853326615924511035508366440000539e-371,True,near_neutral_or_undetermined,7,2,0;1;2;3;4;5;6,7,-15107224307857.22430449901533344867444532882294320541957632614578831499656858271;-10551.217093048126902771136045148928592904372768452654607619333115203544456500012;-786.07432543709705692124756648779072835798492241525574877782541508063330687878074;-10800247252.046176519020881242764793633548760151984625401690919139055494597303623;-696954303531.38866383870434158957925762241688292259096913426296128173280227824492;-2292813010348.1288114421085962321870748225362253536120624164686581889039626410646;-4601319333536.6443177190947931534163302308860402853940092293713780472481684452608,-786.07432543709705692124756648779072835798492241525574877782541508063330687878074,252421174594.53248234574147586028990175755995412241408699675438220658036942639248,1.2698484052129323698316881342660641773540090272001721822284074912704820669338764e-371,True,near_neutral_or_undetermined,,linearly_stable
timo__Ha_dominant__stage_02,timo,timo_branch_01,Ha_s,-57.18900835982307,9,360,1e-260,7.813263691860637230474356481248061504186027071047435698940631657200403961584989e-83,True,-13905275763877.73590977671751220035725035650171047489204912844723075819261684027;-6941719332933.292056794605023504967347351292420689416976154211673500365057859663;-6941719332933.2921147507826408441792093860152573396436599450806105880290011515777;-21772053728.662105706999559029385743919833541730721062206642123384270541761992726;-305183895.56869072358971118948437960681817136054115840324517823624288720981542269;-343142.68902928255734249158131577260831065428344412317331127889392669668383239168;-0.00000000000000000000031154361712829845209232717273060232128899507935756242154510042580750366282317102;-1.63696121065603843948958737035786451712952821730678418068581721315345737340168e-374;-2.6290492848741388394804342924467411362864349387124941742286999866861838128327614e-379,-2.6290492848741388394804342924467411362864349387124941742286999866861838128327614e-379,+inf,6.327095820555845686909704634249884469323e-30;3.127606533019890077709418341499256932058e-17;3.127606533019890077709418341499256932058e-17;3.127606533019890077709418341499256932058e-17;3.127606533019890077709418341499256932058e-17;5.609986557106474961330978837725137219432e-36;2.628405176846641408995596170277937703052e-34;1.138714232533873351974781192875624973152e-39;5.609986557106474961330978837725137219432e-36,9.4296210290852727383012804363381272160851029383746822791836553197452582303864255e-364,True,near_neutral_or_undetermined,7,2,0;1;2;3;4;5;6,7,(-13905275763877.73590977671751220035725035650171047489204912844723075819261684027 - 3.9204701552098923138463788718691718208266145239540869662237572664029398035071603e-374j);(-21772053728.662105706999559029385743919833541730721062206642123384270541761992726 + 7.1231238317139132154657647716182226421645395027123794345806286004835895398270509e-373j);(-305183895.56869072358971118948437960681817136054115840324517823624288720981542269 - 4.2492273618950961939129967024723487214262767773247473746266478546182900404985717e-373j);(-343142.68902928255734249158131577260831065428344412317331127889392669668383239168 - 1.628119434465168652381341637610346947472131269593446088908164756232101440134423e-373j);(-0.00000000000000000000031154361712829845209232717273060232128899507935756242154510042580750366282317102 - 6.6150533566422872567493619172084887857185709651080838649346316680383919528773134e-373j);(-6941719332933.2921147507826408441792093860152573396436599450806105880290011515777 - 8.9816826992449922201461497027866292755335760317041652706239980184731774553829638e-373j);(-6941719332933.292056794605023504967347351292420689416976154211673500365057859663 + 1.0689731183090073415123770058089333939790536168717884346010544301249231345998484e-372j),-0.00000000000000000000031154361712829845209232717273060232128899507935756242154510042580750366282317102,1114568502452101799809564423199616284.9986168372812807246542857799854754217050739,1.0242332223039483059370643285810200197692637611132448858506245165819926304455402e-363,True,near_neutral_or_undetermined,,linearly_stable
timo__Hb_dominant__stage_02,timo,timo_branch_02,Hb_s,-36.69819593820448,9,360,1e-260,1.5893850388856601695454719221077444782793256258886046069431919532455183946787965e-83,True,-21772053728.662105756209312763631234868390085549226792968884585576833693076196556;-305183895.56869072598015677992699594236123145679617465737059644797341445953532589;-343142.68902928255734249158131623938673083703869415101057469722413048592310039974;-6.5038859804528777470369768236276121242066818389818027075102869027317923186956082;-8.0995873630759891276773784606674864234086715824445691056860162488035226755440639e-374;1.0555224714878236216691109288331306051380274583136312544778454779563237914436551e-373;-0.0000000027063010718769167386642481411295474830697548704140507537038337589315240214787311;-13905275763877.735827805844767280755785077371320544766622307412045102553826740722;-6941719332932.3072642881289887534946943438855989285365672948398423533077477263629,1.0555224714878236216691109288331306051380274583136312544778454779563237914436551e-373,+inf,3.729364065872682217126910028960963889529e-30;1.84349719796212349452741841786159857316e-17;1.84349719796212349452741841786159857316e-17;1.84349719796212349452741841786159857316e-17;9.74650854501899593893187068736679994067e-23;1.84349719796212349452741841786159857316e-17;1.84349719796212349452741841786159857316e-17;1.01476722060661652093565654449324845741e-18;6.109883714334511716214212012383040263628e-50,9.580780938836534136679366787199417741260704892284812281104635607850160929566881e-354,True,near_neutral_or_undetermined,7,2,0;1;2;3;4;5;6,7,(-13905275763877.735827805844767280755785077371320544766622307412045102553826740722 + 5.409383918936588941662869912994507842162869039782554901404701919457240964089972e-374j);(-6941719332932.3072642881289887534946943438855989285365672948398423533077477263629 - 1.4442453615703849248030761315275844304525411671167853110351950263758751865740298e-373j);(-21772053728.662105756209312763631234868390085549226792968884585576833693076196556 + 4.1567404307836534994465612046981387145720699528177340322895092551386640280250423e-376j);(-305183895.56869072598015677992699594236123145679617465737059644797341445953532589 - 2.5007559763214247089267122274107176135789267125973410171996365444108891342968955e-374j);(-343142.68902928255734249158131623938673083703869415101057469722413048592310039974 + 2.2737056609400860924076970838172162958166270226501192711256375781751098556715109e-374j);(-0.0000000027063010718769167386642481411295474830697548704140507537038337589315240214787311 - 4.5624723236723017074007723756674636304390555320089690895465778676852460283146579e-377j);(-6.5038859804528777470369768236276121242066818389818027075102869027317923186956082 - 1.6222604689285865678474547966212425878262325214949594608834802614248651464355188e-374j),-0.0000000027063010718769167386642481411295474830697548704140507537038337589315240214787311,65176773810479790477541.960093947153764027484230663741735913655220978676255289562,4.4053340927055177805056860099530712684511603158771283264313012469177048965230604e-354,True,near_neutral_or_undetermined,,linearly_stable
timo__O_dominant__stage_02,timo,timo_branch_03,O_s,-36.69819593820448,9,360,1e-260,1.5893850388856601695454719221077444782793256258886046069431919532455183946787965e-83,True,-13905275763877.735827805844767280755785077371320544766622307412045102553826740722;-6941719332932.3072642881289887534946943438855989285365672948398423533077477263629;-21772053728.662105756209312763631234868390085549226792968884585576833693076196556;-305183895.56869072598015677992699594236123145679617465737059644797341445953532589;-343142.68902928255734249158131623938673083703869415101057469722413048592310039974;-6.5038859804528777470369768236276121242066818389818027075102869027317923186956082;-0.0000000027063010718769167386642481411295474830697548704140507537038337589315240214787311;6.7037112716685981984373223281224379120413353180849292414796503671577034024175998e-376;-6.311456169455505177323804115768321528128532636041695021736616772997947524930919e-376,6.7037112716685981984373223281224379120413353180849292414796503671577034024175998e-376,+inf,3.729364065872682217126910028960963889529e-30;1.84349719796212349452741841786159857316e-17;1.84349719796212349452741841786159857316e-17;1.84349719796212349452741841786159857316e-17;9.74650854501899593893187068736679994067e-23;6.109883714334511716214212012383040263628e-50;1.84349719796212349452741841786159857316e-17;1.01476722060661652093565654449324845741e-18;1.84349719796212349452741841786159857316e-17,9.580780938836534136679366787199417741260704892284812281104635607850160929566881e-354,True,near_neutral_or_undetermined,7,2,0;1;2;3;4;5;6,7,(-13905275763877.735827805844767280755785077371320544766622307412045102553826740722 + 5.409383918936588941662869912994507842162869039782554901404701919457240964089972e-374j);(-6941719332932.3072642881289887534946943438855989285365672948398423533077477263629 - 1.4442453615703849248030761315275844304525411671167853110351950263758751865740298e-373j);(-21772053728.662105756209312763631234868390085549226792968884585576833693076196556 + 4.1567404307836534994465612046981387145720699528177340322895092551386640280250423e-376j);(-305183895.56869072598015677992699594236123145679617465737059644797341445953532589 - 2.5007559763214247089267122274107176135789267125973410171996365444108891342968955e-374j);(-343142.68902928255734249158131623938673083703869415101057469722413048592310039974 + 2.2737056609400860924076970838172162958166270226501192711256375781751098556715109e-374j);(-0.0000000027063010718769167386642481411295474830697548704140507537038337589315240214787311 - 4.5624723236723017074007723756674636304390555320089690895465778676852460283146579e-377j);(-6.5038859804528777470369768236276121242066818389818027075102869027317923186956082 - 1.6222604689285865678474547966212425878262325214949594608834802614248651464355188e-374j),-0.0000000027063010718769167386642481411295474830697548704140507537038337589315240214787311,65176773810479790477541.960093947153764027484230663741735913655220978676255289562,4.4053340927055177805056860099530712684511603158771283264313012469177048965230604e-354,True,near_neutral_or_undetermined,,linearly_stable
historical_five_resume_20261011__tini__Ha_dominant__stage_02,tini,tini_branch_01,Ha_s,-52.71775190825261,9,360,1e-260,3.5612499639578279496210722492437978232808033822472661971121220212969962563049013e-85,True,-13897527829317.319366514902740679055443850843868844168544848113188415808526472242;-6941719332934.4993605055312716332309183618226241917482918414339506683112169206376;-14060645581.243316213499598283750416736519257933865874012926744185790595303009276;-470366403.29323766571827584237026494617872352706751459152005199653003343641304259;-3565555.3821518723581865296824880067109743109237836584432226120340416726923184511;-7865034.7143869071367433997997265813859359554095037461595218329217846745218125836;-0.000000000000000000071753642577532749807454780861274925889407799698476250221305936327198732215078761;-7.7191709119027497204848238554700247485097567751099482348880073684246372032943606e-374;-3.2117197092768337025048415584260203931728093381002005384582027513699677116165551e-374,-3.2117197092768337025048415584260203931728093381002005384582027513699677116165551e-374,+inf,4.427784946138407349876803778442477588061e-35;3.00023838443922548240381434428632854776e-19;3.00023838443922548240381434428632854776e-19;3.00023838443922548240381434428632854776e-19;3.00023838443922548240381434428632854776e-19;4.093792173399160964756740515388571400646e-33;3.169188045120449496433813421877881154531e-33;1.293573998055869483020812094800341644172e-25;4.093792173399160964756740515388571400646e-33,1.2252386310281857668818083419556278121501544910575237304624598940317928751680102e-370,True,near_neutral_or_undetermined,7,2,0;1;2;3;4;5;6,7,(-13897527829317.319366514902740679055443850843868844168544848113188415808526472242 - 2.6552211630455430091742217930652088163978665403302975188860179206342437160860519e-374j);(-14060645581.243316213499598283750416736519257933865874012926744185790595303009276 + 3.5053722708657587028798945644904180265078005640598408009409140800029579099517758e-374j);(-470366403.29323766571827584237026494617872352706751459152005199653003343641304259 + 1.0115169981785703937990044277295264582096883112060842332700489006508299019595355e-373j);(-7865034.7143869071367433997997265813859359554095037461595218329217846745218125836 - 9.4366708094887968764984588338938953415143264098461467131960072657120630536464912e-374j);(-3565555.3821518723581865296824880067109743109237836584432226120340416726923184511 - 4.3169134008586091969894586001823132435306146002178391787397882758705657747269938e-373j);(-0.000000000000000000071753642577532749807454780861274925889407799698476250221305936327198732215078761 - 6.7461852555063236913400709167304349237736765511072756688001701810370358178289426e-374j);(-6941719332934.4993605055312716332309183618226241917482918414339506683112169206376 + 2.5919525419076172399407883536903911697574751674066730623023583447930583702071246e-373j),-0.000000000000000000071753642577532749807454780861274925889407799698476250221305936327198732215078761,5317260453709207090498220044488626.1074001963916147391308615443302986265363155651,1.2446082675710684719003404427998779689305733435119555827576180831256932190564545e-370,True,near_neutral_or_undetermined,,linearly_stable
historical_five_resume_20261011__tini__Hb_dominant__stage_02,tini,tini_branch_02,Hb_s,-41.64582109657681,9,360,1e-260,1.9468663787361945403786032251598873305384957114141997716219672523512060624621282e-86,True,-13897527829314.629987932232679212121799425014666145903585620319464196534521445743;-14060645581.240734093825337847067460350259522643487558570827131391630311937320376;-470366403.29323766571827584237026318231457458814979485636471999907991601441431351;-3565555.3821567597449256202045116455011484494989948979752166764754289803814058504;(-7.0980058523692447753741720218727226265394490285474009871613192025688025785767642e-375 - 6.6956156996358340291006505921917970135567548520070317813439219258047093603276641e-375j);(-7.0980058523692447753741720218727226265394490285474009871613192025688025785767642e-375 + 6.6956156996358340291006505921917970135567548520070317813439219258047093603276641e-375j);-0.000010567851269177531732261380503371270342263238104345632953732061790863236687446;-0.20864102627251086863431838517870487566203114271775628195554561421174832243083968;-2190928347672.0741724571384192487335878415263469330179964266400774055520890148213,-7.0980058523692447753741720218727226265394490285474009871613192025688025785767642e-375,+inf,1.080568420161681369545311688088915021938e-35;7.321861586817429886576239301027570099999e-20;7.321861586817429886576239301027570099999e-20;7.321861586817429886576239301027570099999e-20;7.321861586817429886576239301027570099999e-20;7.321861586817429886576239301027570099999e-20;6.279821760572587922382720606803047273741e-21;7.321861586817429886576239301027570099999e-20;3.161832970499441276700074236043063152835e-53,1.9884608922529827007174231272172655991050833032692824133451353629120910974645211e-353,True,near_neutral_or_undetermined,7,2,0;1;2;3;4;5;6,7,-13897527829314.629987932232679212121799425014666145903585620319464196534521445743;-2190928347672.0741724571384192487335878415263469330179964266400774055520890148213;-14060645581.240734093825337847067460350259522643487558570827131391630311937320376;-3565555.3821567597449256202045116455011484494989948979752166764754289803814058504;-0.20864102627251086863431838517870487566203114271775628195554561421174832243083968;-0.000010567851269177531732261380503371270342263238104345632953732061790863236687446;-470366403.29323766571827584237026318231457458814979485636471999907991601441431351,-0.000010567851269177531732261380503371270342263238104345632953732061790863236687446,24075222119391601005.749542925619416004426740407627600302432513790915053455137636,1.3320297279584591547268160366163682346146159451200841552422365329138340819110563e-353,True,near_neutral_or_undetermined,,linearly_stable
historical_five_resume_20261011__tini__OH_dominant__stage_03,tini,tini_branch_03,Ha_s,-66.09801836135651,9,460,1e-340,4.0233646910142431461963224595392853437946840617566649631402735430981100647296596e-89,True,-13897527829313.786981662914957737685388237606436080150612154596138847317859235194;-14060645581.239878656020897192217822655532825406359617887715545970143213106547488;-470366403.29323766571827584237026261208221493921871373403713576233812851827061804;4.357513339098812976612901031530583885257571347085257328149635306379129201808442e-477;-7.5997168638535806410015340854053804707923044835020737232077534798160569788887048e-475;-3565555.3821556402563935567064948579121749145911823733017148389884590024924958725;-7832702.0331199099335586103270731616946671777053556693894793286292728569369218839;-6913182345280.7165673299105261988089248491705855237856482150748102816625026495912;-9006773716.4168623716098653004576721691940927421900216959203503531555642036522453,4.357513339098812976612901031530583885257571347085257328149635306379129201808442e-477,+inf,1.998355023520613554554467843662854236584e-38;1.354072413235058339838297771441058751015e-22;1.354072413235058339838297771441058751015e-22;1.354072413235058339838297771441058751015e-22;1.354072413235058339838297771441058751015e-22;1.354072413235058339838297771441058751015e-22;6.482004101886958070302883185890747162221e-40;2.645772936826087230570869950250659331508e-32;1.456228642334270722947973123655013905184e-72,9.2335929498903027238500513381570327730254112731140510628114708288207055394789738e-437,True,near_neutral_or_undetermined,7,2,0;1;2;3;4;5;6,7,(-13897527829313.786981662914957737685388237606436080150612154596138847317859235194 - 3.6914835758091699244275464990225024045296797741454598937303302538255079544798671e-473j);(-14060645581.239878656020897192217822655532825406359617887715545970143213106547488 - 3.4559244302345720595255868413627489202089207364811079610372054622280643008361949e-473j);(-9006773716.4168623716098653004576721691940927421900216959203503531555642036522453 + 7.3710004306600694764224242442824958579108643103567872624141075941263336171604888e-473j);(-470366403.29323766571827584237026261208221493921871373403713576233812851827061804 - 1.7264392649174136655615021073229830294928938737810700552972409200637405912058224e-473j);(-7832702.0331199099335586103270731616946671777053556693894793286292728569369218839 - 1.3471720263728154313922615217412106397079680521899877820389885430333092914442347e-474j);(-3565555.3821556402563935567064948579121749145911823733017148389884590024924958725 - 6.6276271749462292128833722688599077168341152879739821350030802608840294376078169e-475j);(-6913182345280.7165673299105261988089248491705855237856482150748102816625026495912 + 2.2279993016608437427742223553952806001420522648294879390332773757070695174994584e-473j),-3565555.3821556402563935567064948579121749145911823733017148389884590024924958725,77376904.033372252619032359037107904167064175052532790024872436961989476301090408,5.0966204367348188846192021574222490226293494874561968281302865426822761288803554e-437,True,near_neutral_or_undetermined,,linearly_stable
historical_five_resume_20261011__tini__OOH_O_mix__stage_02,tini,tini_branch_04,O_s,-14.308188191807288,9,360,1e-260,5.4517135753700633704348212392566493653804330141615976579608476042061197935335094e-78,True,-13897584251303.763350174997528787696098494424402086421342071231145056773589598173;-1095603150544.070995882031669747954011688384677705661885136111674549095012903919;-14060702846.963861958806885499009700488362580213340425156404172815321295489443154;-470366403.2932376311410303103129794468892018157632294296031686427093148211766113;-4017603.0067047741685010617912405714769602141112929939491110081665206198093350229;-3565001.8606082209020645835407412767139211214159641384879790683013182638686106413;-1869.2073639915172739745749286798435974630409697566823681888738765632037367237313;(5.5177910188503663688456397946107252075890852556551912679758433752086135276690514e-375 - 9.1005372545328940881668379068932766778015478720592607163056260513813410828517042e-374j);(5.5177910188503663688456397946107252075890852556551912679758433752086135276690514e-375 + 9.1005372545328940881668379068932766778015478720592607163056260513813410828517042e-374j),5.5177910188503663688456397946107252075890852556551912679758433752086135276690514e-375,+inf,2.614781680380864516747036644677039719856e-24;0.000000000004891231470813412680403008767070914306699;0.000000000004891231470813412680403008767070914306699;0.000000000004891231470813412680403008767070914306699;0.000000000004891231470813412680403008767070914306699;1.12227511955794190183070804598033045042e-27;0.000000000004891231470813412680403008767070914306699;0.000000000004891231470813412680403008767070914306699;0.000000000004891231470813412680403008767070914306699,7.3885279940845318487644004577486729903880400290844948985755787728044338885846257e-371,True,near_neutral_or_undetermined,7,2,0;1;2;3;4;5;6,7,(-13897584251303.763350174997528787696098494424402086421342071231145056773589598173 - 5.3547102075209467461148592862238089168073853721399072119062974481503812795993483e-374j);(-1095603150544.070995882031669747954011688384677705661885136111674549095012903919 + 9.5218439357439725066888103792951465942800886274488519386805096412753452158362815e-375j);(-14060702846.963861958806885499009700488362580213340425156404172815321295489443154 - 2.1361511570331402913511794151659736675827165144394215314953417323294520384489874e-375j);(-470366403.2932376311410303103129794468892018157632294296031686427093148211766113 + 2.1833039250015603542113653529463704153023447264258136206820208377148039765245555e-374j);(-1869.2073639915172739745749286798435974630409697566823681888738765632037367237313 - 4.4795437711789765640108209770893040653948787718235632958105755721573911158478148e-374j);(-4017603.0067047741685010617912405714769602141112929939491110081665206198093350229 + 5.4758016619233727089095112005492475786242418768333551966168588651030100875482548e-374j);(-3565001.8606082209020645835407412767139211214159641384879790683013182638686106413 - 7.6068140208450940949813607096448486733773246129014854220828310531049105558979534e-374j),-1869.2073639915172739745749286798435974630409697566823681888738765632037367237313,94474350845.100143529088323862288755942763737462149222373897978279800454939958102,3.1300826254133945437024905919949680433989527981961605994543206910622723463665057e-371,True,near_neutral_or_undetermined,,linearly_stable
historical_five_resume_20261011__tini__O_dominant__stage_02,tini,tini_branch_05,O_s,-41.64582109657681,9,360,1e-260,1.9468663787361945403786032251598873305384957114141997716219672523512060624621282e-86,True,-13897527829314.629987932232679212121799425014666145903585620319464196534521445743;-2190928347672.0741724571384192487335878415263469330179964266400774055520890148213;-14060645581.240734093825337847067460350259522643487558570827131391630311937320376;-470366403.29323766571827584237026318231457458814979485636471999907991601441431351;-3565555.3821567597449256202045116455011484494989948979752166764754289803814058504;-0.20864102627251086863431838517870487566203114271775628195554561421174832243083968;-0.000010567851269177531732261380503371270342263238104345632953732061790863236687446;5.5130100161859877766675219485671896096289050892269747188516717138962826147629704e-374;-4.1865240545285256392318400956675438868174107085588604215157129702942849529890371e-374,5.5130100161859877766675219485671896096289050892269747188516717138962826147629704e-374,+inf,1.080568420161681369545311688088915021938e-35;7.321861586817429886576239301027570099999e-20;7.321861586817429886576239301027570099999e-20;7.321861586817429886576239301027570099999e-20;7.321861586817429886576239301027570099999e-20;3.161832970499441276700074236043063152835e-53;6.279821760572587922382720606803047273741e-21;7.321861586817429886576239301027570099999e-20;7.321861586817429886576239301027570099999e-20,1.9884608922529827007174231272172655991050833032692824133451353629120910974645211e-353,True,near_neutral_or_undetermined,7,2,0;1;2;3;4;5;6,7,-13897527829314.629987932232679212121799425014666145903585620319464196534521445743;-2190928347672.0741724571384192487335878415263469330179964266400774055520890148213;-14060645581.240734093825337847067460350259522643487558570827131391630311937320376;-3565555.3821567597449256202045116455011484494989948979752166764754289803814058504;-0.20864102627251086863431838517870487566203114271775628195554561421174832243083968;-0.000010567851269177531732261380503371270342263238104345632953732061790863236687446;-470366403.29323766571827584237026318231457458814979485636471999907991601441431351,-0.000010567851269177531732261380503371270342263238104345632953732061790863236687446,24075222119391601005.749542925619416004426740407627600302432513790915053455137636,1.3320297279584591547268160366163682346146159451200841552422365329138340819110563e-353,True,near_neutral_or_undetermined,,linearly_stable
historical_five_resume_20261011__tini__balanced_adsorbates__stage_02,tini,tini_branch_06,OOH_s,-6.536861713026596,9,360,1e-260,1.4513352722618453057727237021547587549140219592569903309029717237654300900155944e-74,True,-14235528819901.508671707360522839643221746362054955792962889024330715896759485857;-41614806113.787961929060166353784264311593389970700843318598754828188316174672893;-14385021492.847434962978982342956324325088343990616040222008339545389999490121822;-470366403.29291238223836681311377133863933742851039143310639372118692862995415461;-7863786.3894073397286009990389793770734249035230810246767884876232979940894373724;-3214088.621390313535414908837730433536887887210760480666738365750533221392425194;-1595.5603204894714769960875534061001459920989872953445538582189501267905731617892;-3.7699133425353506352545377084707774838089936216091698471123452505403471702575785e-374;7.8398393895320913441614436148711163581129212494812502306659537614264684132784783e-375,7.8398393895320913441614436148711163581129212494812502306659537614264684132784783e-375,+inf,1.543981221031025240293910595729941689303e-16;0.00000001;0.00000001;0.00000001;0.00000001;0.00000000009103220552543846842193467900530555417175;0.000000005040217108491944599167234022630641698678;0.00000001;0.00000000009103220552543846842193467900530555417175,2.7207197024157810716076442375454371406388302963424738030172484497459805955473997e-378,True,near_neutral_or_undetermined,7,2,0;1;2;3;4;5;6,7,(-14235528819901.508671707360522839643221746362054955792962889024330715896759485857 + 3.9848591035968346512329049105913751776482528990436841396476452257755200429326354e-374j);(-14385021492.847434962978982342956324325088343990616040222008339545389999490121822 - 2.6711297772267175515303890645517931237223439319677794483293555850483552267937591e-374j);(-470366403.29291238223836681311377133863933742851039143310639372118692862995415461 - 2.1654140944992293256001191343177265002006966441220403592857001831123722908016919e-374j);(-7863786.3894073397286009990389793770734249035230810246767884876232979940894373724 - 1.6455885967360138760522795898003868912272695972080342184441369627221089620003245e-375j);(-3214088.621390313535414908837730433536887887210760480666738365750533221392425194 - 3.8638622637719992199905601024316845894569700216341499097249699984155009943186284e-376j);(-1595.5603204894714769960875534061001459920989872953445538582189501267905731617892 - 9.1409380616220262017653420052427783502010712584521002715734033252191216758808095e-375j);(-41614806113.787961929060166353784264311593389970700843318598754828188316174672893 + 4.7616392325466604132605800928266096874881767016857540468299702046080526484633008e-376j),-1595.5603204894714769960875534061001459920989872953445538582189501267905731617892,104481552419.90450630016763052675661114055326171640848195579013813834605344776537,1.5682404303950396967572829274755215162514326115121076666285907883143770950590411e-378,True,near_neutral_or_undetermined,,linearly_stable
historical_five_resume_20261011__tini__vacant_10pct__stage_02,tini,tini_branch_07,OOH_s,-12.338672392246854,9,360,1e-260,4.6864758133265866430628163381871247608893654359380814087092906357344750314256077e-77,True,-13897913036012.460372244373750652595559832699632742446506096267309891032156269418;-14061036650.735029103338163679384041931934587225555441234394195276315902889057934;-470366403.29323719361167469445944058479841254698220485259256020297049897112396656;-8035960.6389186782041472943293826891294076800782400320494447887349433374093417671;-3565198.3806473191098227504514881496409217338758723237982892344671158848172566259;-43558.523704698813729637285325798472394985899377303776505785247861758542885034039;-2.0045087010146235663974555585337985629182619098921671158479547080761737369998543;1.2069220523981355264725358120757776162088797590674240787279632611116354145653041e-374;-7.2426424811730023622842619243602875649828161206015748085450754325954714021758959e-375,1.2069220523981355264725358120757776162088797590674240787279632611116354145653041e-374,+inf,2.436913452841054133091423467240212732046e-22;0.00000000003339362078419115336938802581396758935943;0.00000000003339362078419115336938802581396758935943;0.00000000003339362078419115336938802581396758935943;0.00000000003339362078419115336938802581396758935943;1.143641175234778262670563285572949265872e-13;0.00000000003339362078419115336938802581396758935943;0.00000000003339362078419115336938802581396758935943;1.143641175234778262670563285572949265872e-13,2.306037263854550607652547094027085475005910027679401958462289276469330805624399e-375,True,near_neutral_or_undetermined,7,2,0;1;2;3;4;5;6,7,-13897913036012.460372244373750652595559832699632742446506096267309891032156269418;-14061036650.735029103338163679384041931934587225555441234394195276315902889057934;-470366403.29323719361167469445944058479841254698220485259256020297049897112396656;-3565198.3806473191098227504514881496409217338758723237982892344671158848172566259;-43558.523704698813729637285325798472394985899377303776505785247861758542885034039;-2.0045087010146235663974555585337985629182619098921671158479547080761737369998543;-8035960.6389186782041472943293826891294076800782400320494447887349433374093417671,-2.0045087010146235663974555585337985629182619098921671158479547080761737369998543,87975455154879.536480569388653739746170668499430890792372930817252686217218798806,1.6836699903029437273242861864077769259289930326003714328142092173760620885395576e-375,True,near_neutral_or_undetermined,,linearly_stable
tire__Ha_dominant__stage_02,tire,tire_branch_01,Ha_s,-56.70624573957,9,360,1e-260,6.7855059014774934484279167655040339402197452746235228565414938886261890894041067e-82,True,-13966428944261.886936280537840702480357414654541865431643356449569891268152757457;-134771617254.68758195572842949077188818190427705686692565059741604006118874142391;-66902139006.269110669082805804520283441713824874440692311535133882503590750644782;-1418211331.9200372178259355008409218355646077749915074009679443697857302634410903;-6941719332932.9182458726871853641228982957605567469715132274149982299254080653539;-6941719332932.918245872946375888619545898368847904598326502221826458089144014228;-0.0000000000000000000000052563797999972057638779343403957419236850653135792963347555741171820080927811433;-2.0082507966827721327517478246730807553720371529902006923745876282352154076588302e-374;-2.2528577734799625994170842478440323464618954592615469428811477134330123484449592e-386,-2.2528577734799625994170842478440323464618954592615469428811477134330123484449592e-386,+inf,1.017369786916532245605534266017866620066e-31;2.078512961061502847463138582347878389196e-15;2.078512961061502847463138582347878389196e-15;2.078512961061502847463138582347878389196e-15;2.078512961061502847463138582347878389196e-15;1.870843791804199153232929792559712849752e-34;1.731065458149070233577963522720871987552e-64;8.917495240621300732933657974601596018995e-38;1.870843791804199153232929792559712849752e-34,3.8609947693289211068272047925013878925187729133592520500491300079613125060112305e-337,True,near_neutral_or_undetermined,7,2,0;1;2;3;4;5;6,7,(-13966428944261.886936280537840702480357414654541865431643356449569891268152757457 - 6.5670138032487069236429889613061478865510124085201160968399145374115370214457443e-373j);(-134771617254.68758195572842949077188818190427705686692565059741604006118874142391 - 1.682090918882337744244488928074440153079821694726277754478803070215815699274143e-374j);(-66902139006.269110669082805804520283441713824874440692311535133882503590750644782 - 2.3730205442208057752012417058768136851486671998090788071971439118755242931856515e-373j);(-1418211331.9200372178259355008409218355646077749915074009679443697857302634410903 - 2.7802920246390291187617305723882016161158855636078796275712419700317680871180208e-374j);(-0.0000000000000000000000052563797999972057638779343403957419236850653135792963347555741171820080927811433 + 7.0089163295280667735185056873077534553613382815686534579749114469242151502407397e-373j);(-6941719332932.918245872946375888619545898368847904598326502221826458089144014228 + 1.6955105422888422953689913187064189000916241265713133013932246801211038112501706e-373j);(-6941719332932.9182458726871853641228982957605567469715132274149982299254080653539 - 2.8254058754143273875061359545152036649273845555290341049053214507331650640460147e-373j),-0.0000000000000000000000052563797999972057638779343403957419236850653135792963347555741171820080927811433,70397768849988808571020003526584959528.545528750157428278214988534693175677756456,2.2573807284349023308513502691162643093763020544128512951945374550203459241142374e-337,True,near_neutral_or_undetermined,,linearly_stable
tire__Hb_dominant__stage_02,tire,tire_branch_02,Hb_s,-32.729800346921664,9,360,1e-260,3.6532167001525157456920822572636166999936360587795228223849403035953362662685525e-82,True,-13966428944261.886936280135137432065776864945140937311750072269990888070819277032;-134771617254.68758195574724969492867945848128284468702178886947021901443551029372;-66902139006.269110669085490029052067969424854548968702578374837096358253681123002;-1418211331.9200372178259355008439559039259243352694378677141209726505342530494049;-6.5080780015527779848794302048960585275760845911012485124913349292977623466887226;(-4.0409366891111820559192774013481316920347732637751311600550199192733989645767609e-376 - 7.0129112818426370752490579498706182692270035064670931640888233551207205733446434e-375j);(-4.0409366891111820559192774013481316920347732637751311600550199192733989645767609e-376 + 7.0129112818426370752490579498706182692270035064670931640888233551207205733446434e-375j);-0.00000000000095180241330301521879745609914630647654099097238374448184839852806084001384124173;-3512038139.5637956625962045830959413320255737543473392863803388325456072427677779,-4.0409366891111820559192774013481316920347732637751311600550199192733989645767609e-376,+inf,6.107452839469234808433284188511045974826e-32;1.247768515351233773381274253004310560994e-15;1.247768515351233773381274253004310560994e-15;1.247768515351233773381274253004310560994e-15;3.427833817763649694694721905608281616686e-26;1.247768515351233773381274253004310560994e-15;4.893198805399137377296409919155788937352e-22;1.247768515351233773381274253004310560994e-15;1.205577470314262825743500290054391019828e-42,4.2603767776056949437576513657535766879545736695411215237771981149648496877850998e-359,True,near_neutral_or_undetermined,7,2,0;1;2;3;4;5;6,7,-13966428944261.886936280135137432065776864945140937311750072269990888070819277032;-134771617254.68758195574724969492867945848128284468702178886947021901443551029372;-66902139006.269110669085490029052067969424854548968702578374837096358253681123002;-3512038139.5637956625962045830959413320255737543473392863803388325456072427677779;-0.00000000000095180241330301521879745609914630647654099097238374448184839852806084001384124173;-6.5080780015527779848794302048960585275760845911012485124913349292977623466887226;-1418211331.9200372178259355008439559039259243352694378677141209726505342530494049,-0.00000000000095180241330301521879745609914630647654099097238374448184839852806084001384124173,185250131554524457681526076.82270113352301744762408271974428860634347276591316002,4.1947908552693397511383863574596224528091985426990198300476938137629005361559357e-359,True,near_neutral_or_undetermined,,linearly_stable
tire__O_dominant__stage_02,tire,tire_branch_03,O_s,-32.729800346921664,9,360,1e-260,3.6532167001525157456920822572636166999936360587795228223849403035953362662685525e-82,True,-13966428944261.886936280135137432065776864945140937311750072269990888070819277032;-134771617254.68758195574724969492867945848128284468702178886947021901443551029372;-66902139006.269110669085490029052067969424854548968702578374837096358253681123002;-1418211331.9200372178259355008439559039259243352694378677141209726505342530494049;-3512038139.5637956625962045830959413320255737543473392863803388325456072427677779;-6.5080780015527779848794302048960585275760845911012485124913349292977623466887226;-0.00000000000095180241330301521879745609914630647654099097238374448184839852806084001384124173;(-1.2547664359004209735853714979612868027894182855693752039519317206217098053683393e-376 - 2.248557560801138572019446671129287773413992641831456466217841496714983227834339e-375j);(-1.2547664359004209735853714979612868027894182855693752039519317206217098053683393e-376 + 2.248557560801138572019446671129287773413992641831456466217841496714983227834339e-375j),-1.2547664359004209735853714979612868027894182855693752039519317206217098053683393e-376,+inf,6.107452839469234808433284188511045974826e-32;1.247768515351233773381274253004310560994e-15;1.247768515351233773381274253004310560994e-15;1.247768515351233773381274253004310560994e-15;3.427833817763649694694721905608281616686e-26;1.205577470314262825743500290054391019828e-42;4.893198805399137377296409919155788937352e-22;1.247768515351233773381274253004310560994e-15;1.247768515351233773381274253004310560994e-15,4.2603767776056949437576513657535766879545736695411215237771981149648496877850998e-359,True,near_neutral_or_undetermined,7,2,0;1;2;3;4;5;6,7,-13966428944261.886936280135137432065776864945140937311750072269990888070819277032;-134771617254.68758195574724969492867945848128284468702178886947021901443551029372;-66902139006.269110669085490029052067969424854548968702578374837096358253681123002;-3512038139.5637956625962045830959413320255737543473392863803388325456072427677779;-0.00000000000095180241330301521879745609914630647654099097238374448184839852806084001384124173;-6.5080780015527779848794302048960585275760845911012485124913349292977623466887226;-1418211331.9200372178259355008439559039259243352694378677141209726505342530494049,-0.00000000000095180241330301521879745609914630647654099097238374448184839852806084001384124173,185250131554524457681526076.82270113352301744762408271974428860634347276591316002,4.1947908552693397511383863574596224528091985426990198300476938137629005361559357e-359,True,near_neutral_or_undetermined,,linearly_stable
tita__Ha_dominant__stage_02,tita,tita_branch_01,Ha_s,-83.01299648744079,9,360,1e-260,9.5690331267199181956034446771716743523400593987678035395164360292196907288966285e-85,True,-13955886576602.329260703081912200175937566197494992505986332135407892068444225269;-6169749026268.0448522821651702877745758258351084091405104399554465698865238566329;-273344029.40058141117704468168971599796855596144936337165096577537761589896072701;-52467256.689553175407429575989905769321569860342076014817819051262226863571872209;-71701011153.76995174680818726465367548878233210271253440046140063470432807942182;-70718481662.954845678397423809614604366429954019335648680545066063895548647813666;-1.2430644153934526432155515157525563148520466234408594082286583873064566008989311e-35;-3.9604322011993304852403239249036370407835630675775770711153613658734943823140617e-374;1.1833054226699337799961236956319872679445666857809546930147098123863219818221661e-385,1.1833054226699337799961236956319872679445666857809546930147098123863219818221661e-385,+inf,1.037096605433886656350919882103433851337e-33;4.083774514787614156862555524735007309562e-18;4.083774514787614156862555524735007309562e-18;4.083774514787614156862555524735007309562e-18;4.083774514787614156862555524735007309562e-18;3.903730992179290370790204165473169787306e-49;5.837978757948473188857748445558842238218e-30;1.756778639374144923043600171426303739765e-28;3.903730992179290370790204165473169787306e-49,1.6667838845605494875234507409110818318478602763479552071342161563628335960053491e-355,True,near_neutral_or_undetermined,7,2,0;1;2;3;4;5;6,7,(-13955886576602.329260703081912200175937566197494992505986332135407892068444225269 - 8.2489657894582180700335976153968416469846399145037600960826078873487770473605865e-374j);(-71701011153.76995174680818726465367548878233210271253440046140063470432807942182 - 4.9898280061809500605568648712015380251851504251471659558547122488312110425297193e-372j);(-70718481662.954845678397423809614604366429954019335648680545066063895548647813666 + 4.8611693471528365913946363233934913024446197796395426075158368374645628022132785e-372j);(-273344029.40058141117704468168971599796855596144936337165096577537761589896072701 + 5.3026535448765355113485429038331685512738220441540558384531283811923654302397917e-374j);(-52467256.689553175407429575989905769321569860342076014817819051262226863571872209 - 1.0193936952984405424417055021628649552974363390381487409446159883426883429718807e-374j);(-1.2430644153934526432155515157525563148520466234408594082286583873064566008989311e-35 - 1.2554638833671272904855988146975030815826730559600611591058028088178186339299158e-373j);(-6169749026268.0448522821651702877745758258351084091405104399554465698865238566329 - 2.5993472224043658507206565585638544138184521699789751129103576580159553519696451e-373j),-1.2430644153934526432155515157525563148520466234408594082286583873064566008989311e-35,31637196939541324087338064410248813594702029867422.028495675199397610958108510307,3.4191935363339874584331119131017223527859425634477222322247853871052818358721464e-355,True,near_neutral_or_undetermined,,linearly_stable
tita__Hb_dominant__stage_02,tita,tita_branch_02,Hb_s,-66.13279425944955,9,360,1e-260,6.9465867557293116883943498821944601699018527647950745298441758845081067126849457e-83,True,-273344029.400581411177044681689723790980015410358067912415391995991926498842402;-52467256.690301185603945198766189720250223524329733485594450592727850594761189391;-0.47082673035601193323037297075098118334704618446402551620323784487980607912943725;-0.028463626405623492295441181254041581459941069582232323500450885478167482805592989;1.0632043356597331797509444544798017180552536256826402727711925657885559260270158e-376;5.2812762457263521799118648514092981126551368800728684632678446618741937423223868e-376;-71701011153.01194744760756616550514911937852497019433089834391590047097081085159;-13955886576659.369789476523363221596575974940681317902591796394253185139350096224;-3980372936392.3240317785295512378365155825671211600630105853959627351252869406314,5.2812762457263521799118648514092981126551368800728684632678446618741937423223868e-376,+inf,6.662674328412934130535560304684701387576e-33;2.62356076378430946831093146672097828585e-17;2.62356076378430946831093146672097828585e-17;2.62356076378430946831093146672097828585e-17;2.62356076378430946831093146672097828585e-17;2.62356076378430946831093146672097828585e-17;2.62356076378430946831093146672097828585e-17;2.62356076378430946831093146672097828585e-17;4.626174224443203721668232451307104078169e-80,1.0076318366736455342084305285619009080660042731533957235041486778436006119210117e-323,True,near_neutral_or_undetermined,7,2,0;1;2;3;4;5;6,7,(-13955886576659.369789476523363221596575974940681317902591796394253185139350096224 + 1.4476357913905243272127736261231790016890044837332981083097453419131026142550664e-374j);(-3980372936392.3240317785295512378365155825671211600630105853959627351252869406314 + 3.7100901063641177105246841705117219000553922502962973059329937234534106610689915e-374j);(-71701011153.01194744760756616550514911937852497019433089834391590047097081085159 + 6.0473499920033536936263901047607691232528350442713264747878761551434983783441554e-375j);(-273344029.400581411177044681689723790980015410358067912415391995991926498842402 - 6.8117412652227813314690312894992096298600955187646623925979331326164798254446283e-374j);(-52467256.690301185603945198766189720250223524329733485594450592727850594761189391 - 2.4404319249826980848406210678083197067495136451287520508800451875298233012939319e-374j);(-0.028463626405623492295441181254041581459941069582232323500450885478167482805592989 + 1.3497064656826371557032315868632859803266097372649763711236611133561087459926415e-373j);(-0.47082673035601193323037297075098118334704618446402551620323784487980607912943725 - 7.0829756892783839132143845909592840253801638355143310849998979613055534805316658e-374j),-0.028463626405623492295441181254041581459941069582232323500450885478167482805592989,7428731927421850.8896058864155887210145729105258184448657216425596032978852140219,3.2482935524742435917446267370312127040812910710570405462682839193903432650966744e-324,True,near_neutral_or_undetermined,,linearly_stable
tita__O_dominant__stage_02,tita,tita_branch_03,O_s,-66.13279425944955,9,360,1e-260,6.9465867557293116883943498821944601699018527647950745298441758845081067126849457e-83,True,-13955886576659.369789476523363221596575974940681317902591796394253185139350096224;-71701011153.01194744760756616550514911937852497019433089834391590047097081085159;-273344029.400581411177044681689723790980015410358067912415391995991926498842402;-52467256.690301185603945198766189720250223524329733485594450592727850594761189391;-0.47082673035601193323037297075098118334704618446402551620323784487980607912943725;-0.028463626405623492295441181254041581459941069582232323500450885478167482805592989;-3980372936392.3240317785295512378365155825671211600630105853959627351252869406314;(-2.1408628713128039987270201217809913718258249506127150515656771363848255351550341e-374 - 5.5609827837715624703965969222424511690532543894242722071382061137206438118945337e-374j);(-2.1408628713128039987270201217809913718258249506127150515656771363848255351550341e-374 + 5.5609827837715624703965969222424511690532543894242722071382061137206438118945337e-374j),-2.1408628713128039987270201217809913718258249506127150515656771363848255351550341e-374,+inf,6.662674328412934130535560304684701387576e-33;2.62356076378430946831093146672097828585e-17;2.62356076378430946831093146672097828585e-17;2.62356076378430946831093146672097828585e-17;2.62356076378430946831093146672097828585e-17;4.626174224443203721668232451307104078169e-80;2.62356076378430946831093146672097828585e-17;2.62356076378430946831093146672097828585e-17;2.62356076378430946831093146672097828585e-17,1.0076318366736455342084305285619009080660042731533957235041486778436006119210117e-323,True,near_neutral_or_undetermined,7,2,0;1;2;3;4;5;6,7,(-13955886576659.369789476523363221596575974940681317902591796394253185139350096224 + 1.4476357913905243272127736261231790016890044837332981083097453419131026142550664e-374j);(-3980372936392.3240317785295512378365155825671211600630105853959627351252869406314 + 3.7100901063641177105246841705117219000553922502962973059329937234534106610689915e-374j);(-71701011153.01194744760756616550514911937852497019433089834391590047097081085159 + 6.0473499920033536936263901047607691232528350442713264747878761551434983783441554e-375j);(-273344029.400581411177044681689723790980015410358067912415391995991926498842402 - 6.8117412652227813314690312894992096298600955187646623925979331326164798254446283e-374j);(-52467256.690301185603945198766189720250223524329733485594450592727850594761189391 - 2.4404319249826980848406210678083197067495136451287520508800451875298233012939319e-374j);(-0.028463626405623492295441181254041581459941069582232323500450885478167482805592989 + 1.3497064656826371557032315868632859803266097372649763711236611133561087459926415e-373j);(-0.47082673035601193323037297075098118334704618446402551620323784487980607912943725 - 7.0829756892783839132143845909592840253801638355143310849998979613055534805316658e-374j),-0.028463626405623492295441181254041581459941069582232323500450885478167482805592989,7428731927421850.8896058864155887210145729105258184448657216425596032978852140219,3.2482935524742435917446267370312127040812910710570405462682839193903432650966744e-324,True,near_neutral_or_undetermined,,linearly_stable
titi__Ha_dominant__stage_03,titi,titi_branch_01,Ha_s,-127.06291012682068,9,460,1e-340,1.1044340242796113031613897484731882004490658599150893659271763861884813960163684e-93,True,-13890256357980.514497631129486783868724424558471801081316767940919683267530424747;-14585557305.968442628540390544254276255712143137379766139481381638093546686899412;-4583215804.1375288361697823592570674908008536839148314996869401151699776042979563;-324756.55510073638499298781348873451349274506297823795152525980655242692378023345;-6941719332939.7926865387383414725382146652675185789001852353891352998819225098102;-6941719332939.7926865387383414725382146652675185776022224905600882526248674427955;-1.0207910237074861673569112506466125408376605788077209538972742717868622784625938e-58;8.2169806643399722918453553660439963037584062151463759710779338400177525840427977e-476;7.0285669688548613970897854910095835991754060258086608305980769360356948366617224e-486,8.2169806643399722918453553660439963037584062151463759710779338400177525840427977e-476,+inf,2.558674606515160901398640655786416027726e-40;1.197032479967556115612637903095391093223e-27;1.197032479967556115612637903095391093223e-27;1.197032479967556115612637903095391093223e-27;1.197032479967556115612637903095391093223e-27;4.237630005664193180786215945166967509146e-70;2.711822331313002342579961290760853154983e-84;2.279605275005843531091014939569596442973e-76;4.237630005664193180786215945166967509146e-70,8.7565841280371925153319115724277932815409261966527047691942150622902467287969012e-430,True,near_neutral_or_undetermined,7,2,0;1;2;3;4;5;6,7,(-13890256357980.514497631129486783868724424558471801081316767940919683267530424747 - 8.5675084325549605316237732260099214039372374494380963336862415735113356476075102e-473j);(-14585557305.968442628540390544254276255712143137379766139481381638093546686899412 - 3.0834409272441871540170215362614246642955811531233383673029003405022021436192048e-474j);(-4583215804.1375288361697823592570674908008536839148314996869401151699776042979563 - 1.4102634422796699203795360598998544846272990635713874752119575218581575081813897e-472j);(-324756.55510073638499298781348873451349274506297823795152525980655242692378023345 + 9.1914756724456847049666825211530589331632143555796471402580798297868703259840705e-473j);(-1.0207910237074861673569112506466125408376605788077209538972742717868622784625938e-58 + 1.4219917922868351486818221101044172974554900442088617792708819262364638317500155e-472j);(-6941719332939.7926865387383414725382146652675185776022224905600882526248674427955 - 1.3261150089323173388399330913373375446837695734041564061878899909338662440392066e-473j);(-6941719332939.7926865387383414725382146652675185789001852353891352998819225098102 + 2.1326986702923497676889703407029795254679962256348285787606847658028865678472405e-473j),-1.0207910237074861673569112506466125408376605788077209538972742717868622784625938e-58,5183894180679273273175611368507970173590841990192286905244647910107218820.6614917,8.416408952326840044417722616041434568087823204507426159429128748482959773846007e-430,True,near_neutral_or_undetermined,,linearly_stable
titi__vacant__stage_02,titi,titi_branch_02,H2O_s,-38.29334873690689,9,360,1e-260,2.3970248724743635309071980392086476024485972835327103978950291437830038285306093e-82,True,-13890256357980.514497631129486783868726854137809856567976809269894012771064243777;-717292953709.15166475270446856510114148964313462827243587543702011751093450166104;-14585557305.968442628540390544254276269088197314473384259603012508134212553683687;-4583215804.1375288361697823592570674969705515242543393562788059341047315941020004;-324756.55510073638499298781348873451335665162908150965333756811792647328678157233;-0.000000000000024758112814639378915040951804896257219030359583712595975503335299959640330449725;-7.6284235345436038517405504865216205228694570991301054446162080313600282410349358e-29;5.933380171836445953304397713867627098367964203972591991731600236161482101857733e-375;-2.8604201258864450969589364010627817621491737464355301544118468450480782036209495e-381,5.933380171836445953304397713867627098367964203972591991731600236161482101857733e-375,+inf,2.294284881237280572873356076722514481759e-28;1.073342235134758639530676360687026232236e-15;1.073342235134758639530676360687026232236e-15;1.073342235134758639530676360687026232236e-15;1.773759410697966463076646132776477823715e-51;1.027788443572748722789857564613792785342e-25;1.073342235134758639530676360687026232236e-15;1.073342235134758639530676360687026232236e-15;1.027788443572748722789857564613792785342e-25,2.5054279744401997838053060812001682628982771933306471557320898292600961049080278e-350,True,near_neutral_or_undetermined,7,2,0;1;2;3;4;5;6,7,-13890256357980.514497631129486783868726854137809856567976809269894012771064243777;-14585557305.968442628540390544254276269088197314473384259603012508134212553683687;-4583215804.1375288361697823592570674969705515242543393562788059341047315941020004;-7.6284235345436038517405504865216205228694570991301054446162080313600282410349358e-29;-0.000000000000024758112814639378915040951804896257219030359583712595975503335299959640330449725;-324756.55510073638499298781348873451335665162908150965333756811792647328678157233;-717292953709.15166475270446856510114148964313462827243587543702011751093450166104,-7.6284235345436038517405504865216205228694570991301054446162080313600282410349358e-29,2312261340124065627985068643137217236762526.7922961297872182229021906088101408606,2.4110265985500438725012814757159342805149431122794896009650708182238900839344577e-350,True,near_neutral_or_undetermined,,linearly_stable
titi__water_dominant__stage_02,titi,titi_branch_03,H2O_s,-40.03852921112599,9,360,1e-260,3.7365050459297537067841982060526972586227514160386775559725248563894363159442881e-82,True,-13890256357980.51449763112948678386872576206375070043782524193405599777539695116;-14585557305.96844262854039054425427627113315118236696834996161508292409689552701;-4583215804.1375288361697823592570674945900554037660940375402043422247710686013164;-324756.5551007363849929878134887345134905508006307803071135219348228787538516859;-6.7934772434785344111532899907880174800227087700159661018782326237799900010672628;-0.0000000000000033199175663012747308954284195877812027649585241863584072532093566711245265313897;-6.5627541380766894035452509221460643414197332999020020708213631077747842826819542e-27;-1.3680729687876660678475484825102628157221845438558878702063909761450497663650601e-375;7.0193314337869527788720337842319814745832315131365979019185091510282352927856722e-383,7.0193314337869527788720337842319814745832315131365979019185091510282352927856722e-383,+inf,2.558674606302825981173271877026165423437e-28;1.197032479868218827339583278889368590801e-15;1.197032479868218827339583278889368590801e-15;1.197032479868218827339583278889368590801e-15;2.329349113488390447888047570972203786835e-40;1.378203958357040029961056742862651197363e-26;1.197032479868218827339583278889368590801e-15;1.197032479868218827339583278889368590801e-15;1.378203958357040029961056742862651197363e-26,2.6895694185153480619210230183407406606667837828205682706339079772903098156519349e-361,True,near_neutral_or_undetermined,7,2,0;1;2;3;4;5;6,7,-13890256357980.51449763112948678386872576206375070043782524193405599777539695116;-14585557305.96844262854039054425427627113315118236696834996161508292409689552701;-4583215804.1375288361697823592570674945900554037660940375402043422247710686013164;-324756.5551007363849929878134887345134905508006307803071135219348228787538516859;-6.5627541380766894035452509221460643414197332999020020708213631077747842826819542e-27;-0.0000000000000033199175663012747308954284195877812027649585241863584072532093566711245265313897;-6.7934772434785344111532899907880174800227087700159661018782326237799900010672628,-6.5627541380766894035452509221460643414197332999020020708213631077747842826819542e-27,26877296412307765172911417536914099573430.703914739006982154876660872747784498855,1.3493619886910064685582133218950027014790413322839982989120872995104482403727123e-361,True,near_neutral_or_undetermined,,linearly_stable
tiv__Ha_dominant__stage_02,tiv,tiv_branch_01,Ha_s,-84.53948622886777,9,360,1e-260,9.4216983702819379302253686202944124246781800630388144943478554822149803562860049e-81,True,(-10774563023383.203353609360004125752955645920287866978531413879359908905882627783 + 6.3630695039175354749688442149030139483805262876080479124148692660120942381335913e-404j);(-4658534898720.2017472136769597037380748680559315144461810520866666998424780109294 + 1.700700498928489094029895914653929197644606605530830068132281090518635965669756e-403j);(-6615994566.6727365525226093599976893315012520982838136228738696249887633262947523 + 5.376933432963376071029615755532603858140595385907632055373154663954307743346961e-396j);(-6941719332946.7344062397635467570026026842552524460254456641943002403226084340788 + 4.4664451098560683454704035214433872013946025008257428000045930058552831401009733e-393j);(-6941719332938.6255660522224074870643799641308362113745874692944036642675332810933 + 3.0130200421854228355344972595231194848152983964409100693467833942978745253643408e-385j);(-6941719332938.6255664197316042866004303574725434435998428882040953602765671655812 + 1.8767184088776951090441839149756174919477513824523157454209851172659624887990328e-385j);-2.8315250388458935881766322560093019449077990926251613074041201518863920630755174e-36;-1.6269347732384408469916980012685199410931268044776813705344139626708817311934948e-373;-1.7498190959105594301288202996864558670826909463956271549270539701154654373222838e-376,-1.7498190959105594301288202996864558670826909463956271549270539701154654373222838e-376,+inf,1.030722430156702228142497974259826131697e-31;9.823580687422741385545173408020777032832e-15;4.238935368073876931362511061984933100967e-16;1.424898696111648571072058157033621728286e-15;9.823580687422741385545173408020777032832e-15;5.098745899677424711267943774859315514925e-50;2.660289607006352549926178983185241326813e-52;3.401366622216005411376621369749663988732e-47;5.098745899677424711267943774859315514925e-50,1.628449384964077648594589141339989564370388202901274617707507898729526294321609e-348,True,near_neutral_or_undetermined,7,2,0;1;2;3;4;5;6,7,(-10774563023383.203353609360004125752955645920287866978531413879359908905882627783 + 8.8626607767571373088931675118652249774835046156949857367090113997285382380848135e-374j);(-6615994566.6727365525226093599976893315012520982838136228738696249887633262947523 - 2.205127737506449019995021179520984889485504431821007061331284399599545115750325e-374j);(-4658534898720.2017472136769597037380748680559315144461810520866666998424780109294 - 1.6105607787436009960540923576260039324379892493619436868831378499947142784475517e-374j);(-2.8315250388458935881766322560093019449077990926251613074041201518863920630755174e-36 - 2.4836279504698627882570010212128363997633320194242644341395117998044415461439095e-374j);(-6941719332946.7344062397635467570026026842552524460254456641943002403226084340788 - 5.270481712199232505677045372186980306659589221072866963852169092811359096870559e-363j);(-6941719332938.6255664197316042866004303574725434435998428882040953602765671655812 - 1.3177812448501251859088565057494879056703489721927361822144238943606024989558264e-373j);(-6941719332938.6255660522224074870643799641308362113745874692944036642675332810933 + 5.270481712451329936883557021968776054177191019997325068094414673543879033793083e-363j),-2.8315250388458935881766322560093019449077990926251613074041201518863920630755174e-36,65173748224945513903634848153578118313029574853287.664757303081790133997163550935,1.0258170533459015230230496539216814891891148405828190933827733920912714778058493e-348,True,near_neutral_or_undetermined,,linearly_stable
unresolved_five__tiv__alkene_OOH_mix__stage_02,tiv,tiv_branch_02,OOH_s,-18.0210776207928,9,360,1e-260,1.846871516215323837985498999722439123245809245572700976483372794087839424320436e-70,True,-6941719332946.7344062397578273449702161425683043309342838480344994430210731842663;-10774563023383.203353609918895749628381634996148276470455935166202012031039322765;-6767725418593.5769469340842248603985388364694506758303147395914258292129090931919;-4658534898720.2017472070975436060531798510622712215944487855023610714181024559186;-6615994566.6727365525226094360102540053106342822455364751550409487640699640820244;-0.0051430969424423871631600461367433810413590984503678165478281677399555557608476573;-0.00000000000044602568517827713820827486424637429231355710829174775464639836541842343045836977;-8.1557687396792966002410706177632888438801852954652792565332811849344162870948953e-374;-4.1998240626470424343108954039906404149427273527769467842086564004399691692708862e-386,-4.1998240626470424343108954039906404149427273527769467842086564004399691692708862e-386,+inf,2.21165351963787035676591510005248171434e-21;0.00000001;0.00000001;0.00000001;1.606319294466006018247587522562087499949e-26;9.261208743401984669087461016008175129963e-17;0.00000001;0.00000001;9.261208743401984669087461016008175129963e-17,2.8291880060555718974479244558158620373714611414050901186277623519831808058706543e-365,True,near_neutral_or_undetermined,7,2,0;1;2;3;4;5;6,7,(-10774563023383.203353609918895749628381634996148276470455935166202012031039322765 + 1.4411076497682388149250217295119354876154063425105364843713829175145278657397262e-374j);(-4658534898720.2017472070975436060531798510622712215944487855023610714181024559186 - 9.673582917920387904372576867793983739530194019142799587987905842846705674141607e-375j);(-6615994566.6727365525226094360102540053106342822455364751550409487640699640820244 - 1.4122551151433807976380498184199420706248504962605763149011093668876834710701668e-375j);(-0.00000000000044602568517827713820827486424637429231355710829174775464639836541842343045836977 + 7.0176157334264641115200376503452212644406767931796430478942583106104820881473949e-376j);(-0.0051430969424423871631600461367433810413590984503678165478281677399555557608476573 + 1.620285438075256880622401425113901595179875968156065525170559211457392677959293e-376j);(-6941719332946.7344062397578273449702161425683043309342838480344994430210731842663 + 2.2153801827943987703494145827299793784732648573949835155243922732565231382799796e-374j);(-6767725418593.5769469340842248603985388364694506758303147395914258292129090931919 - 2.8043069637557099938506599834340413646280465053333045788407823755110309106184155e-374j),-0.00000000000044602568517827713820827486424637429231355710829174775464639836541842343045836977,218366495730012168382514012.77089918914866636350145421694132952978443602237789114,2.484188738493290796943305304655085415273043316859892106519513805332745813825078e-365,True,near_neutral_or_undetermined,,linearly_stable
historical_five_resume_20261011__tiw__OH_dominant__stage_03,tiw,tiw_branch_01,C6H12_s,-136.91173989076393,9,460,1e-340,4.2396242303465813075951058119373640060748619256454023839689324544352034358249753e-129,True,-13884838863822.40662801126801739476170720233618416509285927596221184380171614535;-10820076734.981332891713650186581493571053686618421631010126082051855744436801742;-403959608.18282349258267311585049320851689808247280494586182656408051713497153891;-1264950.5472741324753874924850314282005114983115421425568229739728014399254722716;-0.00000000000000000030491909945310553550000372136338679146326504824886472665071575108918905402700994;-8.4981005160278932418245080502166420742625509596851912694966984149569348309224555e-26;-6.1815244982211975411608698306073583807247450745538723983270507038356919800974776e-91;-7.3009335185982350748195562834214069083123348240314467419930199905662497859167494e-477;-5.526948809112586721560443474941035494172046819402584616400354925816103863179784e-497,-5.526948809112586721560443474941035494172046819402584616400354925816103863179784e-497,+inf,2.791881939309237419461380587255564533413e-76;5.087489738013994685077387635350081554955e-63;5.087489738013994685077387635350081554955e-63;5.087489738013994685077387635350081554955e-63;2.226222424782607937169496802567329046233e-104;8.225212839627835886587681947551233284281e-91;5.087489738013994685077387635350081554955e-63;5.087489738013994685077387635350081554955e-63;5.087489738013994685077387635350081554955e-63,5.8593068171393024488823803802709127747926237834696987810842776024263623487652478e-445,True,near_neutral_or_undetermined,7,2,0;1;2;3;4;5;6,7,-13884838863822.40662801126801739476170720233618416509285927596221184380171614535;-6.1815244982211975411608698306073583807247450745538723983270507038356919800974776e-91;-8.4981005160278932418245080502166420742625509596851912694966984149569348309224555e-26;-0.00000000000000000030491909945310553550000372136338679146326504824886472665071575108918905402700994;-10820076734.981332891713650186581493571053686618421631010126082051855744436801742;-1264950.5472741324753874924850314282005114983115421425568229739728014399254722716;-403959608.18282349258267311585049320851689808247280494586182656408051713497153891,-6.1815244982211975411608698306073583807247450745538723983270507038356919800974776e-91,2.8534646684017468029621503560769652222812410184359616621802334101650947474828345e+104,5.7719810349903217230644650006120713504414786410546718333167202037053813475791867e-445,True,near_neutral_or_undetermined,,linearly_stable
unresolved_five__tizr__alkene_OOH_mix__stage_02,tizr,tizr_branch_01,OOH_s,-55.94216197858402,9,360,1e-260,2.3293290323227402650978336132653359779384938526132170077690155994172768469409434e-73,True,-13971891644493.952773110933770375808895691730839871596965804100414958334344193388;-6936998525129.1282973050681675164894773981098421503609756720781197561948844524334;-390313660963.84020767173720682726804509487688778899768797459826302744738065080134;-61645274547.679858307779678953451644126894010153375945376022841255481047830152328;-1216085.6623707657997393195736862297384899026391591941120844882814184808018242861;-0.00000000000000000000019404606428764776046888689636320356450529998175233830659777923900419324498096399;-3.3997198687638286593277523322691259884689516295061762656722817227316102197633629e-36;5.8205435310693662706844748206219553003270461544200858925574342577731289031801493e-374;2.2889750514092016438595133441535553149561662221113457859143054345034443982678629e-401,5.8205435310693662706844748206219553003270461544200858925574342577731289031801493e-374,+inf,1.518692712072177830290893680436751618621e-20;0.00000001;0.00000001;0.00000001;1.224379618975699799606611894372337999352e-49;2.943765336685550880620484319786589247154e-35;4.03336607669709517532018550279292513053e-18;0.00000001;2.943765336685550880620484319786589247154e-35,6.192176734745335775964018679779727645012931354940226687230352720748597582580349e-344,True,near_neutral_or_undetermined,7,2,0;1;2;3;4;5;6,7,-13971891644493.952773110933770375808895691730839871596965804100414958334344193388;-6936998525129.1282973050681675164894773981098421503609756720781197561948844524334;-390313660963.84020767173720682726804509487688778899768797459826302744738065080134;-61645274547.679858307779678953451644126894010153375945376022841255481047830152328;-1216085.6623707657997393195736862297384899026391591941120844882814184808018242861;-3.3997198687638286593277523322691259884689516295061762656722817227316102197633629e-36;-0.00000000000000000000019404606428764776046888689636320356450529998175233830659777923900419324498096399,-3.3997198687638286593277523322691259884689516295061762656722817227316102197633629e-36,51822533337510775302619497376078289851843491566835.111431891851813491185692364793,6.4350418789419140793745709169787339541484140919457576712333450207231893980473353e-344,True,near_neutral_or_undetermined,,linearly_stable
unresolved_five__tizr__vacant_10pct__stage_02,tizr,tizr_branch_02,OOH_s,-76.53415656643139,9,360,1e-260,8.2450095936880066748715989692082522226784723698108782913148897830007754414850957e-84,True,-13971891644493.952773110933770375808895691724929083647016895663473494378366918007;-6941719332946.495695492978256349890038045178618000136550733258282452605491659017;-390313660963.84020767173720682726804509487696007524992428735329042239056319138611;-61645274547.679858307779678953451644126894010514551628003735754147168069177393668;-1216085.6623707657997393195736862297384899026391591941120844549010482381276714801;-9.8153896473509853072627947786408362443454494383442221083966174969016459692676532e-33;-8.6867565260080505030572582483640905262120537943663894765253205681374339850710329e-57;5.5237796431161172332113595447674679808333067578818690245225725712909656522973584e-375;1.9518410607093695343310866273207858239029036118617450243962292350937707700645579e-400,5.5237796431161172332113595447674679808333067578818690245225725712909656522973584e-375,+inf,7.679357586863688024396681697318362724074e-31;1.345308879498996602102835506389343364159e-17;1.345308879498996602102835506389343364159e-17;1.345308879498996602102835506389343364159e-17;3.128460007299284673998178204994680418455e-70;1.489038384571520510032453846238200845633e-45;4.036111459260103595407461308716542841663e-18;1.345308879498996602102835506389343364159e-17;1.489038384571520510032453846238200845633e-45,7.5579616419646094071572668649425547370483076451899592389582686665519896393589722e-334,True,near_neutral_or_undetermined,7,2,0;1;2;3;4;5;6,7,-13971891644493.952773110933770375808895691724929083647016895663473494378366918007;-6941719332946.495695492978256349890038045178618000136550733258282452605491659017;-390313660963.84020767173720682726804509487696007524992428735329042239056319138611;-61645274547.679858307779678953451644126894010514551628003735754147168069177393668;-1216085.6623707657997393195736862297384899026391591941120844549010482381276714801;-8.6867565260080505030572582483640905262120537943663894765253205681374339850710329e-57;-9.8153896473509853072627947786408362443454494383442221083966174969016459692676532e-33,-8.6867565260080505030572582483640905262120537943663894765253205681374339850710329e-57,20281689225399750569347355472479055695166330766850330785527617120865070.999838442,7.0391855853529982665832617036343187421073159960010192948220254354497086879079558e-334,True,near_neutral_or_undetermined,,linearly_stable
