surface,status,run_precision,run_tolerance,temperature_K,pressure_mode,gas_thermo_mode,adsorbate_thermo_mode,gas_effective_activities,kinetic_prefactor_assumption,initial_seed_temperature_K,initial_seed_source,solver_mode,net_C6H12O,net_C6H12O_high_precision,log10_net_C6H12O,net_C6H12,net_H2O2,net_H2O,theta_OOH,theta_OH,theta_O,theta_vacant,dominant_species,dominant_coverage,cycle_max_relative_error,cycle_max_absolute_error,balance_max_relative_error,balance_max_absolute_error,steady_state_residual_max_abs,steady_state_residual_relative_to_max_rate,coverage_sum_error,cycle_max_rate_abs,quality_status,quality_pass,fit_rate_threshold,step_rate_1,step_rate_2,step_rate_3,step_rate_4,step_rate_5,step_rate_6,step_rate_7,step_rate_8,seed_id,dominant_initial_species,initial_temperature_K,refinement_stage,refinement_stable,refinement_delta_log10_TOF
timn,solved,260,1e-180,333.15,concentration,frozen_gas,frozen_adsorbate,"{'C6H12_g': 1.0, 'H2O2_g': 0.185, 'H2O_g': 0.815, 'C6H12O_g': 1e-20}",CatMAP setup default (no explicit prefactor_list in base file),,H:\catmap\catmap\lyq_alkene_epoxidation\2-creating_microkinetic_model\analysis_ooh\recovery_single_temperature\seeds\timn\vacant.pkl,numbers,2.523347005773254e-176,2.523347005773253800814788661802468364934e-176,-175.59802302204292,8.745761437281565e-180,8.745761439004194e-180,-8.74576143641075e-180,0.4818846173475916,0.5181153826524084,2.23106326172127e-50,1.9230600682510434e-66,OH_s,0.5181153826524084,1.0,3.347033072535527e-91,1.0003465936876297,2.5242215819171543e-176,6.694066145071054e-91,2.0,2.1015228422647686e-286,3.347033072535527e-91,failed_steady_state_checks,False,0.0,-8.745761439004194e-180,6.489924776106411e-133,-8.745761437281565e-180,2.0005501009277593e-124,2.523347005773254e-176,3.347033072535527e-91,-3.893369276205619e-138,-8.74576143641075e-180,vacant,vacant,333.15,1,False,
timn,solved,360,1e-260,333.15,concentration,frozen_gas,frozen_adsorbate,"{'C6H12_g': 1.0, 'H2O2_g': 0.185, 'H2O_g': 0.815, 'C6H12O_g': 1e-20}",CatMAP setup default (no explicit prefactor_list in base file),,H:\catmap\catmap\lyq_alkene_epoxidation\2-creating_microkinetic_model\analysis_ooh\recovery_single_temperature\seeds\timn\vacant.pkl,numbers,2.2430111501464917e-180,2.243011150146491509244906924617375996376e-180,-179.64916856750708,-2.2430111489325923e-180,-2.2430111489325923e-180,2.2430111489325923e-180,1.2421090015754895e-11,0.9999190168375792,7.155655096682701e-95,1.2497746982336875e-65,OH_s,0.9999190168375792,0.9920544051706404,2.719273617422731e-131,5.41191691584931e-10,1.2138989985916416e-189,5.482381903024361e-131,2.0001007191317193,0.0,2.7410529132774694e-131,failed_steady_state_checks,False,0.0,2.2430111489325923e-180,2.7410529132774694e-131,2.2430111489325923e-180,2.1779295854738507e-133,2.2430111501464917e-180,-6.515620630473631e-174,-1.6443803623201227e-136,2.2430111489325923e-180,vacant,vacant,333.15,2,False,4.051145545464152
timn,solved,460,1e-340,333.15,concentration,frozen_gas,frozen_adsorbate,"{'C6H12_g': 1.0, 'H2O2_g': 0.185, 'H2O_g': 0.815, 'C6H12O_g': 1e-20}",CatMAP setup default (no explicit prefactor_list in base file),,H:\catmap\catmap\lyq_alkene_epoxidation\2-creating_microkinetic_model\analysis_ooh\recovery_single_temperature\seeds\timn\vacant.pkl,numbers,1.55214988252546e-238,1.552149882525460169445814338326926058698e-238,-237.80906634363788,-1.5521498816854505e-238,-1.5521498816854505e-238,1.5521498816854505e-238,1.2421090015754895e-11,0.9999190168375792,7.318996543100192e-115,1.278303184325773e-85,OH_s,0.9999190168375792,0.9920544051706404,2.8448357339831843e-171,5.411911198934116e-10,8.400097331663811e-248,5.735530196466351e-171,2.0001007191465856,0.0,2.8676206860790587e-171,failed_steady_state_checks,False,0.0,1.5521498816854505e-238,2.8676206860790587e-171,1.5521498816854505e-238,2.278495209587437e-173,1.55214988252546e-238,3.644482649890707e-219,-1.7203136647582424e-176,1.5521498816854505e-238,vacant,vacant,333.15,3,False,58.159897776130805
timn,solved,260,1e-180,333.15,concentration,frozen_gas,frozen_adsorbate,"{'C6H12_g': 1.0, 'H2O2_g': 0.185, 'H2O_g': 0.815, 'C6H12O_g': 1e-20}",CatMAP setup default (no explicit prefactor_list in base file),,H:\catmap\catmap\lyq_alkene_epoxidation\2-creating_microkinetic_model\analysis_ooh\recovery_single_temperature\seeds\timn\OOH_dominant.pkl,numbers,3.853388540285626e-125,3.853388540285625602154313425381814670498e-125,-124.414157198515,-1.7485755935584614e-137,-1.7485755935565752e-137,1.7485755935584614e-137,0.9999999999980045,1.995523959383686e-12,2.599602442230275e-50,6.778794880978696e-55,OOH_s,0.9999999999980045,0.9999999998864791,4.5441232952207317e-91,0.9999999999995463,3.853388540283877e-125,9.088246590699394e-91,1.9999999998297195,2.1015228422647686e-286,4.5441232957365844e-91,failed_steady_state_checks,False,0.0,1.7485755935565752e-137,-7.565929492081747e-106,1.7485755935584614e-137,5.1585263681913676e-101,3.853388540285626e-125,4.5441232957365844e-91,-4.822666677693326e-115,1.7485755935584614e-137,OOH_dominant,OOH_s,333.15,1,False,
timn,solved,360,1e-260,333.15,concentration,frozen_gas,frozen_adsorbate,"{'C6H12_g': 1.0, 'H2O2_g': 0.185, 'H2O_g': 0.815, 'C6H12O_g': 1e-20}",CatMAP setup default (no explicit prefactor_list in base file),,H:\catmap\catmap\lyq_alkene_epoxidation\2-creating_microkinetic_model\analysis_ooh\recovery_single_temperature\seeds\timn\OOH_dominant.pkl,numbers,1.8452122608041455e-241,1.845212260804145473475199707159820696603e-241,-240.73395366831593,-5.2191542705336084e-253,-5.219154270532705e-253,5.2191542705336084e-253,0.9999999999980045,1.995523959383686e-12,2.6589433156076362e-70,7.0918048802415e-95,OOH_s,0.9999999999980045,1.0,4.753947616197873e-131,0.9999999999971715,1.8452122607989264e-241,9.507895232395747e-131,2.0,0.0,4.753947616197873e-131,failed_steady_state_checks,False,0.0,5.219154270532705e-253,8.826073085806453e-190,5.2191542705336084e-253,5.645913569990318e-181,1.8452122608041455e-241,4.753947616197873e-131,-5.2948474703726994e-195,5.2191542705336084e-253,OOH_dominant,OOH_s,333.15,2,False,116.31979646980093
timn,solved,460,1e-340,333.15,concentration,frozen_gas,frozen_adsorbate,"{'C6H12_g': 1.0, 'H2O2_g': 0.185, 'H2O_g': 0.815, 'C6H12O_g': 1e-20}",CatMAP setup default (no explicit prefactor_list in base file),,H:\catmap\catmap\lyq_alkene_epoxidation\2-creating_microkinetic_model\analysis_ooh\recovery_single_temperature\seeds\timn\OOH_dominant.pkl,numbers,1.55214988252546e-238,1.552149882525460169445814338326926058698e-238,-237.80906634363788,-1.5521498816854505e-238,-1.5521498816854505e-238,1.5521498816854505e-238,1.2421090015754895e-11,0.9999190168375792,7.318996543100192e-115,1.278303184325773e-85,OH_s,0.9999190168375792,0.9920544051706404,2.8448357339831843e-171,5.411911198934116e-10,8.400097331663811e-248,5.735530196466351e-171,2.0001007191465856,0.0,2.8676206860790587e-171,failed_steady_state_checks,False,0.0,1.5521498816854505e-238,2.8676206860790587e-171,1.5521498816854505e-238,2.278495209587437e-173,1.55214988252546e-238,3.644482649890707e-219,-1.7203136647582424e-176,1.5521498816854505e-238,OOH_dominant,OOH_s,333.15,3,False,2.9248873246780533
timn,solved,260,1e-180,333.15,concentration,frozen_gas,frozen_adsorbate,"{'C6H12_g': 1.0, 'H2O2_g': 0.185, 'H2O_g': 0.815, 'C6H12O_g': 1e-20}",CatMAP setup default (no explicit prefactor_list in base file),,H:\catmap\catmap\lyq_alkene_epoxidation\2-creating_microkinetic_model\analysis_ooh\recovery_single_temperature\seeds\timn\OH_dominant.pkl,numbers,6.1361997422037165e-171,6.136199742203716474397828200780065622062e-171,-170.21210051191355,-4.504856169190994e-171,-4.504856169190994e-171,4.504856169190994e-171,1.994467185296005e-12,0.9999999999980055,2.2161132047368653e-50,9.830586971417601e-67,OH_s,0.9999999999980055,1.0,3.30232731638976e-91,0.26585568292254647,1.6313435730127226e-171,6.60465463277952e-91,2.0,1.0507614211323843e-286,3.30232731638976e-91,failed_steady_state_checks,False,0.0,4.504856169190994e-171,1.6959492905066362e-133,4.504856169190994e-171,2.1637469265230522e-136,6.1361997422037165e-171,3.30232731638976e-91,-1.0173809693061106e-138,4.504856169190994e-171,OH_dominant,OH_s,333.15,1,False,
timn,solved,360,1e-260,333.15,concentration,frozen_gas,frozen_adsorbate,"{'C6H12_g': 1.0, 'H2O2_g': 0.185, 'H2O_g': 0.815, 'C6H12O_g': 1e-20}",CatMAP setup default (no explicit prefactor_list in base file),,H:\catmap\catmap\lyq_alkene_epoxidation\2-creating_microkinetic_model\analysis_ooh\recovery_single_temperature\seeds\timn\OH_dominant.pkl,numbers,4.9304770873572565e-251,4.930477087357256515101890650932342818731e-251,-250.30711105508752,-4.9304770873572565e-251,-4.9304770873572565e-251,4.9304770873572565e-251,1.994467185296005e-12,0.9999999999980055,2.2667002064013856e-70,1.0284513085823366e-106,OH_s,0.9999999999980055,1.0,3.4548118640147593e-131,1.584382444350314e-37,7.811761339480307e-288,6.909623728029519e-131,2.0,0.0,3.4548118640147593e-131,failed_steady_state_checks,False,0.0,4.9304770873572565e-251,1.8561857456675224e-213,4.9304770873572565e-251,2.368181775673372e-216,4.9304770873572565e-251,3.4548118640147593e-131,-1.1135439628061472e-218,4.9304770873572565e-251,OH_dominant,OH_s,333.15,2,False,80.09501054317397
timn,solved,460,1e-340,333.15,concentration,frozen_gas,frozen_adsorbate,"{'C6H12_g': 1.0, 'H2O2_g': 0.185, 'H2O_g': 0.815, 'C6H12O_g': 1e-20}",CatMAP setup default (no explicit prefactor_list in base file),,H:\catmap\catmap\lyq_alkene_epoxidation\2-creating_microkinetic_model\analysis_ooh\recovery_single_temperature\seeds\timn\OH_dominant.pkl,numbers,1.55214988252546e-238,1.552149882525460169445814338326926058698e-238,-237.80906634363788,-1.5521498816854505e-238,-1.5521498816854505e-238,1.5521498816854505e-238,1.2421090015754895e-11,0.9999190168375792,7.318996543100192e-115,1.278303184325773e-85,OH_s,0.9999190168375792,0.9920544051706404,2.8448357339831843e-171,5.411911198934116e-10,8.400097331663811e-248,5.735530196466351e-171,2.0001007191465856,0.0,2.8676206860790587e-171,failed_steady_state_checks,False,0.0,1.5521498816854505e-238,2.8676206860790587e-171,1.5521498816854505e-238,2.278495209587437e-173,1.55214988252546e-238,3.644482649890707e-219,-1.7203136647582424e-176,1.5521498816854505e-238,OH_dominant,OH_s,333.15,3,False,12.498044711449637
timn,solved,260,1e-180,333.15,concentration,frozen_gas,frozen_adsorbate,"{'C6H12_g': 1.0, 'H2O2_g': 0.185, 'H2O_g': 0.815, 'C6H12O_g': 1e-20}",CatMAP setup default (no explicit prefactor_list in base file),,H:\catmap\catmap\lyq_alkene_epoxidation\2-creating_microkinetic_model\analysis_ooh\recovery_single_temperature\seeds\timn\O_dominant.pkl,numbers,1.6847506402994576e-110,1.684750640299457581871065411394900339161e-110,-109.77346436990004,-3.830991711341404e-122,-3.830991711341404e-122,3.830991711341404e-122,5.505822215885793e-13,9.744436345562953e-13,0.999999999998475,1.2969709929959914e-45,O_s,0.999999999998475,0.9996478003744081,2.950947641921946e-91,0.999999999997726,1.6847506402956265e-110,5.903992922504176e-91,2.0000061860004634,5.253807105661922e-286,2.95198733075459e-91,failed_steady_state_checks,False,0.0,3.830991711341404e-122,2.95198733075459e-91,3.830991711341404e-122,1.039688832643821e-94,1.6847506402994576e-110,1.4547728248895916e-100,-1.7709259527820324e-96,3.830991711341404e-122,O_dominant,O_s,333.15,1,False,
timn,solved,360,1e-260,333.15,concentration,frozen_gas,frozen_adsorbate,"{'C6H12_g': 1.0, 'H2O2_g': 0.185, 'H2O_g': 0.815, 'C6H12O_g': 1e-20}",CatMAP setup default (no explicit prefactor_list in base file),,H:\catmap\catmap\lyq_alkene_epoxidation\2-creating_microkinetic_model\analysis_ooh\recovery_single_temperature\seeds\timn\O_dominant.pkl,numbers,1.1658358211447178e-168,1.165835821144717765518328431273272323005e-168,-167.93336260480103,-2.6510323617544484e-180,-2.6510323617544484e-180,2.6510323617544484e-180,5.505822215885793e-13,9.744436345562953e-13,0.999999999998475,1.3265768243412872e-65,O_s,0.999999999998475,0.9996478003744081,3.087207277365092e-131,0.999999999997726,1.1658358211420669e-168,6.176609052353909e-131,2.000006186247421,0.0,3.088294973698546e-131,failed_steady_state_checks,False,0.0,2.6510323617544484e-180,3.088294973698546e-131,2.6510323617544484e-180,1.087696333453818e-134,1.1658358211447178e-168,1.0066927593407585e-158,-1.8526983257755093e-136,2.6510323617544484e-180,O_dominant,O_s,333.15,2,False,58.15989823490099
timn,solved,460,1e-340,333.15,concentration,frozen_gas,frozen_adsorbate,"{'C6H12_g': 1.0, 'H2O2_g': 0.185, 'H2O_g': 0.815, 'C6H12O_g': 1e-20}",CatMAP setup default (no explicit prefactor_list in base file),,H:\catmap\catmap\lyq_alkene_epoxidation\2-creating_microkinetic_model\analysis_ooh\recovery_single_temperature\seeds\timn\O_dominant.pkl,numbers,8.067503459281017e-227,8.067503459281017568464501964467214038511e-227,-226.09326083970203,-1.8344962406981912e-238,-1.8344962406981912e-238,1.8344962406981912e-238,5.505822215885793e-13,9.744436345562953e-13,0.999999999998475,1.3568584651336558e-85,O_s,0.999999999998475,0.9996478003744081,3.2297586843008126e-171,0.999999999997726,8.067503459262672e-227,6.461813196876541e-171,2.000006186247421,0.0,3.2308966048753755e-171,failed_steady_state_checks,False,0.0,1.8344962406981912e-238,3.2308966048753755e-171,1.8344962406981912e-238,1.1379205745630843e-174,8.067503459281017e-227,6.9659514757377526e-217,-1.9382464374630942e-176,1.8344962406981912e-238,O_dominant,O_s,333.15,3,False,58.15989823490099
timn,solved,260,1e-180,333.15,concentration,frozen_gas,frozen_adsorbate,"{'C6H12_g': 1.0, 'H2O2_g': 0.185, 'H2O_g': 0.815, 'C6H12O_g': 1e-20}",CatMAP setup default (no explicit prefactor_list in base file),,H:\catmap\catmap\lyq_alkene_epoxidation\2-creating_microkinetic_model\analysis_ooh\recovery_single_temperature\seeds\timn\alkene_dominant.pkl,numbers,3.241156475094862e-122,3.241156475094861872646912238237842361646e-122,-121.48930000178795,-3.241156473340655e-122,-3.241156473340655e-122,3.241156473340655e-122,1.2421090015754895e-11,0.9999190168375792,6.995959017216902e-75,1.2218828956206746e-45,OH_s,0.9999190168375792,0.9920544051706401,2.599253418424195e-91,5.412286647998203e-10,1.754206791422884e-131,5.234461217119249e-91,1.9978314820438763,1.0507614211323843e-286,2.620071444546537e-91,failed_steady_state_checks,False,0.0,3.241156473340655e-122,2.620071444546537e-91,3.241156473340655e-122,2.0818026122342264e-93,3.241156475094862e-122,1.1422346972430589e-119,5.916564464218243e-94,3.241156473340655e-122,alkene_dominant,C6H12_s,333.15,1,False,
timn,solved,360,1e-260,333.15,concentration,frozen_gas,frozen_adsorbate,"{'C6H12_g': 1.0, 'H2O2_g': 0.185, 'H2O_g': 0.815, 'C6H12O_g': 1e-20}",CatMAP setup default (no explicit prefactor_list in base file),,H:\catmap\catmap\lyq_alkene_epoxidation\2-creating_microkinetic_model\analysis_ooh\recovery_single_temperature\seeds\timn\alkene_dominant.pkl,numbers,2.2430111501464917e-180,2.243011150146491509244906924617375996376e-180,-179.64916856750708,-2.2430111489325923e-180,-2.2430111489325923e-180,2.2430111489325923e-180,1.2421090015754895e-11,0.9999190168375792,7.155655096682701e-95,1.2497746982336875e-65,OH_s,0.9999190168375792,0.9920544051706404,2.719273617422731e-131,5.41191691584931e-10,1.2138989985916416e-189,5.482381903024361e-131,2.0001007191317193,0.0,2.7410529132774694e-131,failed_steady_state_checks,False,0.0,2.2430111489325923e-180,2.7410529132774694e-131,2.2430111489325923e-180,2.1779295854738507e-133,2.2430111501464917e-180,-6.515620630473631e-174,-1.6443803623201227e-136,2.2430111489325923e-180,alkene_dominant,C6H12_s,333.15,2,False,58.15986856571912
timn,solved,460,1e-340,333.15,concentration,frozen_gas,frozen_adsorbate,"{'C6H12_g': 1.0, 'H2O2_g': 0.185, 'H2O_g': 0.815, 'C6H12O_g': 1e-20}",CatMAP setup default (no explicit prefactor_list in base file),,H:\catmap\catmap\lyq_alkene_epoxidation\2-creating_microkinetic_model\analysis_ooh\recovery_single_temperature\seeds\timn\alkene_dominant.pkl,numbers,1.55214988252546e-238,1.552149882525460169445814338326926058698e-238,-237.80906634363788,-1.5521498816854505e-238,-1.5521498816854505e-238,1.5521498816854505e-238,1.2421090015754895e-11,0.9999190168375792,7.318996543100192e-115,1.278303184325773e-85,OH_s,0.9999190168375792,0.9920544051706404,2.8448357339831843e-171,5.411911198934116e-10,8.400097331663811e-248,5.735530196466351e-171,2.0001007191465856,0.0,2.8676206860790587e-171,failed_steady_state_checks,False,0.0,1.5521498816854505e-238,2.8676206860790587e-171,1.5521498816854505e-238,2.278495209587437e-173,1.55214988252546e-238,3.644482649890707e-219,-1.7203136647582424e-176,1.5521498816854505e-238,alkene_dominant,C6H12_s,333.15,3,False,58.159897776130805
timn,solved,260,1e-180,333.15,concentration,frozen_gas,frozen_adsorbate,"{'C6H12_g': 1.0, 'H2O2_g': 0.185, 'H2O_g': 0.815, 'C6H12O_g': 1e-20}",CatMAP setup default (no explicit prefactor_list in base file),,H:\catmap\catmap\lyq_alkene_epoxidation\2-creating_microkinetic_model\analysis_ooh\recovery_single_temperature\seeds\timn\water_dominant.pkl,numbers,3.241156475094862e-122,3.241156475094861872646912238237842361646e-122,-121.48930000178795,-3.241156473340655e-122,-3.241156473340655e-122,3.241156473340655e-122,1.2421090015754895e-11,0.9999190168375792,6.995959017216902e-75,1.2218828956206746e-45,OH_s,0.9999190168375792,0.9920544051706401,2.599253418424195e-91,5.412286647998203e-10,1.754206791422884e-131,5.234461217119249e-91,1.9978314820438763,1.0507614211323843e-286,2.620071444546537e-91,failed_steady_state_checks,False,0.0,3.241156473340655e-122,2.620071444546537e-91,3.241156473340655e-122,2.0818026122342264e-93,3.241156475094862e-122,1.1422346972430589e-119,5.916564464218243e-94,3.241156473340655e-122,water_dominant,H2O_s,333.15,1,False,
timn,solved,360,1e-260,333.15,concentration,frozen_gas,frozen_adsorbate,"{'C6H12_g': 1.0, 'H2O2_g': 0.185, 'H2O_g': 0.815, 'C6H12O_g': 1e-20}",CatMAP setup default (no explicit prefactor_list in base file),,H:\catmap\catmap\lyq_alkene_epoxidation\2-creating_microkinetic_model\analysis_ooh\recovery_single_temperature\seeds\timn\water_dominant.pkl,numbers,2.2430111501464917e-180,2.243011150146491509244906924617375996376e-180,-179.64916856750708,-2.2430111489325923e-180,-2.2430111489325923e-180,2.2430111489325923e-180,1.2421090015754895e-11,0.9999190168375792,7.155655096682701e-95,1.2497746982336875e-65,OH_s,0.9999190168375792,0.9920544051706404,2.719273617422731e-131,5.41191691584931e-10,1.2138989985916416e-189,5.482381903024361e-131,2.0001007191317193,0.0,2.7410529132774694e-131,failed_steady_state_checks,False,0.0,2.2430111489325923e-180,2.7410529132774694e-131,2.2430111489325923e-180,2.1779295854738507e-133,2.2430111501464917e-180,-6.515620630473631e-174,-1.6443803623201227e-136,2.2430111489325923e-180,water_dominant,H2O_s,333.15,2,False,58.15986856571912
timn,solved,460,1e-340,333.15,concentration,frozen_gas,frozen_adsorbate,"{'C6H12_g': 1.0, 'H2O2_g': 0.185, 'H2O_g': 0.815, 'C6H12O_g': 1e-20}",CatMAP setup default (no explicit prefactor_list in base file),,H:\catmap\catmap\lyq_alkene_epoxidation\2-creating_microkinetic_model\analysis_ooh\recovery_single_temperature\seeds\timn\water_dominant.pkl,numbers,1.55214988252546e-238,1.552149882525460169445814338326926058698e-238,-237.80906634363788,-1.5521498816854505e-238,-1.5521498816854505e-238,1.5521498816854505e-238,1.2421090015754895e-11,0.9999190168375792,7.318996543100192e-115,1.278303184325773e-85,OH_s,0.9999190168375792,0.9920544051706404,2.8448357339831843e-171,5.411911198934116e-10,8.400097331663811e-248,5.735530196466351e-171,2.0001007191465856,0.0,2.8676206860790587e-171,failed_steady_state_checks,False,0.0,1.5521498816854505e-238,2.8676206860790587e-171,1.5521498816854505e-238,2.278495209587437e-173,1.55214988252546e-238,3.644482649890707e-219,-1.7203136647582424e-176,1.5521498816854505e-238,water_dominant,H2O_s,333.15,3,False,58.159897776130805
timn,solved,260,1e-180,333.15,concentration,frozen_gas,frozen_adsorbate,"{'C6H12_g': 1.0, 'H2O2_g': 0.185, 'H2O_g': 0.815, 'C6H12O_g': 1e-20}",CatMAP setup default (no explicit prefactor_list in base file),,H:\catmap\catmap\lyq_alkene_epoxidation\2-creating_microkinetic_model\analysis_ooh\recovery_single_temperature\seeds\timn\Ha_dominant.pkl,numbers,3.9467943527949515e-61,3.946794352794951501322589036255117401584e-61,-60.40375550187231,-3.9467943527949515e-61,-3.9467943527949515e-61,3.9467943527949515e-61,9.427691675012336e-42,5.655764339539419e-47,6.49167224085872e-36,1.931119854784076e-14,Ha_s,0.9999999999986661,3.332712267868332e-54,1.315352995831319e-114,5.576818347527179e-139,2.201055516058354e-199,2.630705991662624e-114,6.66542453573663e-54,0.0,3.9467943527949515e-61,validated_single_precision,True,0.0,3.9467943527949515e-61,3.9467943527949515e-61,3.9467943527949515e-61,3.9467943527949515e-61,3.9467943527949515e-61,3.9467943527949515e-61,3.9467943527949515e-61,3.9467943527949515e-61,Ha_dominant,Ha_s,333.15,1,False,
timn,solved,360,1e-260,333.15,concentration,frozen_gas,frozen_adsorbate,"{'C6H12_g': 1.0, 'H2O2_g': 0.185, 'H2O_g': 0.815, 'C6H12O_g': 1e-20}",CatMAP setup default (no explicit prefactor_list in base file),,H:\catmap\catmap\lyq_alkene_epoxidation\2-creating_microkinetic_model\analysis_ooh\recovery_single_temperature\seeds\timn\Ha_dominant.pkl,numbers,3.9467943527949515e-61,3.946794352794951501322589036255117401584e-61,-60.40375550187231,-3.9467943527949515e-61,-3.9467943527949515e-61,3.9467943527949515e-61,9.427691675012336e-42,5.655764339539419e-47,6.49167224085872e-36,1.931119854784076e-14,Ha_s,0.9999999999986661,4.1651141476500306e-108,1.6438848996691497e-168,6.969724095928885e-193,2.7508067702351024e-253,3.2877697993382825e-168,8.330228295300017e-108,0.0,3.9467943527949515e-61,validated_single_precision,True,0.0,3.9467943527949515e-61,3.9467943527949515e-61,3.9467943527949515e-61,3.9467943527949515e-61,3.9467943527949515e-61,3.9467943527949515e-61,3.9467943527949515e-61,3.9467943527949515e-61,Ha_dominant,Ha_s,333.15,2,True,0.0
timn,solved,260,1e-180,333.15,concentration,frozen_gas,frozen_adsorbate,"{'C6H12_g': 1.0, 'H2O2_g': 0.185, 'H2O_g': 0.815, 'C6H12O_g': 1e-20}",CatMAP setup default (no explicit prefactor_list in base file),,H:\catmap\catmap\lyq_alkene_epoxidation\2-creating_microkinetic_model\analysis_ooh\recovery_single_temperature\seeds\timn\Hb_dominant.pkl,numbers,1.6847506402994576e-110,1.684750640299457581871065411394900339161e-110,-109.77346436990004,-3.830991711341404e-122,-3.830991711341404e-122,3.830991711341404e-122,5.505822215885793e-13,9.744436345562953e-13,5.860497632198432e-91,1.2969709929959914e-45,Hb_s,0.999999999998475,0.9996478003744081,2.950947641921946e-91,0.999999999997726,1.6847506402956265e-110,5.903992922504176e-91,2.0000061860004634,0.0,2.95198733075459e-91,failed_steady_state_checks,False,0.0,3.830991711341404e-122,2.95198733075459e-91,3.830991711341404e-122,1.039688832643821e-94,1.6847506402994576e-110,1.4547728248895916e-100,-1.7709259527820324e-96,3.830991711341404e-122,Hb_dominant,Hb_s,333.15,1,False,
timn,solved,360,1e-260,333.15,concentration,frozen_gas,frozen_adsorbate,"{'C6H12_g': 1.0, 'H2O2_g': 0.185, 'H2O_g': 0.815, 'C6H12O_g': 1e-20}",CatMAP setup default (no explicit prefactor_list in base file),,H:\catmap\catmap\lyq_alkene_epoxidation\2-creating_microkinetic_model\analysis_ooh\recovery_single_temperature\seeds\timn\Hb_dominant.pkl,numbers,1.1658358211447178e-168,1.165835821144717765518328431273272323005e-168,-167.93336260480103,-2.6510323617544484e-180,-2.6510323617544484e-180,2.6510323617544484e-180,5.505822215885793e-13,9.744436345562953e-13,5.994274644510463e-111,1.3265768243412872e-65,Hb_s,0.999999999998475,0.9996478003744081,3.087207277365092e-131,0.999999999997726,1.1658358211420669e-168,6.176609052353909e-131,2.000006186247421,0.0,3.088294973698546e-131,failed_steady_state_checks,False,0.0,2.6510323617544484e-180,3.088294973698546e-131,2.6510323617544484e-180,1.087696333453818e-134,1.1658358211447178e-168,1.0066927593407585e-158,-1.8526983257755093e-136,2.6510323617544484e-180,Hb_dominant,Hb_s,333.15,2,False,58.15989823490099
timn,solved,460,1e-340,333.15,concentration,frozen_gas,frozen_adsorbate,"{'C6H12_g': 1.0, 'H2O2_g': 0.185, 'H2O_g': 0.815, 'C6H12O_g': 1e-20}",CatMAP setup default (no explicit prefactor_list in base file),,H:\catmap\catmap\lyq_alkene_epoxidation\2-creating_microkinetic_model\analysis_ooh\recovery_single_temperature\seeds\timn\Hb_dominant.pkl,numbers,8.067503459281017e-227,8.067503459281017568464501964467214038511e-227,-226.09326083970203,-1.8344962406981912e-238,-1.8344962406981912e-238,1.8344962406981912e-238,5.505822215885793e-13,9.744436345562953e-13,6.131105371736533e-131,1.3568584651336558e-85,Hb_s,0.999999999998475,0.9996478003744081,3.2297586843008126e-171,0.999999999997726,8.067503459262672e-227,6.461813196876541e-171,2.000006186247421,0.0,3.2308966048753755e-171,failed_steady_state_checks,False,0.0,1.8344962406981912e-238,3.2308966048753755e-171,1.8344962406981912e-238,1.1379205745630843e-174,8.067503459281017e-227,6.9659514757377526e-217,-1.9382464374630942e-176,1.8344962406981912e-238,Hb_dominant,Hb_s,333.15,3,False,58.15989823490099
tihf,solved,260,1e-180,333.15,concentration,frozen_gas,frozen_adsorbate,"{'C6H12_g': 1.0, 'H2O2_g': 0.185, 'H2O_g': 0.815, 'C6H12O_g': 1e-20}",CatMAP setup default (no explicit prefactor_list in base file),,H:\catmap\catmap\lyq_alkene_epoxidation\2-creating_microkinetic_model\analysis_ooh\recovery_single_temperature\seeds\tihf\vacant.pkl,numbers,1.4975283258867503e-136,1.497528325886750271515901161381027220084e-136,-135.8246249541407,-1.4975283258867503e-136,-1.4975283258867503e-136,1.4975283258867503e-136,0.6121061808677072,0.3878938191322928,4.446797873547932e-50,7.061801462754917e-39,OOH_s,0.6121061808677072,0.9999999999999932,4.0327493130139463e-91,5.353254231241454e-26,8.016649846957177e-162,8.065498626011636e-91,1.9999999999959552,4.2030456845295373e-286,4.0327493130139735e-91,failed_steady_state_checks,False,0.0,1.4975283258867503e-136,3.2540595881755457e-102,1.4975283258867503e-136,2.7355584736818675e-105,1.4975283258867503e-136,4.0327493130139735e-91,1.2370929155915146e-116,1.4975283258867503e-136,vacant,vacant,333.15,1,False,
tihf,solved,360,1e-260,333.15,concentration,frozen_gas,frozen_adsorbate,"{'C6H12_g': 1.0, 'H2O2_g': 0.185, 'H2O_g': 0.815, 'C6H12O_g': 1e-20}",CatMAP setup default (no explicit prefactor_list in base file),,H:\catmap\catmap\lyq_alkene_epoxidation\2-creating_microkinetic_model\analysis_ooh\recovery_single_temperature\seeds\tihf\vacant.pkl,numbers,4.60337398220935e-221,4.603373982209350442726362649503719134667e-221,-220.3369237412016,-4.60337398220935e-221,-4.60337398220935e-221,4.60337398220935e-221,0.6121061808677072,0.3878938191322928,4.5483044982772696e-70,7.387879255262463e-79,OOH_s,0.6121061808677072,1.0,4.2189610042742544e-131,8.339119286014827e-58,3.838808475578087e-278,8.437922008548509e-131,2.0,0.0,4.2189610042742544e-131,failed_steady_state_checks,False,0.0,4.60337398220935e-221,3.5615092131202954e-182,4.60337398220935e-221,2.9940191453315256e-185,4.60337398220935e-221,4.2189610042742544e-131,-3.6599320587405986e-198,4.60337398220935e-221,vacant,vacant,333.15,2,False,84.5122987870609
tihf,solved,460,1e-340,333.15,concentration,frozen_gas,frozen_adsorbate,"{'C6H12_g': 1.0, 'H2O2_g': 0.185, 'H2O_g': 0.815, 'C6H12O_g': 1e-20}",CatMAP setup default (no explicit prefactor_list in base file),,H:\catmap\catmap\lyq_alkene_epoxidation\2-creating_microkinetic_model\analysis_ooh\recovery_single_temperature\seeds\tihf\vacant.pkl,numbers,4.3218185543503994e-228,4.321818554350399197354295985166021100476e-228,-227.36433347033073,-4.3218185543503994e-228,-4.3218185543503994e-228,4.3218185543503994e-228,7.295818288585951e-13,0.9999999773482546,2.2651015774494446e-08,1.5136373754417485e-74,OH_s,0.9999999773482546,1.0,1.9094411302488392e-171,1.6894396513629722e-64,7.301451631715763e-292,3.8040204954169794e-171,1.9922166937512433,0.0,1.9094411302488392e-171,failed_steady_state_checks,False,0.0,4.3218185543503994e-228,1.4949896304820084e-173,4.3218185543503994e-228,1.497979690470795e-188,4.3218185543503994e-228,-2.141664773298936e-207,1.9094411302488392e-171,4.3218185543503994e-228,vacant,vacant,333.15,3,False,7.027409729129147
tihf,solved,260,1e-180,333.15,concentration,frozen_gas,frozen_adsorbate,"{'C6H12_g': 1.0, 'H2O2_g': 0.185, 'H2O_g': 0.815, 'C6H12O_g': 1e-20}",CatMAP setup default (no explicit prefactor_list in base file),,H:\catmap\catmap\lyq_alkene_epoxidation\2-creating_microkinetic_model\analysis_ooh\recovery_single_temperature\seeds\tihf\OOH_dominant.pkl,numbers,1.8114581629260456e-112,1.81145816292604560534795108309491825215e-112,-111.74197169189175,-1.8114581629260456e-112,-1.8114581629260456e-112,1.8114581629260456e-112,0.9999999999976492,2.3508101110312554e-12,1.0438930218197753e-50,7.859920403389551e-34,OOH_s,0.9999999999976492,0.9998211388867563,3.0947880528247315e-91,6.421802012344406e-36,1.1632825675956179e-147,7.805786788824955e-91,2.521785176851383,4.2030456845295373e-286,3.095341689085111e-91,failed_steady_state_checks,False,0.0,1.8114581629260456e-112,-1.7267301171697012e-91,1.8114581629260456e-112,5.536362603794182e-95,1.8114581629260456e-112,3.095341689085111e-91,5.006824007637802e-103,1.8114581629260456e-112,OOH_dominant,OOH_s,333.15,1,False,
tihf,solved,360,1e-260,333.15,concentration,frozen_gas,frozen_adsorbate,"{'C6H12_g': 1.0, 'H2O2_g': 0.185, 'H2O_g': 0.815, 'C6H12O_g': 1e-20}",CatMAP setup default (no explicit prefactor_list in base file),,H:\catmap\catmap\lyq_alkene_epoxidation\2-creating_microkinetic_model\analysis_ooh\recovery_single_temperature\seeds\tihf\OOH_dominant.pkl,numbers,2.4333316131283084e-211,2.43333161312830833817010589149671337949e-211,-210.61379870161667,-2.4333316131283084e-211,-2.4333316131283084e-211,2.4333316131283084e-211,0.9999999999976492,2.3508101110312554e-12,3.722912920288172e-70,8.167361725515306e-68,OOH_s,0.9999999999976492,1.0,2.8266510845410945e-131,6.421802166026458e-36,1.5626374223848025e-246,5.653302169082189e-131,2.0,0.0,2.8266510845410945e-131,failed_steady_state_checks,False,0.0,2.4333316131283084e-211,4.352693385717798e-160,2.4333316131283084e-211,5.977943576167236e-163,2.4333316131283084e-211,2.8266510845410945e-131,-4.472980718980705e-176,2.4333316131283084e-211,OOH_dominant,OOH_s,333.15,2,False,98.87182700972492
tihf,solved,460,1e-340,333.15,concentration,frozen_gas,frozen_adsorbate,"{'C6H12_g': 1.0, 'H2O2_g': 0.185, 'H2O_g': 0.815, 'C6H12O_g': 1e-20}",CatMAP setup default (no explicit prefactor_list in base file),,H:\catmap\catmap\lyq_alkene_epoxidation\2-creating_microkinetic_model\analysis_ooh\recovery_single_temperature\seeds\tihf\OOH_dominant.pkl,numbers,4.3218185543503994e-228,4.321818554350399197354295985166021100476e-228,-227.36433347033073,-4.3218185543503994e-228,-4.3218185543503994e-228,4.3218185543503994e-228,7.295818288585951e-13,0.9999999773482546,2.2651015774494446e-08,1.5136373754417485e-74,OH_s,0.9999999773482546,1.0,1.9094411302488392e-171,1.6894396513629722e-64,7.301451631715763e-292,3.8040204954169794e-171,1.9922166937512433,0.0,1.9094411302488392e-171,failed_steady_state_checks,False,0.0,4.3218185543503994e-228,1.4949896304820084e-173,4.3218185543503994e-228,1.497979690470795e-188,4.3218185543503994e-228,-2.141664773298936e-207,1.9094411302488392e-171,4.3218185543503994e-228,OOH_dominant,OOH_s,333.15,3,False,16.75053476871406
tihf,solved,260,1e-180,333.15,concentration,frozen_gas,frozen_adsorbate,"{'C6H12_g': 1.0, 'H2O2_g': 0.185, 'H2O_g': 0.815, 'C6H12O_g': 1e-20}",CatMAP setup default (no explicit prefactor_list in base file),,H:\catmap\catmap\lyq_alkene_epoxidation\2-creating_microkinetic_model\analysis_ooh\recovery_single_temperature\seeds\tihf\OH_dominant.pkl,numbers,1.3826798577945189e-139,1.382679857794518936962757320846377978481e-139,-138.85927836369984,-1.3826798577945189e-139,-1.3826798577945189e-139,1.3826798577945189e-139,2.354022177212825e-12,0.999999999997646,4.563503504533144e-50,2.884897325662039e-39,OH_s,0.999999999997646,1.0,4.2472050041649413e-91,7.276174800202918e-48,1.0060620338032634e-186,8.494410008327167e-91,1.9999999999993607,2.1015228422647686e-286,4.2472050041649413e-91,failed_steady_state_checks,False,0.0,1.3826798577945189e-139,5.430692549474341e-103,1.3826798577945189e-139,1.7557371666370314e-117,1.3826798577945189e-139,4.2472050041649413e-91,1.2397340111265656e-101,1.3826798577945189e-139,OH_dominant,OH_s,333.15,1,False,
tihf,solved,360,1e-260,333.15,concentration,frozen_gas,frozen_adsorbate,"{'C6H12_g': 1.0, 'H2O2_g': 0.185, 'H2O_g': 0.815, 'C6H12O_g': 1e-20}",CatMAP setup default (no explicit prefactor_list in base file),,H:\catmap\catmap\lyq_alkene_epoxidation\2-creating_microkinetic_model\analysis_ooh\recovery_single_temperature\seeds\tihf\OH_dominant.pkl,numbers,1.9762909020593125e-221,1.976290902059312453542330545608128832577e-221,-220.7041491286449,-1.9762909020593125e-221,-1.9762909020593125e-221,1.9762909020593125e-221,2.354022177212825e-12,0.999999999997646,4.667674157406794e-70,3.018107096076035e-79,OH_s,0.999999999997646,1.0,4.443319159929135e-131,2.4376840684519655e-82,4.8175728465765495e-303,8.88663831985827e-131,2.0,0.0,4.443319159929135e-131,failed_steady_state_checks,False,0.0,1.9762909020593125e-221,5.943794520511547e-183,1.9762909020593125e-221,1.921622491953623e-197,1.9762909020593125e-221,4.443319159929135e-131,5.193228187917602e-198,1.9762909020593125e-221,OH_dominant,OH_s,333.15,2,False,81.84487076494506
tihf,solved,460,1e-340,333.15,concentration,frozen_gas,frozen_adsorbate,"{'C6H12_g': 1.0, 'H2O2_g': 0.185, 'H2O_g': 0.815, 'C6H12O_g': 1e-20}",CatMAP setup default (no explicit prefactor_list in base file),,H:\catmap\catmap\lyq_alkene_epoxidation\2-creating_microkinetic_model\analysis_ooh\recovery_single_temperature\seeds\tihf\OH_dominant.pkl,numbers,4.3218185543503994e-228,4.321818554350399197354295985166021100476e-228,-227.36433347033073,-4.3218185543503994e-228,-4.3218185543503994e-228,4.3218185543503994e-228,7.295818288585951e-13,0.9999999773482546,2.2651015774494446e-08,1.5136373754417485e-74,OH_s,0.9999999773482546,1.0,1.9094411302488392e-171,1.6894396513629722e-64,7.301451631715763e-292,3.8040204954169794e-171,1.9922166937512433,0.0,1.9094411302488392e-171,failed_steady_state_checks,False,0.0,4.3218185543503994e-228,1.4949896304820084e-173,4.3218185543503994e-228,1.497979690470795e-188,4.3218185543503994e-228,-2.141664773298936e-207,1.9094411302488392e-171,4.3218185543503994e-228,OH_dominant,OH_s,333.15,3,False,6.660184341685834
tihf,solved,260,1e-180,333.15,concentration,frozen_gas,frozen_adsorbate,"{'C6H12_g': 1.0, 'H2O2_g': 0.185, 'H2O_g': 0.815, 'C6H12O_g': 1e-20}",CatMAP setup default (no explicit prefactor_list in base file),,H:\catmap\catmap\lyq_alkene_epoxidation\2-creating_microkinetic_model\analysis_ooh\recovery_single_temperature\seeds\tihf\O_dominant.pkl,numbers,4.792057488585734e-123,4.792057488585734396715385830237093569538e-123,-122.3194779805132,-4.792057488585734e-123,-4.792057488585734e-123,4.792057488585734e-123,8.536818463742882e-13,7.123844929480699e-13,0.9999999999984339,1.4989081734695374e-33,O_s,0.9999999999984339,0.9999999999999988,1.4660356912098704e-91,1.036639522288712e-48,4.96763618574756e-171,3.027566184562179e-91,2.0651381154735913,2.1015228422647686e-286,1.466035691209872e-91,failed_steady_state_checks,False,0.0,4.792057488585734e-123,1.466035691209872e-91,4.792057488585734e-123,1.7188355690439526e-106,4.792057488585734e-123,8.924437284327888e-92,1.8215576778628016e-99,4.792057488585734e-123,O_dominant,O_s,333.15,1,False,
tihf,solved,360,1e-260,333.15,concentration,frozen_gas,frozen_adsorbate,"{'C6H12_g': 1.0, 'H2O2_g': 0.185, 'H2O_g': 0.815, 'C6H12O_g': 1e-20}",CatMAP setup default (no explicit prefactor_list in base file),,H:\catmap\catmap\lyq_alkene_epoxidation\2-creating_microkinetic_model\analysis_ooh\recovery_single_temperature\seeds\tihf\O_dominant.pkl,numbers,1.7685710537860367e-180,1.768571053786036754749398858129620377846e-180,-179.75237748736333,-1.7685710537860367e-180,-1.7685710537860367e-180,1.7685710537860367e-180,8.536818463742882e-13,7.123844929480699e-13,0.9999999999984339,2.7255530760736505e-53,O_s,0.9999999999984339,0.9999999999999988,4.847343335714538e-131,1.0366395220151989e-48,1.8333706518466737e-228,9.694686671429087e-131,2.0,0.0,4.847343335714544e-131,failed_steady_state_checks,False,0.0,1.7685710537860367e-180,4.847343335714544e-131,1.7685710537860367e-180,5.683208169278797e-146,1.7685710537860367e-180,1.6287898917773342e-147,4.1410001765797326e-150,1.7685710537860367e-180,O_dominant,O_s,333.15,2,False,57.432899506850134
tihf,solved,460,1e-340,333.15,concentration,frozen_gas,frozen_adsorbate,"{'C6H12_g': 1.0, 'H2O2_g': 0.185, 'H2O_g': 0.815, 'C6H12O_g': 1e-20}",CatMAP setup default (no explicit prefactor_list in base file),,H:\catmap\catmap\lyq_alkene_epoxidation\2-creating_microkinetic_model\analysis_ooh\recovery_single_temperature\seeds\tihf\O_dominant.pkl,numbers,2.2946980669832317e-239,2.29469806698323173793400884864034842444e-239,-238.6392744502006,-2.2946980669832317e-239,-2.2946980669832317e-239,2.2946980669832317e-239,8.536818463742882e-13,7.123844929480699e-13,0.9999999999984339,1.5681200694643865e-73,O_s,0.9999999999984339,0.9999999999999988,1.6045495041708945e-171,1.0366395220151965e-48,2.3787747073266925e-287,3.209099008341793e-171,2.0,0.0,1.6045495041708966e-171,failed_steady_state_checks,False,0.0,2.2946980669832317e-239,1.6045495041708966e-171,2.2946980669832317e-239,1.8812343625277898e-186,2.2946980669832317e-239,2.1133338172542346e-206,-1.6488914638056004e-187,2.2946980669832317e-239,O_dominant,O_s,333.15,3,False,58.886896962837255
tihf,solved,260,1e-180,333.15,concentration,frozen_gas,frozen_adsorbate,"{'C6H12_g': 1.0, 'H2O2_g': 0.185, 'H2O_g': 0.815, 'C6H12O_g': 1e-20}",CatMAP setup default (no explicit prefactor_list in base file),,H:\catmap\catmap\lyq_alkene_epoxidation\2-creating_microkinetic_model\analysis_ooh\recovery_single_temperature\seeds\tihf\alkene_dominant.pkl,numbers,4.544222352490725e-135,4.544222352490725066292756594626944808255e-135,-134.34254042639537,-4.544222352490725e-135,-4.544222352490725e-135,4.544222352490725e-135,0.5041021863823226,0.4958978136176774,4.2166074267295814e-50,4.9666977253368005e-39,OOH_s,0.5041021863823226,0.9999999999999969,3.6260416308999197e-91,2.603569493932715e-28,1.183119869059201e-162,7.252083261791797e-91,1.9999999999977758,0.0,3.626041630899931e-91,failed_steady_state_checks,False,0.0,4.544222352490725e-135,1.6096444385459572e-102,4.544222352490725e-135,1.1144029948554128e-105,4.544222352490725e-135,3.626041630899931e-91,2.1072141786142635e-114,4.544222352490725e-135,alkene_dominant,C6H12_s,333.15,1,False,
tihf,solved,360,1e-260,333.15,concentration,frozen_gas,frozen_adsorbate,"{'C6H12_g': 1.0, 'H2O2_g': 0.185, 'H2O_g': 0.815, 'C6H12O_g': 1e-20}",CatMAP setup default (no explicit prefactor_list in base file),,H:\catmap\catmap\lyq_alkene_epoxidation\2-creating_microkinetic_model\analysis_ooh\recovery_single_temperature\seeds\tihf\alkene_dominant.pkl,numbers,2.90887158215338e-221,2.908871582153380063830970330726164414519e-221,-220.53627545111223,-2.90887158215338e-221,-2.90887158215338e-221,2.90887158215338e-221,0.5041021863823226,0.4958978136176774,4.312859516405625e-70,5.1960343668257656e-79,OOH_s,0.5041021863823226,1.0,3.793473646198057e-131,1.9476357118859363e-58,5.665422174692068e-279,7.586947292396114e-131,2.0,0.0,3.793473646198057e-131,failed_steady_state_checks,False,0.0,2.90887158215338e-221,1.7617266501720874e-182,2.90887158215338e-221,1.2196938703054461e-185,2.90887158215338e-221,3.793473646198057e-131,-1.8104122325293612e-198,2.90887158215338e-221,alkene_dominant,C6H12_s,333.15,2,False,86.19373502471686
tihf,solved,460,1e-340,333.15,concentration,frozen_gas,frozen_adsorbate,"{'C6H12_g': 1.0, 'H2O2_g': 0.185, 'H2O_g': 0.815, 'C6H12O_g': 1e-20}",CatMAP setup default (no explicit prefactor_list in base file),,H:\catmap\catmap\lyq_alkene_epoxidation\2-creating_microkinetic_model\analysis_ooh\recovery_single_temperature\seeds\tihf\alkene_dominant.pkl,numbers,4.3218185543503994e-228,4.321818554350399197354295985166021100476e-228,-227.36433347033073,-4.3218185543503994e-228,-4.3218185543503994e-228,4.3218185543503994e-228,7.295818288585951e-13,0.9999999773482546,2.2651015774494446e-08,1.5136373754417485e-74,OH_s,0.9999999773482546,1.0,1.9094411302488392e-171,1.6894396513629722e-64,7.301451631715763e-292,3.8040204954169794e-171,1.9922166937512433,0.0,1.9094411302488392e-171,failed_steady_state_checks,False,0.0,4.3218185543503994e-228,1.4949896304820084e-173,4.3218185543503994e-228,1.497979690470795e-188,4.3218185543503994e-228,-2.141664773298936e-207,1.9094411302488392e-171,4.3218185543503994e-228,alkene_dominant,C6H12_s,333.15,3,False,6.828058019218503
tihf,solved,260,1e-180,333.15,concentration,frozen_gas,frozen_adsorbate,"{'C6H12_g': 1.0, 'H2O2_g': 0.185, 'H2O_g': 0.815, 'C6H12O_g': 1e-20}",CatMAP setup default (no explicit prefactor_list in base file),,H:\catmap\catmap\lyq_alkene_epoxidation\2-creating_microkinetic_model\analysis_ooh\recovery_single_temperature\seeds\tihf\water_dominant.pkl,numbers,2.120788428456168e-131,2.120788428456168042005439164256331650711e-131,-130.6735026548861,-2.120788428456168e-131,-2.120788428456168e-131,2.120788428456168e-131,7.295818288585951e-13,0.9999999773482546,2.2651015774494446e-08,2.592541880455772e-41,OH_s,0.9999999773482546,1.0,2.264045340131077e-91,1.6894396516674737e-64,3.582944063831397e-195,4.528090680263805e-91,2.000000000000729,2.1015228422647686e-286,2.264045340131077e-91,failed_steady_state_checks,False,0.0,2.120788428456168e-131,-1.6513678000824442e-103,2.120788428456168e-131,4.3945438351708617e-122,2.120788428456168e-131,-2.5391675409386795e-127,2.264045340131077e-91,2.120788428456168e-131,water_dominant,H2O_s,333.15,1,False,
tihf,solved,360,1e-260,333.15,concentration,frozen_gas,frozen_adsorbate,"{'C6H12_g': 1.0, 'H2O2_g': 0.185, 'H2O_g': 0.815, 'C6H12O_g': 1e-20}",CatMAP setup default (no explicit prefactor_list in base file),,H:\catmap\catmap\lyq_alkene_epoxidation\2-creating_microkinetic_model\analysis_ooh\recovery_single_temperature\seeds\tihf\water_dominant.pkl,numbers,2.2109621171614247e-179,2.210962117161424771933608761379474531766e-179,-178.65541869860115,-2.2109621171614247e-179,-2.2109621171614247e-179,2.2109621171614247e-179,7.295818288585951e-13,0.9999999773482546,2.2651015774494446e-08,8.352424305586322e-58,OH_s,0.9999999773482546,1.0,4.1583945427025084e-131,1.6894396513629722e-64,3.7352870683939364e-243,8.316789080855869e-131,1.9999999989060326,0.0,4.1583945427025084e-131,failed_steady_state_checks,False,0.0,2.2109621171614247e-179,4.549147840450035e-140,2.2109621171614247e-179,4.561286338461415e-155,2.2109621171614247e-179,-4.664132852537509e-167,4.1583945427025084e-131,2.2109621171614247e-179,water_dominant,H2O_s,333.15,2,False,47.981916043715046
tihf,solved,460,1e-340,333.15,concentration,frozen_gas,frozen_adsorbate,"{'C6H12_g': 1.0, 'H2O2_g': 0.185, 'H2O_g': 0.815, 'C6H12O_g': 1e-20}",CatMAP setup default (no explicit prefactor_list in base file),,H:\catmap\catmap\lyq_alkene_epoxidation\2-creating_microkinetic_model\analysis_ooh\recovery_single_temperature\seeds\tihf\water_dominant.pkl,numbers,4.3218185543503994e-228,4.321818554350399197354295985166021100476e-228,-227.36433347033073,-4.3218185543503994e-228,-4.3218185543503994e-228,4.3218185543503994e-228,7.295818288585951e-13,0.9999999773482546,2.2651015774494446e-08,1.5136373754417485e-74,OH_s,0.9999999773482546,1.0,1.9094411302488392e-171,1.6894396513629722e-64,7.301451631715763e-292,3.8040204954169794e-171,1.9922166937512433,0.0,1.9094411302488392e-171,failed_steady_state_checks,False,0.0,4.3218185543503994e-228,1.4949896304820084e-173,4.3218185543503994e-228,1.497979690470795e-188,4.3218185543503994e-228,-2.141664773298936e-207,1.9094411302488392e-171,4.3218185543503994e-228,water_dominant,H2O_s,333.15,3,False,48.70891477172958
tihf,solved,260,1e-180,333.15,concentration,frozen_gas,frozen_adsorbate,"{'C6H12_g': 1.0, 'H2O2_g': 0.185, 'H2O_g': 0.815, 'C6H12O_g': 1e-20}",CatMAP setup default (no explicit prefactor_list in base file),,H:\catmap\catmap\lyq_alkene_epoxidation\2-creating_microkinetic_model\analysis_ooh\recovery_single_temperature\seeds\tihf\Ha_dominant.pkl,numbers,7.663322159310392e-121,7.663322159310391898558256738114187528183e-121,-120.11558291670224,-7.663322159310392e-121,-7.663322159310392e-121,7.663322159310392e-121,8.965575010756919e-66,9.21334003181324e-82,1.0438162942371557e-50,3.088341747682981e-14,Ha_s,0.9999999999978297,1.0,3.094921844761144e-91,4.308624691904206e-167,3.3018379077621415e-287,6.189843689522288e-91,2.0,1.0507614211323843e-286,3.094921844761144e-91,failed_steady_state_checks,False,0.0,7.663322159310392e-121,7.663322159310392e-121,7.663322159310392e-121,-4.841252351924865e-117,7.663322159310392e-121,3.094921844761144e-91,7.663322159310392e-121,7.663322159310392e-121,Ha_dominant,Ha_s,333.15,1,False,
tihf,solved,360,1e-260,333.15,concentration,frozen_gas,frozen_adsorbate,"{'C6H12_g': 1.0, 'H2O2_g': 0.185, 'H2O_g': 0.815, 'C6H12O_g': 1e-20}",CatMAP setup default (no explicit prefactor_list in base file),,H:\catmap\catmap\lyq_alkene_epoxidation\2-creating_microkinetic_model\analysis_ooh\recovery_single_temperature\seeds\tihf\Ha_dominant.pkl,numbers,7.663322159310392e-121,7.663322159310391898558256738114187528183e-121,-120.11558291670224,-7.663322159310392e-121,-7.663322159310392e-121,7.663322159310392e-121,8.965575010756919e-66,9.21334003181324e-82,1.642509047507609e-65,3.088341747682981e-14,Ha_s,0.9999999999978297,4.304050837178311e-20,3.2983328155346995e-140,2.1149073825969055e-224,0.0,6.596665631069399e-140,8.608101674356623e-20,0.0,7.663322159310392e-121,validated_single_precision,True,0.0,7.663322159310392e-121,7.663322159310392e-121,7.663322159310392e-121,7.663322159310392e-121,7.663322159310392e-121,7.663322159310392e-121,7.663322159310392e-121,7.663322159310392e-121,Ha_dominant,Ha_s,333.15,2,False,0.0
tihf,solved,460,1e-340,333.15,concentration,frozen_gas,frozen_adsorbate,"{'C6H12_g': 1.0, 'H2O2_g': 0.185, 'H2O_g': 0.815, 'C6H12O_g': 1e-20}",CatMAP setup default (no explicit prefactor_list in base file),,H:\catmap\catmap\lyq_alkene_epoxidation\2-creating_microkinetic_model\analysis_ooh\recovery_single_temperature\seeds\tihf\Ha_dominant.pkl,numbers,7.663322159310392e-121,7.663322159310391898558256738114187528183e-121,-120.11558291670224,-7.663322159310392e-121,-7.663322159310392e-121,7.663322159310392e-121,8.965575010756919e-66,9.21334003181324e-82,1.642509047507609e-65,3.088341747682981e-14,Ha_s,0.9999999999978297,1.8096866080775578e-79,1.3868211485088008e-199,8.892366086680084e-284,0.0,2.7736422970176016e-199,3.6193732161551157e-79,0.0,7.663322159310392e-121,validated_single_precision,True,0.0,7.663322159310392e-121,7.663322159310392e-121,7.663322159310392e-121,7.663322159310392e-121,7.663322159310392e-121,7.663322159310392e-121,7.663322159310392e-121,7.663322159310392e-121,Ha_dominant,Ha_s,333.15,3,True,0.0
tihf,solved,260,1e-180,333.15,concentration,frozen_gas,frozen_adsorbate,"{'C6H12_g': 1.0, 'H2O2_g': 0.185, 'H2O_g': 0.815, 'C6H12O_g': 1e-20}",CatMAP setup default (no explicit prefactor_list in base file),,H:\catmap\catmap\lyq_alkene_epoxidation\2-creating_microkinetic_model\analysis_ooh\recovery_single_temperature\seeds\tihf\Hb_dominant.pkl,numbers,4.792057488585734e-123,4.792057488585734396715385830237093569538e-123,-122.3194779805132,-4.792057488585734e-123,-4.792057488585734e-123,4.792057488585734e-123,8.536818463742882e-13,7.123844929480699e-13,3.141877076889803e-101,1.4989081734695374e-33,Hb_s,0.9999999999984339,0.9999999999999988,1.4660356912098704e-91,1.036639522288712e-48,4.96763618574756e-171,3.027566184562179e-91,2.0651381154735913,2.1015228422647686e-286,1.466035691209872e-91,failed_steady_state_checks,False,0.0,4.792057488585734e-123,1.466035691209872e-91,4.792057488585734e-123,1.7188355690439526e-106,4.792057488585734e-123,8.924437284327888e-92,1.8215576778628016e-99,4.792057488585734e-123,Hb_dominant,Hb_s,333.15,1,False,
tihf,solved,360,1e-260,333.15,concentration,frozen_gas,frozen_adsorbate,"{'C6H12_g': 1.0, 'H2O2_g': 0.185, 'H2O_g': 0.815, 'C6H12O_g': 1e-20}",CatMAP setup default (no explicit prefactor_list in base file),,H:\catmap\catmap\lyq_alkene_epoxidation\2-creating_microkinetic_model\analysis_ooh\recovery_single_temperature\seeds\tihf\Hb_dominant.pkl,numbers,1.7685710537860367e-180,1.768571053786036754749398858129620377846e-180,-179.75237748736333,-1.7685710537860367e-180,-1.7685710537860367e-180,1.7685710537860367e-180,8.536818463742882e-13,7.123844929480699e-13,1.3010038809782876e-125,2.7255530760736505e-53,Hb_s,0.9999999999984339,0.9999999999999988,4.847343335714538e-131,1.0366395220151989e-48,1.8333706518466737e-228,9.694686671429087e-131,2.0,0.0,4.847343335714544e-131,failed_steady_state_checks,False,0.0,1.7685710537860367e-180,4.847343335714544e-131,1.7685710537860367e-180,5.683208169278797e-146,1.7685710537860367e-180,1.6287898917773342e-147,4.1410001765797326e-150,1.7685710537860367e-180,Hb_dominant,Hb_s,333.15,2,False,57.432899506850134
tihf,solved,460,1e-340,333.15,concentration,frozen_gas,frozen_adsorbate,"{'C6H12_g': 1.0, 'H2O2_g': 0.185, 'H2O_g': 0.815, 'C6H12O_g': 1e-20}",CatMAP setup default (no explicit prefactor_list in base file),,H:\catmap\catmap\lyq_alkene_epoxidation\2-creating_microkinetic_model\analysis_ooh\recovery_single_temperature\seeds\tihf\Hb_dominant.pkl,numbers,2.2946980669832317e-239,2.29469806698323173793400884864034842444e-239,-238.6392744502006,-2.2946980669832317e-239,-2.2946980669832317e-239,2.2946980669832317e-239,8.536818463742882e-13,7.123844929480699e-13,7.485197460003452e-146,1.5681200694643865e-73,Hb_s,0.9999999999984339,0.9999999999999988,1.6045495041708945e-171,1.0366395220151965e-48,2.3787747073266925e-287,3.209099008341793e-171,2.0,0.0,1.6045495041708966e-171,failed_steady_state_checks,False,0.0,2.2946980669832317e-239,1.6045495041708966e-171,2.2946980669832317e-239,1.8812343625277898e-186,2.2946980669832317e-239,2.1133338172542346e-206,-1.6488914638056004e-187,2.2946980669832317e-239,Hb_dominant,Hb_s,333.15,3,False,58.886896962837255
tire,solved,260,1e-180,333.15,concentration,frozen_gas,frozen_adsorbate,"{'C6H12_g': 1.0, 'H2O2_g': 0.185, 'H2O_g': 0.815, 'C6H12O_g': 1e-20}",CatMAP setup default (no explicit prefactor_list in base file),,H:\catmap\catmap\lyq_alkene_epoxidation\2-creating_microkinetic_model\analysis_ooh\recovery_single_temperature\seeds\tire\vacant.pkl,numbers,-5.159335991791987e-206,-5.159335991791987764556320370224175264046e-206,,5.159335991791987e-206,5.159335991791987e-206,-5.159335991791987e-206,0.9999996406083738,3.593916262823541e-07,3.9833628882181944e-50,9.327724311685352e-87,OOH_s,0.9999996406083738,1.0,4.000956911112385e-91,2.785336691685101e-17,1.4370487842669764e-222,8.00191382222477e-91,2.0,1.0507614211323843e-286,4.000956911112385e-91,failed_steady_state_checks,False,0.0,-5.159335991791987e-206,3.116706269448661e-168,-5.159335991791987e-206,6.940282899681673e-165,-5.159335991791987e-206,4.000956911112385e-91,-6.0483512025496735e-195,-5.159335991791987e-206,vacant,vacant,333.15,1,False,
tire,solved,360,1e-260,333.15,concentration,frozen_gas,frozen_adsorbate,"{'C6H12_g': 1.0, 'H2O2_g': 0.185, 'H2O_g': 0.815, 'C6H12O_g': 1e-20}",CatMAP setup default (no explicit prefactor_list in base file),,H:\catmap\catmap\lyq_alkene_epoxidation\2-creating_microkinetic_model\analysis_ooh\recovery_single_temperature\seeds\tire\vacant.pkl,numbers,1.927625064471626e-183,1.927625064471625963634533222306838905215e-183,-182.71497743530145,-1.927625064471626e-183,-1.927625064471626e-183,1.927625064471626e-183,1.6834478146463896e-14,1.6886091995422037e-10,0.9999999998311222,3.4715261456591443e-68,O_s,0.9999999998311222,0.999999999962513,4.317032837860685e-131,5.0109196815931054e-18,9.659174374293049e-201,8.634065676044131e-131,1.9999999999997906,0.0,4.3170328380225176e-131,failed_steady_state_checks,False,0.0,1.927625064471626e-183,4.3170328380225176e-131,1.927625064471626e-183,1.6183276911129347e-141,1.927625064471626e-183,-6.872685816102832e-147,9.044140515466619e-144,1.927625064471626e-183,vacant,vacant,333.15,2,False,
tire,solved,460,1e-340,333.15,concentration,frozen_gas,frozen_adsorbate,"{'C6H12_g': 1.0, 'H2O2_g': 0.185, 'H2O_g': 0.815, 'C6H12O_g': 1e-20}",CatMAP setup default (no explicit prefactor_list in base file),,H:\catmap\catmap\lyq_alkene_epoxidation\2-creating_microkinetic_model\analysis_ooh\recovery_single_temperature\seeds\tire\vacant.pkl,numbers,1.333903247247302e-241,1.333903247247301899983190260530139399993e-241,-240.87487567020244,-1.333903247247302e-241,-1.333903247247302e-241,1.333903247247302e-241,1.6834478146463896e-14,1.6886091995422037e-10,0.9999999998311222,3.5507703370359723e-88,O_s,0.9999999998311222,0.999999999962513,4.516371285051048e-171,5.0109196815931054e-18,6.68408203497246e-259,9.032742570440707e-171,2.0,0.0,4.516371285220353e-171,failed_steady_state_checks,False,0.0,1.333903247247302e-241,4.516371285220353e-171,1.333903247247302e-241,1.6930537682839114e-181,1.333903247247302e-241,1.0496124574252758e-188,6.188243291147893e-192,1.333903247247302e-241,vacant,vacant,333.15,3,False,58.15989823490099
tire,solved,260,1e-180,333.15,concentration,frozen_gas,frozen_adsorbate,"{'C6H12_g': 1.0, 'H2O2_g': 0.185, 'H2O_g': 0.815, 'C6H12O_g': 1e-20}",CatMAP setup default (no explicit prefactor_list in base file),,H:\catmap\catmap\lyq_alkene_epoxidation\2-creating_microkinetic_model\analysis_ooh\recovery_single_temperature\seeds\tire\OOH_dominant.pkl,numbers,3.827076342295502e-204,3.827076342295502298289079661276568306515e-204,-203.4171328744081,4.458340372846425e-206,4.458340372846425e-206,-4.458340372846425e-206,0.9999999999977186,2.2814218972436606e-12,3.840561859373045e-50,1.365928081389029e-81,OOH_s,0.9999999999977186,1.0,3.7192353219289817e-91,1.0116494680902348,3.871659746023967e-204,7.438470643857963e-91,2.0,0.0,3.7192353219289817e-91,failed_steady_state_checks,False,0.0,-4.458340372846425e-206,6.683441304418654e-158,-4.458340372846425e-206,1.4882695402213665e-154,3.827076342295502e-204,3.7192353219289817e-91,6.543874010389009e-182,-4.458340372846425e-206,OOH_dominant,OOH_s,333.15,1,False,
tire,solved,360,1e-260,333.15,concentration,frozen_gas,frozen_adsorbate,"{'C6H12_g': 1.0, 'H2O2_g': 0.185, 'H2O_g': 0.815, 'C6H12O_g': 1e-20}",CatMAP setup default (no explicit prefactor_list in base file),,H:\catmap\catmap\lyq_alkene_epoxidation\2-creating_microkinetic_model\analysis_ooh\recovery_single_temperature\seeds\tire\OOH_dominant.pkl,numbers,1.927625064471626e-183,1.927625064471625963634533222306838905215e-183,-182.71497743530145,-1.927625064471626e-183,-1.927625064471626e-183,1.927625064471626e-183,1.6834478146463896e-14,1.6886091995422037e-10,0.9999999998311222,3.4715261456591443e-68,O_s,0.9999999998311222,0.999999999962513,4.317032837860685e-131,5.0109196815931054e-18,9.659174374293049e-201,8.634065676044131e-131,1.9999999999997906,0.0,4.3170328380225176e-131,failed_steady_state_checks,False,0.0,1.927625064471626e-183,4.3170328380225176e-131,1.927625064471626e-183,1.6183276911129347e-141,1.927625064471626e-183,-6.872685816102832e-147,9.044140515466619e-144,1.927625064471626e-183,OOH_dominant,OOH_s,333.15,2,False,20.70215543910666
tire,solved,460,1e-340,333.15,concentration,frozen_gas,frozen_adsorbate,"{'C6H12_g': 1.0, 'H2O2_g': 0.185, 'H2O_g': 0.815, 'C6H12O_g': 1e-20}",CatMAP setup default (no explicit prefactor_list in base file),,H:\catmap\catmap\lyq_alkene_epoxidation\2-creating_microkinetic_model\analysis_ooh\recovery_single_temperature\seeds\tire\OOH_dominant.pkl,numbers,1.333903247247302e-241,1.333903247247301899983190260530139399993e-241,-240.87487567020244,-1.333903247247302e-241,-1.333903247247302e-241,1.333903247247302e-241,1.6834478146463896e-14,1.6886091995422037e-10,0.9999999998311222,3.5507703370359723e-88,O_s,0.9999999998311222,0.999999999962513,4.516371285051048e-171,5.0109196815931054e-18,6.68408203497246e-259,9.032742570440707e-171,2.0,0.0,4.516371285220353e-171,failed_steady_state_checks,False,0.0,1.333903247247302e-241,4.516371285220353e-171,1.333903247247302e-241,1.6930537682839114e-181,1.333903247247302e-241,1.0496124574252758e-188,6.188243291147893e-192,1.333903247247302e-241,OOH_dominant,OOH_s,333.15,3,False,58.15989823490099
tire,solved,260,1e-180,333.15,concentration,frozen_gas,frozen_adsorbate,"{'C6H12_g': 1.0, 'H2O2_g': 0.185, 'H2O_g': 0.815, 'C6H12O_g': 1e-20}",CatMAP setup default (no explicit prefactor_list in base file),,H:\catmap\catmap\lyq_alkene_epoxidation\2-creating_microkinetic_model\analysis_ooh\recovery_single_temperature\seeds\tire\OH_dominant.pkl,numbers,2.785613122126504e-125,2.785613122126504120968011764687346638186e-125,-124.55507920040046,-2.785613122126504e-125,-2.785613122126504e-125,2.785613122126504e-125,1.6834478146463896e-14,1.6886091995422037e-10,0.9999999998311222,3.394050483719849e-48,O_s,0.9999999998311222,0.999999999962513,4.126492550632224e-91,5.010919681593107e-18,1.3958483618967724e-142,8.25285297544385e-91,1.9999679810084827,2.1015228422647686e-286,4.126492550786914e-91,failed_steady_state_checks,False,0.0,2.785613122126504e-125,4.126492550786914e-91,2.785613122126504e-125,1.546899788349628e-101,2.785613122126504e-125,-1.0191072031398669e-98,1.3218026171605344e-95,2.785613122126504e-125,OH_dominant,OH_s,333.15,1,False,
tire,solved,360,1e-260,333.15,concentration,frozen_gas,frozen_adsorbate,"{'C6H12_g': 1.0, 'H2O2_g': 0.185, 'H2O_g': 0.815, 'C6H12O_g': 1e-20}",CatMAP setup default (no explicit prefactor_list in base file),,H:\catmap\catmap\lyq_alkene_epoxidation\2-creating_microkinetic_model\analysis_ooh\recovery_single_temperature\seeds\tire\OH_dominant.pkl,numbers,1.927625064471626e-183,1.927625064471625963634533222306838905215e-183,-182.71497743530145,-1.927625064471626e-183,-1.927625064471626e-183,1.927625064471626e-183,1.6834478146463896e-14,1.6886091995422037e-10,0.9999999998311222,3.4715261456591443e-68,O_s,0.9999999998311222,0.999999999962513,4.317032837860685e-131,5.0109196815931054e-18,9.659174374293049e-201,8.634065676044131e-131,1.9999999999997906,0.0,4.3170328380225176e-131,failed_steady_state_checks,False,0.0,1.927625064471626e-183,4.3170328380225176e-131,1.927625064471626e-183,1.6183276911129347e-141,1.927625064471626e-183,-6.872685816102832e-147,9.044140515466619e-144,1.927625064471626e-183,OH_dominant,OH_s,333.15,2,False,58.15989823490099
tire,solved,460,1e-340,333.15,concentration,frozen_gas,frozen_adsorbate,"{'C6H12_g': 1.0, 'H2O2_g': 0.185, 'H2O_g': 0.815, 'C6H12O_g': 1e-20}",CatMAP setup default (no explicit prefactor_list in base file),,H:\catmap\catmap\lyq_alkene_epoxidation\2-creating_microkinetic_model\analysis_ooh\recovery_single_temperature\seeds\tire\OH_dominant.pkl,numbers,1.333903247247302e-241,1.333903247247301899983190260530139399993e-241,-240.87487567020244,-1.333903247247302e-241,-1.333903247247302e-241,1.333903247247302e-241,1.6834478146463896e-14,1.6886091995422037e-10,0.9999999998311222,3.5507703370359723e-88,O_s,0.9999999998311222,0.999999999962513,4.516371285051048e-171,5.0109196815931054e-18,6.68408203497246e-259,9.032742570440707e-171,2.0,0.0,4.516371285220353e-171,failed_steady_state_checks,False,0.0,1.333903247247302e-241,4.516371285220353e-171,1.333903247247302e-241,1.6930537682839114e-181,1.333903247247302e-241,1.0496124574252758e-188,6.188243291147893e-192,1.333903247247302e-241,OH_dominant,OH_s,333.15,3,False,58.15989823490099
tire,solved,260,1e-180,333.15,concentration,frozen_gas,frozen_adsorbate,"{'C6H12_g': 1.0, 'H2O2_g': 0.185, 'H2O_g': 0.815, 'C6H12O_g': 1e-20}",CatMAP setup default (no explicit prefactor_list in base file),,H:\catmap\catmap\lyq_alkene_epoxidation\2-creating_microkinetic_model\analysis_ooh\recovery_single_temperature\seeds\tire\O_dominant.pkl,numbers,1.8629433688108723e-33,1.862943368810872314301168232128475528826e-33,-32.729800346921664,-1.8629433688108723e-33,-1.8629433688108723e-33,1.8629433688108723e-33,9.375311325356188e-13,1.9572795221596542e-21,0.9999999999978677,4.991074061404934e-15,O_s,0.9999999999978677,6.907734859029323e-68,1.2868718849132383e-100,8.239945671881544e-138,1.535055214879357e-170,2.5737437698264767e-100,1.3815469718058646e-67,5.253807105661922e-286,1.8629433688108723e-33,validated_single_precision,True,0.0,1.8629433688108723e-33,1.8629433688108723e-33,1.8629433688108723e-33,1.8629433688108723e-33,1.8629433688108723e-33,1.8629433688108723e-33,1.8629433688108723e-33,1.8629433688108723e-33,O_dominant,O_s,333.15,1,False,
tire,solved,360,1e-260,333.15,concentration,frozen_gas,frozen_adsorbate,"{'C6H12_g': 1.0, 'H2O2_g': 0.185, 'H2O_g': 0.815, 'C6H12O_g': 1e-20}",CatMAP setup default (no explicit prefactor_list in base file),,H:\catmap\catmap\lyq_alkene_epoxidation\2-creating_microkinetic_model\analysis_ooh\recovery_single_temperature\seeds\tire\O_dominant.pkl,numbers,1.8629433688108723e-33,1.862943368810872314301168232128475528826e-33,-32.729800346921664,-1.8629433688108723e-33,-1.8629433688108723e-33,1.8629433688108723e-33,9.375311325356188e-13,1.9572795221596542e-21,0.9999999999978677,4.991074061404934e-15,O_s,0.9999999999978677,1.3121897552470659e-136,2.444535203159083e-169,1.5652558349575566e-206,2.9159829782267053e-239,4.889070406318166e-169,2.6243795104941317e-136,0.0,1.8629433688108723e-33,validated_single_precision,True,0.0,1.8629433688108723e-33,1.8629433688108723e-33,1.8629433688108723e-33,1.8629433688108723e-33,1.8629433688108723e-33,1.8629433688108723e-33,1.8629433688108723e-33,1.8629433688108723e-33,O_dominant,O_s,333.15,2,True,0.0
tire,solved,260,1e-180,333.15,concentration,frozen_gas,frozen_adsorbate,"{'C6H12_g': 1.0, 'H2O2_g': 0.185, 'H2O_g': 0.815, 'C6H12O_g': 1e-20}",CatMAP setup default (no explicit prefactor_list in base file),,H:\catmap\catmap\lyq_alkene_epoxidation\2-creating_microkinetic_model\analysis_ooh\recovery_single_temperature\seeds\tire\alkene_dominant.pkl,numbers,-1.20834250543194e-205,-1.20834250543194011781637819389567377513e-205,,1.20834250543194e-205,1.20834250543194e-205,-1.20834250543194e-205,0.4311550262500188,0.5688449737499812,3.992482195012612e-50,5.9201943063231e-93,OH_s,0.5688449737499812,1.0,4.0192970518952084e-91,4.4047108177971254e-49,5.322399305280148e-254,8.038594103790417e-91,2.0,7.35532994792669e-286,4.0192970518952084e-91,failed_steady_state_checks,False,0.0,-1.20834250543194e-205,1.2554990633415835e-180,-1.20834250543194e-205,1.205400317049217e-177,-1.20834250543194e-205,4.0192970518952084e-91,1.0596138478329849e-205,-1.20834250543194e-205,alkene_dominant,C6H12_s,333.15,1,False,
tire,solved,360,1e-260,333.15,concentration,frozen_gas,frozen_adsorbate,"{'C6H12_g': 1.0, 'H2O2_g': 0.185, 'H2O_g': 0.815, 'C6H12O_g': 1e-20}",CatMAP setup default (no explicit prefactor_list in base file),,H:\catmap\catmap\lyq_alkene_epoxidation\2-creating_microkinetic_model\analysis_ooh\recovery_single_temperature\seeds\tire\alkene_dominant.pkl,numbers,1.927625064471626e-183,1.927625064471625963634533222306838905215e-183,-182.71497743530145,-1.927625064471626e-183,-1.927625064471626e-183,1.927625064471626e-183,1.6834478146463896e-14,1.6886091995422037e-10,0.9999999998311222,3.4715261456591443e-68,O_s,0.9999999998311222,0.999999999962513,4.317032837860685e-131,5.0109196815931054e-18,9.659174374293049e-201,8.634065676044131e-131,1.9999999999997906,0.0,4.3170328380225176e-131,failed_steady_state_checks,False,0.0,1.927625064471626e-183,4.3170328380225176e-131,1.927625064471626e-183,1.6183276911129347e-141,1.927625064471626e-183,-6.872685816102832e-147,9.044140515466619e-144,1.927625064471626e-183,alkene_dominant,C6H12_s,333.15,2,False,
tire,solved,460,1e-340,333.15,concentration,frozen_gas,frozen_adsorbate,"{'C6H12_g': 1.0, 'H2O2_g': 0.185, 'H2O_g': 0.815, 'C6H12O_g': 1e-20}",CatMAP setup default (no explicit prefactor_list in base file),,H:\catmap\catmap\lyq_alkene_epoxidation\2-creating_microkinetic_model\analysis_ooh\recovery_single_temperature\seeds\tire\alkene_dominant.pkl,numbers,1.333903247247302e-241,1.333903247247301899983190260530139399993e-241,-240.87487567020244,-1.333903247247302e-241,-1.333903247247302e-241,1.333903247247302e-241,1.6834478146463896e-14,1.6886091995422037e-10,0.9999999998311222,3.5507703370359723e-88,O_s,0.9999999998311222,0.999999999962513,4.516371285051048e-171,5.0109196815931054e-18,6.68408203497246e-259,9.032742570440707e-171,2.0,0.0,4.516371285220353e-171,failed_steady_state_checks,False,0.0,1.333903247247302e-241,4.516371285220353e-171,1.333903247247302e-241,1.6930537682839114e-181,1.333903247247302e-241,1.0496124574252758e-188,6.188243291147893e-192,1.333903247247302e-241,alkene_dominant,C6H12_s,333.15,3,False,58.15989823490099
tire,solved,260,1e-180,333.15,concentration,frozen_gas,frozen_adsorbate,"{'C6H12_g': 1.0, 'H2O2_g': 0.185, 'H2O_g': 0.815, 'C6H12O_g': 1e-20}",CatMAP setup default (no explicit prefactor_list in base file),,H:\catmap\catmap\lyq_alkene_epoxidation\2-creating_microkinetic_model\analysis_ooh\recovery_single_temperature\seeds\tire\water_dominant.pkl,numbers,2.785613122126504e-125,2.785613122126504120968011764687346638186e-125,-124.55507920040046,-2.785613122126504e-125,-2.785613122126504e-125,2.785613122126504e-125,1.6834478146463896e-14,1.6886091995422037e-10,0.9999999998311222,3.394050483719849e-48,O_s,0.9999999998311222,0.999999999962513,4.126492550632224e-91,5.010919681593107e-18,1.3958483618967724e-142,8.25285297544385e-91,1.9999679810084827,2.1015228422647686e-286,4.126492550786914e-91,failed_steady_state_checks,False,0.0,2.785613122126504e-125,4.126492550786914e-91,2.785613122126504e-125,1.546899788349628e-101,2.785613122126504e-125,-1.0191072031398669e-98,1.3218026171605344e-95,2.785613122126504e-125,water_dominant,H2O_s,333.15,1,False,
tire,solved,360,1e-260,333.15,concentration,frozen_gas,frozen_adsorbate,"{'C6H12_g': 1.0, 'H2O2_g': 0.185, 'H2O_g': 0.815, 'C6H12O_g': 1e-20}",CatMAP setup default (no explicit prefactor_list in base file),,H:\catmap\catmap\lyq_alkene_epoxidation\2-creating_microkinetic_model\analysis_ooh\recovery_single_temperature\seeds\tire\water_dominant.pkl,numbers,1.927625064471626e-183,1.927625064471625963634533222306838905215e-183,-182.71497743530145,-1.927625064471626e-183,-1.927625064471626e-183,1.927625064471626e-183,1.6834478146463896e-14,1.6886091995422037e-10,0.9999999998311222,3.4715261456591443e-68,O_s,0.9999999998311222,0.999999999962513,4.317032837860685e-131,5.0109196815931054e-18,9.659174374293049e-201,8.634065676044131e-131,1.9999999999997906,0.0,4.3170328380225176e-131,failed_steady_state_checks,False,0.0,1.927625064471626e-183,4.3170328380225176e-131,1.927625064471626e-183,1.6183276911129347e-141,1.927625064471626e-183,-6.872685816102832e-147,9.044140515466619e-144,1.927625064471626e-183,water_dominant,H2O_s,333.15,2,False,58.15989823490099
tire,solved,460,1e-340,333.15,concentration,frozen_gas,frozen_adsorbate,"{'C6H12_g': 1.0, 'H2O2_g': 0.185, 'H2O_g': 0.815, 'C6H12O_g': 1e-20}",CatMAP setup default (no explicit prefactor_list in base file),,H:\catmap\catmap\lyq_alkene_epoxidation\2-creating_microkinetic_model\analysis_ooh\recovery_single_temperature\seeds\tire\water_dominant.pkl,numbers,1.333903247247302e-241,1.333903247247301899983190260530139399993e-241,-240.87487567020244,-1.333903247247302e-241,-1.333903247247302e-241,1.333903247247302e-241,1.6834478146463896e-14,1.6886091995422037e-10,0.9999999998311222,3.5507703370359723e-88,O_s,0.9999999998311222,0.999999999962513,4.516371285051048e-171,5.0109196815931054e-18,6.68408203497246e-259,9.032742570440707e-171,2.0,0.0,4.516371285220353e-171,failed_steady_state_checks,False,0.0,1.333903247247302e-241,4.516371285220353e-171,1.333903247247302e-241,1.6930537682839114e-181,1.333903247247302e-241,1.0496124574252758e-188,6.188243291147893e-192,1.333903247247302e-241,water_dominant,H2O_s,333.15,3,False,58.15989823490099
tire,solved,260,1e-180,333.15,concentration,frozen_gas,frozen_adsorbate,"{'C6H12_g': 1.0, 'H2O2_g': 0.185, 'H2O_g': 0.815, 'C6H12O_g': 1e-20}",CatMAP setup default (no explicit prefactor_list in base file),,H:\catmap\catmap\lyq_alkene_epoxidation\2-creating_microkinetic_model\analysis_ooh\recovery_single_temperature\seeds\tire\Ha_dominant.pkl,numbers,1.9667731032379524e-57,1.966773103237952325253223094237597263094e-57,-56.70624573957001,-1.9667731032379524e-57,-1.9667731032379524e-57,1.9667731032379524e-57,3.5669980962485185e-37,6.924261832596278e-64,7.483375167216793e-34,8.31405184424601e-15,Ha_s,0.9999999999980097,2.5195575009434685e-50,4.955397924917045e-107,2.1986357872861466e-141,4.324217730250793e-198,9.91079584983409e-107,5.039115001886937e-50,2.1015228422647686e-286,1.9667731032379524e-57,validated_single_precision,True,0.0,1.9667731032379524e-57,1.9667731032379524e-57,1.9667731032379524e-57,1.9667731032379524e-57,1.9667731032379524e-57,1.9667731032379524e-57,1.9667731032379524e-57,1.9667731032379524e-57,Ha_dominant,Ha_s,333.15,1,False,
tire,solved,360,1e-260,333.15,concentration,frozen_gas,frozen_adsorbate,"{'C6H12_g': 1.0, 'H2O2_g': 0.185, 'H2O_g': 0.815, 'C6H12O_g': 1e-20}",CatMAP setup default (no explicit prefactor_list in base file),,H:\catmap\catmap\lyq_alkene_epoxidation\2-creating_microkinetic_model\analysis_ooh\recovery_single_temperature\seeds\tire\Ha_dominant.pkl,numbers,1.9667731032379524e-57,1.966773103237952325253223094237597263094e-57,-56.70624573957001,-1.9667731032379524e-57,-1.9667731032379524e-57,1.9667731032379524e-57,3.5669980962485185e-37,6.924261832596278e-64,7.483375167216793e-34,8.31405184424601e-15,Ha_s,0.9999999999980097,6.493850487665613e-107,1.2771930475589388e-163,1.5678254145105105e-205,3.0835568558321655e-262,2.5543860951178775e-163,1.2987700975331226e-106,0.0,1.9667731032379524e-57,validated_single_precision,True,0.0,1.9667731032379524e-57,1.9667731032379524e-57,1.9667731032379524e-57,1.9667731032379524e-57,1.9667731032379524e-57,1.9667731032379524e-57,1.9667731032379524e-57,1.9667731032379524e-57,Ha_dominant,Ha_s,333.15,2,True,0.0
tire,solved,260,1e-180,333.15,concentration,frozen_gas,frozen_adsorbate,"{'C6H12_g': 1.0, 'H2O2_g': 0.185, 'H2O_g': 0.815, 'C6H12O_g': 1e-20}",CatMAP setup default (no explicit prefactor_list in base file),,H:\catmap\catmap\lyq_alkene_epoxidation\2-creating_microkinetic_model\analysis_ooh\recovery_single_temperature\seeds\tire\Hb_dominant.pkl,numbers,1.8629433688108723e-33,1.862943368810872314301168232128475528826e-33,-32.729800346921664,-1.8629433688108723e-33,-1.8629433688108723e-33,1.8629433688108723e-33,9.375311325356188e-13,1.9572795221596542e-21,4.822309881257048e-42,4.991074061404934e-15,Hb_s,0.9999999999978677,6.907734859029323e-68,1.2868718849132383e-100,8.239945671881544e-138,1.535055214879357e-170,2.5737437698264767e-100,1.3815469718058646e-67,3.152284263397153e-286,1.8629433688108723e-33,validated_single_precision,True,0.0,1.8629433688108723e-33,1.8629433688108723e-33,1.8629433688108723e-33,1.8629433688108723e-33,1.8629433688108723e-33,1.8629433688108723e-33,1.8629433688108723e-33,1.8629433688108723e-33,Hb_dominant,Hb_s,333.15,1,False,
tire,solved,360,1e-260,333.15,concentration,frozen_gas,frozen_adsorbate,"{'C6H12_g': 1.0, 'H2O2_g': 0.185, 'H2O_g': 0.815, 'C6H12O_g': 1e-20}",CatMAP setup default (no explicit prefactor_list in base file),,H:\catmap\catmap\lyq_alkene_epoxidation\2-creating_microkinetic_model\analysis_ooh\recovery_single_temperature\seeds\tire\Hb_dominant.pkl,numbers,1.8629433688108723e-33,1.862943368810872314301168232128475528826e-33,-32.729800346921664,-1.8629433688108723e-33,-1.8629433688108723e-33,1.8629433688108723e-33,9.375311325356188e-13,1.9572795221596542e-21,4.822309881257048e-42,4.991074061404934e-15,Hb_s,0.9999999999978677,1.3121897552470659e-136,2.444535203159083e-169,1.5652558349575566e-206,2.9159829782267053e-239,4.889070406318166e-169,2.6243795104941317e-136,0.0,1.8629433688108723e-33,validated_single_precision,True,0.0,1.8629433688108723e-33,1.8629433688108723e-33,1.8629433688108723e-33,1.8629433688108723e-33,1.8629433688108723e-33,1.8629433688108723e-33,1.8629433688108723e-33,1.8629433688108723e-33,Hb_dominant,Hb_s,333.15,2,True,0.0
timo,solved,260,1e-180,333.15,concentration,frozen_gas,frozen_adsorbate,"{'C6H12_g': 1.0, 'H2O2_g': 0.185, 'H2O_g': 0.815, 'C6H12O_g': 1e-20}",CatMAP setup default (no explicit prefactor_list in base file),,H:\catmap\catmap\lyq_alkene_epoxidation\2-creating_microkinetic_model\analysis_ooh\recovery_single_temperature\seeds\timo\vacant.pkl,numbers,3.846480715822285e-208,3.84648071582228494190667770573562100536e-208,-207.41493644053884,-3.846480715822285e-208,-3.846480715822285e-208,3.846480715822285e-208,1.2636321835756179e-14,0.9999999999999873,8.009565680759566e-52,1.9087735616592366e-82,OH_s,0.9999999999999873,1.0,3.197347866525152e-91,7.501170687730047e-28,2.885310839644501e-235,6.394695733050304e-91,2.0,3.152284263397153e-286,3.197347866525152e-91,failed_steady_state_checks,False,0.0,3.846480715822285e-208,7.360484568664387e-158,3.846480715822285e-208,4.1792869854243896e-165,3.846480715822285e-208,3.197347866525152e-91,-1.6989631982844125e-152,3.846480715822285e-208,vacant,vacant,333.15,1,False,
timo,solved,360,1e-260,333.15,concentration,frozen_gas,frozen_adsorbate,"{'C6H12_g': 1.0, 'H2O2_g': 0.185, 'H2O_g': 0.815, 'C6H12O_g': 1e-20}",CatMAP setup default (no explicit prefactor_list in base file),,H:\catmap\catmap\lyq_alkene_epoxidation\2-creating_microkinetic_model\analysis_ooh\recovery_single_temperature\seeds\timo\vacant.pkl,numbers,5.769017614758624e-167,5.769017614758623467984537468659157804697e-167,-166.23889813499216,6.209298239205318e-159,-4.803526435433249e-156,3.2234422196560297e-131,1.1793485842428778e-23,0.9999999998257595,1.7424046534108406e-10,1.6918329532534767e-74,OH_s,0.9999999998257595,1.0,3.2234422196560297e-131,1.0,3.2234422196560297e-131,4.558635704598391e-131,1.4142135623838912,0.0,3.2234422196560297e-131,failed_steady_state_checks,False,0.0,4.803526435433249e-156,5.782458761788088e-142,-6.209298239205318e-159,3.0642898580465823e-158,5.769017614758624e-167,4.632276393798831e-157,-1.3134648748364368e-136,3.2234422196560297e-131,vacant,vacant,333.15,2,False,41.17603830554668
timo,solved,460,1e-340,333.15,concentration,frozen_gas,frozen_adsorbate,"{'C6H12_g': 1.0, 'H2O2_g': 0.185, 'H2O_g': 0.815, 'C6H12O_g': 1e-20}",CatMAP setup default (no explicit prefactor_list in base file),,H:\catmap\catmap\lyq_alkene_epoxidation\2-creating_microkinetic_model\analysis_ooh\recovery_single_temperature\seeds\timo\vacant.pkl,numbers,3.964511093256155e-217,3.964511093256154842003756671537698490816e-217,-216.40181036259423,4.2670751581151767e-209,-3.301018494259026e-206,2.215173066139314e-181,1.1793485842428778e-23,0.9999999998257595,1.7424046534108406e-10,9.700895535213074e-92,OH_s,0.9999999998257595,1.0,4.388325210149682e-171,1.0,2.215173066139314e-181,8.776669432073732e-171,2.000004332353109,0.0,4.388325210149682e-171,failed_steady_state_checks,False,0.0,3.301018494259026e-206,1.9011712595718315e-176,-4.2670751581151767e-209,1.0074848864662094e-192,3.964511093256155e-217,1.5230114228363587e-191,-4.388325210149682e-171,2.215173066139314e-181,vacant,vacant,333.15,3,False,50.16291222760208
timo,solved,260,1e-180,333.15,concentration,frozen_gas,frozen_adsorbate,"{'C6H12_g': 1.0, 'H2O2_g': 0.185, 'H2O_g': 0.815, 'C6H12O_g': 1e-20}",CatMAP setup default (no explicit prefactor_list in base file),,H:\catmap\catmap\lyq_alkene_epoxidation\2-creating_microkinetic_model\analysis_ooh\recovery_single_temperature\seeds\timo\OOH_dominant.pkl,numbers,1.1985352892528484e-169,1.198535289252848408341495494792911585511e-169,-168.9213491742276,-9.856863654269761e-177,-9.408461895667797e-177,8.858275688794223e-177,0.9999999999977621,2.237910289698765e-12,8.26030720746247e-52,9.07164825403459e-71,OOH_s,0.9999999999977621,1.0,3.4006689339424283e-91,0.999999926090823,1.1985352006700915e-169,6.801337867884857e-91,2.0,4.2030456845295373e-286,3.4006689339424283e-91,failed_steady_state_checks,False,0.0,9.408461895667797e-177,1.6622987410010033e-134,9.856863654269761e-177,7.470421371313995e-128,1.1985352892528484e-169,3.4006689339424283e-91,-3.837492631232504e-129,8.858275688794223e-177,OOH_dominant,OOH_s,333.15,1,False,
timo,solved,360,1e-260,333.15,concentration,frozen_gas,frozen_adsorbate,"{'C6H12_g': 1.0, 'H2O2_g': 0.185, 'H2O_g': 0.815, 'C6H12O_g': 1e-20}",CatMAP setup default (no explicit prefactor_list in base file),,H:\catmap\catmap\lyq_alkene_epoxidation\2-creating_microkinetic_model\analysis_ooh\recovery_single_temperature\seeds\timo\OOH_dominant.pkl,numbers,9.782000683400633e-278,9.782000683400633011562441852637920003504e-278,-277.0095723111736,-9.782000626008242e-278,-9.782000626008242e-278,9.782000626008241e-278,0.9999999999977621,2.237910289698765e-12,8.44886444071219e-72,9.490530468818145e-111,OOH_s,0.9999999999977621,1.0,3.557694393363422e-131,5.867142481660637e-09,5.739239176521323e-286,7.115388786726844e-131,2.0,0.0,3.557694393363422e-131,failed_steady_state_checks,False,0.0,9.782000626008242e-278,1.8196110276270063e-214,9.782000626008242e-278,8.176240729120317e-208,9.782000683400633e-278,3.557694393363422e-131,-4.2000660993053765e-209,9.782000626008241e-278,OOH_dominant,OOH_s,333.15,2,False,108.088223136946
timo,solved,460,1e-340,333.15,concentration,frozen_gas,frozen_adsorbate,"{'C6H12_g': 1.0, 'H2O2_g': 0.185, 'H2O_g': 0.815, 'C6H12O_g': 1e-20}",CatMAP setup default (no explicit prefactor_list in base file),,H:\catmap\catmap\lyq_alkene_epoxidation\2-creating_microkinetic_model\analysis_ooh\recovery_single_temperature\seeds\timo\OOH_dominant.pkl,numbers,3.964511093256155e-217,3.964511093256154842003756671537698490816e-217,-216.40181036259423,4.2670751581151767e-209,-3.301018494259026e-206,2.215173066139314e-181,1.1793485842428778e-23,0.9999999998257595,1.7424046534108406e-10,9.700895535213074e-92,OH_s,0.9999999998257595,1.0,4.388325210149682e-171,1.0,2.215173066139314e-181,8.776669432073732e-171,2.000004332353109,0.0,4.388325210149682e-171,failed_steady_state_checks,False,0.0,3.301018494259026e-206,1.9011712595718315e-176,-4.2670751581151767e-209,1.0074848864662094e-192,3.964511093256155e-217,1.5230114228363587e-191,-4.388325210149682e-171,2.215173066139314e-181,OOH_dominant,OOH_s,333.15,3,False,60.607761948579366
timo,solved,260,1e-180,333.15,concentration,frozen_gas,frozen_adsorbate,"{'C6H12_g': 1.0, 'H2O2_g': 0.185, 'H2O_g': 0.815, 'C6H12O_g': 1e-20}",CatMAP setup default (no explicit prefactor_list in base file),,H:\catmap\catmap\lyq_alkene_epoxidation\2-creating_microkinetic_model\analysis_ooh\recovery_single_temperature\seeds\timo\OH_dominant.pkl,numbers,4.157991945979415e-207,4.15799194597941507224685193982815677693e-207,-206.38111635623113,-4.1579834726807374e-207,-4.1579834726807374e-207,4.1579834726807374e-207,2.2530792150661864e-12,0.9999999999977469,7.602208905725711e-52,1.7195550192976075e-82,OH_s,0.9999999999977469,1.0,2.880391725214516e-91,2.0378343171041695e-06,8.473298677759598e-213,5.760783450429032e-91,2.0,3.152284263397153e-286,2.880391725214516e-91,failed_steady_state_checks,False,0.0,4.1579834726807374e-207,5.9735119513045516e-158,4.1579834726807374e-207,6.047575620823692e-163,4.157991945979415e-207,2.880391725214516e-91,-1.378819135493427e-152,4.1579834726807374e-207,OH_dominant,OH_s,333.15,1,False,
timo,solved,360,1e-260,333.15,concentration,frozen_gas,frozen_adsorbate,"{'C6H12_g': 1.0, 'H2O2_g': 0.185, 'H2O_g': 0.815, 'C6H12O_g': 1e-20}",CatMAP setup default (no explicit prefactor_list in base file),,H:\catmap\catmap\lyq_alkene_epoxidation\2-creating_microkinetic_model\analysis_ooh\recovery_single_temperature\seeds\timo\OH_dominant.pkl,numbers,5.769017614758624e-167,5.769017614758623467984537468659157804697e-167,-166.23889813499216,6.209298239205318e-159,-4.803526435433249e-156,3.2234422196560297e-131,1.1793485842428778e-23,0.9999999998257595,1.7424046534108406e-10,1.6918329532534767e-74,OH_s,0.9999999998257595,1.0,3.2234422196560297e-131,1.0,3.2234422196560297e-131,4.558635704598391e-131,1.4142135623838912,0.0,3.2234422196560297e-131,failed_steady_state_checks,False,0.0,4.803526435433249e-156,5.782458761788088e-142,-6.209298239205318e-159,3.0642898580465823e-158,5.769017614758624e-167,4.632276393798831e-157,-1.3134648748364368e-136,3.2234422196560297e-131,OH_dominant,OH_s,333.15,2,False,40.14221822123898
timo,solved,460,1e-340,333.15,concentration,frozen_gas,frozen_adsorbate,"{'C6H12_g': 1.0, 'H2O2_g': 0.185, 'H2O_g': 0.815, 'C6H12O_g': 1e-20}",CatMAP setup default (no explicit prefactor_list in base file),,H:\catmap\catmap\lyq_alkene_epoxidation\2-creating_microkinetic_model\analysis_ooh\recovery_single_temperature\seeds\timo\OH_dominant.pkl,numbers,3.964511093256155e-217,3.964511093256154842003756671537698490816e-217,-216.40181036259423,4.2670751581151767e-209,-3.301018494259026e-206,2.215173066139314e-181,1.1793485842428778e-23,0.9999999998257595,1.7424046534108406e-10,9.700895535213074e-92,OH_s,0.9999999998257595,1.0,4.388325210149682e-171,1.0,2.215173066139314e-181,8.776669432073732e-171,2.000004332353109,0.0,4.388325210149682e-171,failed_steady_state_checks,False,0.0,3.301018494259026e-206,1.9011712595718315e-176,-4.2670751581151767e-209,1.0074848864662094e-192,3.964511093256155e-217,1.5230114228363587e-191,-4.388325210149682e-171,2.215173066139314e-181,OH_dominant,OH_s,333.15,3,False,50.16291222760208
timo,solved,260,1e-180,333.15,concentration,frozen_gas,frozen_adsorbate,"{'C6H12_g': 1.0, 'H2O2_g': 0.185, 'H2O_g': 0.815, 'C6H12O_g': 1e-20}",CatMAP setup default (no explicit prefactor_list in base file),,H:\catmap\catmap\lyq_alkene_epoxidation\2-creating_microkinetic_model\analysis_ooh\recovery_single_temperature\seeds\timo\O_dominant.pkl,numbers,2.0035678849418726e-37,2.003567884941872376738754862000648528668e-37,-36.69819593820448,-2.0035678849418726e-37,-2.0035678849418726e-37,2.0035678849418726e-37,4.059068882426465e-18,9.369231857409015e-13,0.9999999999979217,7.373988791848493e-17,O_s,0.9999999999979217,1.4512601518709369e-62,2.9076982329844735e-99,1.6788265423915693e-149,3.363642944723753e-186,5.815396465968947e-99,2.9025203037418737e-62,4.2030456845295373e-286,2.0035678849418726e-37,validated_single_precision,True,0.0,2.0035678849418726e-37,2.0035678849418726e-37,2.0035678849418726e-37,2.0035678849418726e-37,2.0035678849418726e-37,2.0035678849418726e-37,2.0035678849418726e-37,2.0035678849418726e-37,O_dominant,O_s,333.15,1,False,
timo,solved,360,1e-260,333.15,concentration,frozen_gas,frozen_adsorbate,"{'C6H12_g': 1.0, 'H2O2_g': 0.185, 'H2O_g': 0.815, 'C6H12O_g': 1e-20}",CatMAP setup default (no explicit prefactor_list in base file),,H:\catmap\catmap\lyq_alkene_epoxidation\2-creating_microkinetic_model\analysis_ooh\recovery_single_temperature\seeds\timo\O_dominant.pkl,numbers,2.0035678849418726e-37,2.003567884941872376738754862000648528668e-37,-36.69819593820448,-2.0035678849418726e-37,-2.0035678849418726e-37,2.0035678849418726e-37,4.059068882426465e-18,9.369231857409015e-13,0.9999999999979217,7.373988791848493e-17,O_s,0.9999999999979217,6.218342310448726e-126,1.245887095079031e-162,7.193416085323786e-213,1.441249745157902e-249,2.491774190158062e-162,1.243668462089745e-125,0.0,2.0035678849418726e-37,validated_single_precision,True,0.0,2.0035678849418726e-37,2.0035678849418726e-37,2.0035678849418726e-37,2.0035678849418726e-37,2.0035678849418726e-37,2.0035678849418726e-37,2.0035678849418726e-37,2.0035678849418726e-37,O_dominant,O_s,333.15,2,True,0.0
timo,solved,260,1e-180,333.15,concentration,frozen_gas,frozen_adsorbate,"{'C6H12_g': 1.0, 'H2O2_g': 0.185, 'H2O_g': 0.815, 'C6H12O_g': 1e-20}",CatMAP setup default (no explicit prefactor_list in base file),,H:\catmap\catmap\lyq_alkene_epoxidation\2-creating_microkinetic_model\analysis_ooh\recovery_single_temperature\seeds\timo\alkene_dominant.pkl,numbers,5.5722667902899644e-127,5.572266790289964146446841278535524125709e-127,-126.25396809849772,5.99753176014135e-119,-4.6397034330366727e-116,3.1135075727723166e-91,1.1793485842428778e-23,0.9999999998257595,1.7424046534108406e-10,9.367387946693292e-61,OH_s,0.9999999998257595,1.0,3.1135075727723166e-91,1.0,3.1135075727723166e-91,4.4031646359659463e-91,1.4142135623730951,0.0,3.1135075727723166e-91,failed_steady_state_checks,False,0.0,4.6397034330366727e-116,1.772697360566493e-114,-5.99753176014135e-119,9.394029023200875e-131,5.5722667902899644e-127,1.4200921182125693e-129,2.7586403285276985e-105,3.1135075727723166e-91,alkene_dominant,C6H12_s,333.15,1,False,
timo,solved,360,1e-260,333.15,concentration,frozen_gas,frozen_adsorbate,"{'C6H12_g': 1.0, 'H2O2_g': 0.185, 'H2O_g': 0.815, 'C6H12O_g': 1e-20}",CatMAP setup default (no explicit prefactor_list in base file),,H:\catmap\catmap\lyq_alkene_epoxidation\2-creating_microkinetic_model\analysis_ooh\recovery_single_temperature\seeds\timo\alkene_dominant.pkl,numbers,5.769017614758624e-167,5.769017614758623467984537468659157804697e-167,-166.23889813499216,6.209298239205318e-159,-4.803526435433249e-156,3.2234422196560297e-131,1.1793485842428778e-23,0.9999999998257595,1.7424046534108406e-10,1.6918329532534767e-74,OH_s,0.9999999998257595,1.0,3.2234422196560297e-131,1.0,3.2234422196560297e-131,4.558635704598391e-131,1.4142135623838912,0.0,3.2234422196560297e-131,failed_steady_state_checks,False,0.0,4.803526435433249e-156,5.782458761788088e-142,-6.209298239205318e-159,3.0642898580465823e-158,5.769017614758624e-167,4.632276393798831e-157,-1.3134648748364368e-136,3.2234422196560297e-131,alkene_dominant,C6H12_s,333.15,2,False,39.98493003649443
timo,solved,460,1e-340,333.15,concentration,frozen_gas,frozen_adsorbate,"{'C6H12_g': 1.0, 'H2O2_g': 0.185, 'H2O_g': 0.815, 'C6H12O_g': 1e-20}",CatMAP setup default (no explicit prefactor_list in base file),,H:\catmap\catmap\lyq_alkene_epoxidation\2-creating_microkinetic_model\analysis_ooh\recovery_single_temperature\seeds\timo\alkene_dominant.pkl,numbers,3.964511093256155e-217,3.964511093256154842003756671537698490816e-217,-216.40181036259423,4.2670751581151767e-209,-3.301018494259026e-206,2.215173066139314e-181,1.1793485842428778e-23,0.9999999998257595,1.7424046534108406e-10,9.700895535213074e-92,OH_s,0.9999999998257595,1.0,4.388325210149682e-171,1.0,2.215173066139314e-181,8.776669432073732e-171,2.000004332353109,0.0,4.388325210149682e-171,failed_steady_state_checks,False,0.0,3.301018494259026e-206,1.9011712595718315e-176,-4.2670751581151767e-209,1.0074848864662094e-192,3.964511093256155e-217,1.5230114228363587e-191,-4.388325210149682e-171,2.215173066139314e-181,alkene_dominant,C6H12_s,333.15,3,False,50.16291222760208
timo,solved,260,1e-180,333.15,concentration,frozen_gas,frozen_adsorbate,"{'C6H12_g': 1.0, 'H2O2_g': 0.185, 'H2O_g': 0.815, 'C6H12O_g': 1e-20}",CatMAP setup default (no explicit prefactor_list in base file),,H:\catmap\catmap\lyq_alkene_epoxidation\2-creating_microkinetic_model\analysis_ooh\recovery_single_temperature\seeds\timo\water_dominant.pkl,numbers,9.588329897331588e-203,9.588329897331587861886539794704954548401e-203,-202.0182570319886,-9.588329897331587e-203,-9.588329897331587e-203,9.588329897331587e-203,1.3572716401963039e-06,0.9999986427283598,8.507267946871303e-52,2.1533632134549227e-82,OH_s,0.9999986427283598,1.0,3.6070501340788383e-91,7.990746783747034e-17,7.661791628860792e-219,7.214100268157677e-91,2.0,1.0507614211323843e-286,3.6070501340788383e-91,failed_steady_state_checks,False,0.0,9.588329897331587e-203,9.367682522983054e-158,9.588329897331587e-203,5.713129232626653e-157,9.588329897331588e-203,3.6070501340788383e-91,-2.1622690342312933e-152,9.588329897331587e-203,water_dominant,H2O_s,333.15,1,False,
timo,solved,360,1e-260,333.15,concentration,frozen_gas,frozen_adsorbate,"{'C6H12_g': 1.0, 'H2O2_g': 0.185, 'H2O_g': 0.815, 'C6H12O_g': 1e-20}",CatMAP setup default (no explicit prefactor_list in base file),,H:\catmap\catmap\lyq_alkene_epoxidation\2-creating_microkinetic_model\analysis_ooh\recovery_single_temperature\seeds\timo\water_dominant.pkl,numbers,5.769017614758624e-167,5.769017614758623467984537468659157804697e-167,-166.23889813499216,6.209298239205318e-159,-4.803526435433249e-156,3.2234422196560297e-131,1.1793485842428778e-23,0.9999999998257595,1.7424046534108406e-10,1.6918329532534767e-74,OH_s,0.9999999998257595,1.0,3.2234422196560297e-131,1.0,3.2234422196560297e-131,4.558635704598391e-131,1.4142135623838912,0.0,3.2234422196560297e-131,failed_steady_state_checks,False,0.0,4.803526435433249e-156,5.782458761788088e-142,-6.209298239205318e-159,3.0642898580465823e-158,5.769017614758624e-167,4.632276393798831e-157,-1.3134648748364368e-136,3.2234422196560297e-131,water_dominant,H2O_s,333.15,2,False,35.779358896996456
timo,solved,460,1e-340,333.15,concentration,frozen_gas,frozen_adsorbate,"{'C6H12_g': 1.0, 'H2O2_g': 0.185, 'H2O_g': 0.815, 'C6H12O_g': 1e-20}",CatMAP setup default (no explicit prefactor_list in base file),,H:\catmap\catmap\lyq_alkene_epoxidation\2-creating_microkinetic_model\analysis_ooh\recovery_single_temperature\seeds\timo\water_dominant.pkl,numbers,3.964511093256155e-217,3.964511093256154842003756671537698490816e-217,-216.40181036259423,4.2670751581151767e-209,-3.301018494259026e-206,2.215173066139314e-181,1.1793485842428778e-23,0.9999999998257595,1.7424046534108406e-10,9.700895535213074e-92,OH_s,0.9999999998257595,1.0,4.388325210149682e-171,1.0,2.215173066139314e-181,8.776669432073732e-171,2.000004332353109,0.0,4.388325210149682e-171,failed_steady_state_checks,False,0.0,3.301018494259026e-206,1.9011712595718315e-176,-4.2670751581151767e-209,1.0074848864662094e-192,3.964511093256155e-217,1.5230114228363587e-191,-4.388325210149682e-171,2.215173066139314e-181,water_dominant,H2O_s,333.15,3,False,50.16291222760208
timo,solved,260,1e-180,333.15,concentration,frozen_gas,frozen_adsorbate,"{'C6H12_g': 1.0, 'H2O2_g': 0.185, 'H2O_g': 0.815, 'C6H12O_g': 1e-20}",CatMAP setup default (no explicit prefactor_list in base file),,H:\catmap\catmap\lyq_alkene_epoxidation\2-creating_microkinetic_model\analysis_ooh\recovery_single_temperature\seeds\timo\Ha_dominant.pkl,numbers,6.471301588882544e-58,6.471301588882543972923519919825312270334e-58,-57.18900835982308,-6.471301588882544e-58,-6.471301588882544e-58,6.471301588882544e-58,4.5548569301354914e-39,1.0513620707386561e-33,2.243994622842589e-35,1.2510426132079558e-16,Ha_s,0.9999999999980635,1.2932254637812246e-59,8.368851998550804e-117,3.645733338661377e-139,2.359263994712143e-196,1.673770399710159e-116,2.5864509275624466e-59,0.0,6.471301588882544e-58,validated_single_precision,True,0.0,6.471301588882544e-58,6.471301588882544e-58,6.471301588882544e-58,6.471301588882544e-58,6.471301588882544e-58,6.471301588882544e-58,6.471301588882544e-58,6.471301588882544e-58,Ha_dominant,Ha_s,333.15,1,False,
timo,solved,360,1e-260,333.15,concentration,frozen_gas,frozen_adsorbate,"{'C6H12_g': 1.0, 'H2O2_g': 0.185, 'H2O_g': 0.815, 'C6H12O_g': 1e-20}",CatMAP setup default (no explicit prefactor_list in base file),,H:\catmap\catmap\lyq_alkene_epoxidation\2-creating_microkinetic_model\analysis_ooh\recovery_single_temperature\seeds\timo\Ha_dominant.pkl,numbers,6.471301588882544e-58,6.471301588882543972923519919825312270334e-58,-57.18900835982308,-6.471301588882544e-58,-6.471301588882544e-58,6.471301588882544e-58,4.5548569301354914e-39,1.0513620707386561e-33,2.243994622842589e-35,1.2510426132079558e-16,Ha_s,0.9999999999980635,1.1610762148344073e-119,7.51367435387163e-177,3.273191244450049e-199,2.118180770092603e-256,1.5027348707743244e-176,2.322152429668812e-119,0.0,6.471301588882544e-58,validated_single_precision,True,0.0,6.471301588882544e-58,6.471301588882544e-58,6.471301588882544e-58,6.471301588882544e-58,6.471301588882544e-58,6.471301588882544e-58,6.471301588882544e-58,6.471301588882544e-58,Ha_dominant,Ha_s,333.15,2,True,0.0
timo,solved,260,1e-180,333.15,concentration,frozen_gas,frozen_adsorbate,"{'C6H12_g': 1.0, 'H2O2_g': 0.185, 'H2O_g': 0.815, 'C6H12O_g': 1e-20}",CatMAP setup default (no explicit prefactor_list in base file),,H:\catmap\catmap\lyq_alkene_epoxidation\2-creating_microkinetic_model\analysis_ooh\recovery_single_temperature\seeds\timo\Hb_dominant.pkl,numbers,2.0035678849418726e-37,2.003567884941872376738754862000648528668e-37,-36.69819593820448,-2.0035678849418726e-37,-2.0035678849418726e-37,2.0035678849418726e-37,4.059068882426465e-18,9.369231857409015e-13,2.4439534857338034e-49,7.373988791848493e-17,Hb_s,0.9999999999979217,1.4512601518709369e-62,2.9076982329844735e-99,1.6788265423915693e-149,3.363642944723753e-186,5.815396465968947e-99,2.9025203037418737e-62,4.2030456845295373e-286,2.0035678849418726e-37,validated_single_precision,True,0.0,2.0035678849418726e-37,2.0035678849418726e-37,2.0035678849418726e-37,2.0035678849418726e-37,2.0035678849418726e-37,2.0035678849418726e-37,2.0035678849418726e-37,2.0035678849418726e-37,Hb_dominant,Hb_s,333.15,1,False,
timo,solved,360,1e-260,333.15,concentration,frozen_gas,frozen_adsorbate,"{'C6H12_g': 1.0, 'H2O2_g': 0.185, 'H2O_g': 0.815, 'C6H12O_g': 1e-20}",CatMAP setup default (no explicit prefactor_list in base file),,H:\catmap\catmap\lyq_alkene_epoxidation\2-creating_microkinetic_model\analysis_ooh\recovery_single_temperature\seeds\timo\Hb_dominant.pkl,numbers,2.0035678849418726e-37,2.003567884941872376738754862000648528668e-37,-36.69819593820448,-2.0035678849418726e-37,-2.0035678849418726e-37,2.0035678849418726e-37,4.059068882426465e-18,9.369231857409015e-13,2.4439534857338034e-49,7.373988791848493e-17,Hb_s,0.9999999999979217,6.218342310448726e-126,1.245887095079031e-162,7.193416085323786e-213,1.441249745157902e-249,2.491774190158062e-162,1.243668462089745e-125,0.0,2.0035678849418726e-37,validated_single_precision,True,0.0,2.0035678849418726e-37,2.0035678849418726e-37,2.0035678849418726e-37,2.0035678849418726e-37,2.0035678849418726e-37,2.0035678849418726e-37,2.0035678849418726e-37,2.0035678849418726e-37,Hb_dominant,Hb_s,333.15,2,True,0.0
tiv,solved,260,1e-180,333.15,concentration,frozen_gas,frozen_adsorbate,"{'C6H12_g': 1.0, 'H2O2_g': 0.185, 'H2O_g': 0.815, 'C6H12O_g': 1e-20}",CatMAP setup default (no explicit prefactor_list in base file),,H:\catmap\catmap\lyq_alkene_epoxidation\2-creating_microkinetic_model\analysis_ooh\recovery_single_temperature\seeds\tiv\vacant.pkl,numbers,2.0241785980040095e-149,2.024178598004009304894331014852198793965e-149,-148.6937511713255,-2.024178597738638e-149,-2.024178597738638e-149,2.024178597738638e-149,0.5160862994286093,0.4839137005713907,8.037580186498565e-52,4.645006572115378e-49,OOH_s,0.5160862994286093,1.0,3.2197532674788836e-91,1.3110070581835623e-10,2.653712429007364e-159,6.439506534957108e-91,1.999999999999795,2.1015228422647686e-286,3.2197532674788836e-91,failed_steady_state_checks,False,0.0,2.024178597738638e-149,1.3197556713806414e-103,2.024178597738638e-149,1.530508386983129e-109,2.0241785980040095e-149,3.2197532674788836e-91,-1.0322122506369218e-108,2.024178597738638e-149,vacant,vacant,333.15,1,False,
tiv,solved,360,1e-260,333.15,concentration,frozen_gas,frozen_adsorbate,"{'C6H12_g': 1.0, 'H2O2_g': 0.185, 'H2O_g': 0.815, 'C6H12O_g': 1e-20}",CatMAP setup default (no explicit prefactor_list in base file),,H:\catmap\catmap\lyq_alkene_epoxidation\2-creating_microkinetic_model\analysis_ooh\recovery_single_temperature\seeds\tiv\vacant.pkl,numbers,4.996291176593963e-236,4.996291176593962865418114510382781437233e-236,-235.30135225950866,-4.996291176593963e-236,-4.996291176593963e-236,4.996291176593963e-236,0.5160862994286093,0.4839137005713907,8.221053251594711e-72,4.859489165148734e-89,OOH_s,0.5160862994286093,1.0,3.3684249688026555e-131,2.543370608534006e-40,1.2707420130226871e-275,6.736849937605311e-131,2.0,0.0,3.3684249688026555e-131,failed_steady_state_checks,False,0.0,4.996291176593963e-236,1.444448651084849e-183,4.996291176593963e-236,1.6751136767149466e-189,4.996291176593963e-236,3.3684249688026555e-131,-1.1297375911309038e-188,4.996291176593963e-236,vacant,vacant,333.15,2,False,86.60760108818317
tiv,solved,460,1e-340,333.15,concentration,frozen_gas,frozen_adsorbate,"{'C6H12_g': 1.0, 'H2O2_g': 0.185, 'H2O_g': 0.815, 'C6H12O_g': 1e-20}",CatMAP setup default (no explicit prefactor_list in base file),,H:\catmap\catmap\lyq_alkene_epoxidation\2-creating_microkinetic_model\analysis_ooh\recovery_single_temperature\seeds\tiv\vacant.pkl,numbers,1.2541055369727801e-211,1.254105536972780132087719917184123801513e-211,-210.9016659147044,1.5768183097478555e-212,2.1104348963907053e-205,1.0240737215466417e-188,2.2665300308071013e-18,1.0,2.3336605178905287e-100,7.58226897511483e-83,OH_s,1.0,1.0,3.5165698203388133e-171,1.0,1.0240737215466417e-188,7.033167134222592e-171,2.000007818284968,0.0,3.5165698203388133e-171,failed_steady_state_checks,False,0.0,-2.1104348963907053e-205,3.5165698203388133e-171,-1.5768183097478555e-212,1.7910205509866732e-194,1.2541055369727801e-211,2.749411275828284e-187,-2.7493383753463218e-176,1.0240737215466417e-188,vacant,vacant,333.15,3,False,24.399686344804252
tiv,solved,260,1e-180,333.15,concentration,frozen_gas,frozen_adsorbate,"{'C6H12_g': 1.0, 'H2O2_g': 0.185, 'H2O_g': 0.815, 'C6H12O_g': 1e-20}",CatMAP setup default (no explicit prefactor_list in base file),,H:\catmap\catmap\lyq_alkene_epoxidation\2-creating_microkinetic_model\analysis_ooh\recovery_single_temperature\seeds\tiv\OOH_dominant.pkl,numbers,1.1171862476453432e-122,1.117186247645343221725775912059827270651e-122,-121.95187441902232,-1.1171862476453432e-122,-1.1171862476453432e-122,1.1171862476453432e-122,0.999999999998085,1.914988694844449e-12,1.0463306020565903e-52,7.25986745883018e-43,OOH_s,0.999999999998085,0.9999977528905565,3.2238357087015783e-91,1.3235015644033018e-19,1.4785977464884663e-141,6.243653172465509e-91,1.936711329749546,2.1015228422647686e-286,3.2238429530295225e-91,failed_steady_state_checks,False,0.0,1.1171862476453432e-122,3.2238429530295225e-91,1.1171862476453432e-122,7.244327944211106e-97,1.1171862476453432e-122,7.597273426348683e-92,-2.5214695478527683e-96,1.1171862476453432e-122,OOH_dominant,OOH_s,333.15,1,False,
tiv,solved,360,1e-260,333.15,concentration,frozen_gas,frozen_adsorbate,"{'C6H12_g': 1.0, 'H2O2_g': 0.185, 'H2O_g': 0.815, 'C6H12O_g': 1e-20}",CatMAP setup default (no explicit prefactor_list in base file),,H:\catmap\catmap\lyq_alkene_epoxidation\2-creating_microkinetic_model\analysis_ooh\recovery_single_temperature\seeds\tiv\OOH_dominant.pkl,numbers,1.1064886889587933e-223,1.106488688958793279884490471286554085906e-223,-222.9560530212739,-1.1064886889587933e-223,-1.1064886889587933e-223,1.1064886889587933e-223,0.999999999998085,1.914988694844449e-12,8.596293953148111e-72,1.342641030470211e-77,OOH_s,0.999999999998085,1.0,3.6829385365007957e-131,1.183259167963342e-19,1.309262885458231e-242,7.365877073001591e-131,2.0,0.0,3.6829385365007957e-131,failed_steady_state_checks,False,0.0,1.1064886889587933e-223,1.1026576659274489e-160,1.1064886889587933e-223,2.4777674762290368e-166,1.1064886889587933e-223,3.6829385365007957e-131,-8.624147451772074e-166,1.1064886889587933e-223,OOH_dominant,OOH_s,333.15,2,False,101.00417860225159
tiv,solved,460,1e-340,333.15,concentration,frozen_gas,frozen_adsorbate,"{'C6H12_g': 1.0, 'H2O2_g': 0.185, 'H2O_g': 0.815, 'C6H12O_g': 1e-20}",CatMAP setup default (no explicit prefactor_list in base file),,H:\catmap\catmap\lyq_alkene_epoxidation\2-creating_microkinetic_model\analysis_ooh\recovery_single_temperature\seeds\tiv\OOH_dominant.pkl,numbers,1.2541055369727801e-211,1.254105536972780132087719917184123801513e-211,-210.9016659147044,1.5768183097478555e-212,2.1104348963907053e-205,1.0240737215466417e-188,2.2665300308071013e-18,1.0,2.3336605178905287e-100,7.58226897511483e-83,OH_s,1.0,1.0,3.5165698203388133e-171,1.0,1.0240737215466417e-188,7.033167134222592e-171,2.000007818284968,0.0,3.5165698203388133e-171,failed_steady_state_checks,False,0.0,-2.1104348963907053e-205,3.5165698203388133e-171,-1.5768183097478555e-212,1.7910205509866732e-194,1.2541055369727801e-211,2.749411275828284e-187,-2.7493383753463218e-176,1.0240737215466417e-188,OOH_dominant,OOH_s,333.15,3,False,12.054387106569493
tiv,solved,260,1e-180,333.15,concentration,frozen_gas,frozen_adsorbate,"{'C6H12_g': 1.0, 'H2O2_g': 0.185, 'H2O_g': 0.815, 'C6H12O_g': 1e-20}",CatMAP setup default (no explicit prefactor_list in base file),,H:\catmap\catmap\lyq_alkene_epoxidation\2-creating_microkinetic_model\analysis_ooh\recovery_single_temperature\seeds\tiv\OH_dominant.pkl,numbers,7.199248728533385e-137,7.199248728533385042309475884805111228203e-137,-136.1427128216348,-1.6421065801956885e-152,-1.6421065801956885e-152,1.6421065801956885e-152,1.9155603652992335e-12,0.9999999999980844,9.96427347407386e-52,3.4545771045506076e-49,OH_s,0.9999999999980844,1.0,4.948382155899752e-91,0.9999999999999998,7.199248728533384e-137,9.896764311799138e-91,1.9999999999999263,4.2030456845295373e-286,4.948382155899752e-91,failed_steady_state_checks,False,0.0,1.6421065801956885e-152,7.299794800154649e-104,1.6421065801956885e-152,3.1421458611097027e-121,7.199248728533385e-137,4.948382155899752e-91,1.8859746340763994e-106,1.6421065801956885e-152,OH_dominant,OH_s,333.15,1,False,
tiv,solved,360,1e-260,333.15,concentration,frozen_gas,frozen_adsorbate,"{'C6H12_g': 1.0, 'H2O2_g': 0.185, 'H2O_g': 0.815, 'C6H12O_g': 1e-20}",CatMAP setup default (no explicit prefactor_list in base file),,H:\catmap\catmap\lyq_alkene_epoxidation\2-creating_microkinetic_model\analysis_ooh\recovery_single_temperature\seeds\tiv\OH_dominant.pkl,numbers,1.8069284270938984e-236,1.806928427093898363630787081384872935798e-236,-235.74305904961605,-1.8069284270938984e-236,-1.8069284270938984e-236,1.8069284270938984e-236,1.9155603652992335e-12,0.9999999999980844,7.643795235295097e-72,2.0329266189122493e-89,OH_s,0.9999999999980844,1.0,2.9119911065310865e-131,3.5772643149107266e-18,6.463860581840771e-254,5.823982213062173e-131,2.0,0.0,2.9119911065310865e-131,failed_steady_state_checks,False,0.0,1.8069284270938984e-236,2.527925532495206e-184,1.8069284270938984e-236,1.0881279497000433e-201,1.8069284270938984e-236,2.9119911065310865e-131,-1.9771505892538997e-189,1.8069284270938984e-236,OH_dominant,OH_s,333.15,2,False,99.60034622798125
tiv,solved,460,1e-340,333.15,concentration,frozen_gas,frozen_adsorbate,"{'C6H12_g': 1.0, 'H2O2_g': 0.185, 'H2O_g': 0.815, 'C6H12O_g': 1e-20}",CatMAP setup default (no explicit prefactor_list in base file),,H:\catmap\catmap\lyq_alkene_epoxidation\2-creating_microkinetic_model\analysis_ooh\recovery_single_temperature\seeds\tiv\OH_dominant.pkl,numbers,1.2541055369727801e-211,1.254105536972780132087719917184123801513e-211,-210.9016659147044,1.5768183097478555e-212,2.1104348963907053e-205,1.0240737215466417e-188,2.2665300308071013e-18,1.0,2.3336605178905287e-100,7.58226897511483e-83,OH_s,1.0,1.0,3.5165698203388133e-171,1.0,1.0240737215466417e-188,7.033167134222592e-171,2.000007818284968,0.0,3.5165698203388133e-171,failed_steady_state_checks,False,0.0,-2.1104348963907053e-205,3.5165698203388133e-171,-1.5768183097478555e-212,1.7910205509866732e-194,1.2541055369727801e-211,2.749411275828284e-187,-2.7493383753463218e-176,1.0240737215466417e-188,OH_dominant,OH_s,333.15,3,False,24.84139313491164
tiv,solved,260,1e-180,333.15,concentration,frozen_gas,frozen_adsorbate,"{'C6H12_g': 1.0, 'H2O2_g': 0.185, 'H2O_g': 0.815, 'C6H12O_g': 1e-20}",CatMAP setup default (no explicit prefactor_list in base file),,H:\catmap\catmap\lyq_alkene_epoxidation\2-creating_microkinetic_model\analysis_ooh\recovery_single_temperature\seeds\tiv\O_dominant.pkl,numbers,1.5543427915582067e-118,1.554342791558206646373593037150973981837e-118,-117.80845319656152,-2.9881521824960866e-134,-2.9881521824960866e-134,2.9881521824960866e-134,4.93782285974412e-13,1.023797460923379e-12,0.9999999999984824,7.952223762433872e-43,O_s,0.9999999999984824,1.0,3.8681032241414946e-91,0.9999999999999998,1.5543427915582062e-118,7.843285851780928e-91,2.0276826644205452,4.2030456845295373e-286,3.8681032241414946e-91,failed_steady_state_checks,False,0.0,2.9881521824960866e-134,3.8681032241414946e-91,2.9881521824960866e-134,4.291937686468351e-109,1.5543427915582067e-118,2.1298166604677364e-91,-3.025334063404094e-96,2.9881521824960866e-134,O_dominant,O_s,333.15,1,False,
tiv,solved,360,1e-260,333.15,concentration,frozen_gas,frozen_adsorbate,"{'C6H12_g': 1.0, 'H2O2_g': 0.185, 'H2O_g': 0.815, 'C6H12O_g': 1e-20}",CatMAP setup default (no explicit prefactor_list in base file),,H:\catmap\catmap\lyq_alkene_epoxidation\2-creating_microkinetic_model\analysis_ooh\recovery_single_temperature\seeds\tiv\O_dominant.pkl,numbers,1.0755944894103378e-176,1.075594489410337773289577751101788081506e-176,-175.9683514314625,-2.067780697068948e-192,-2.067780697068948e-192,2.067780697068948e-192,4.93782285974412e-13,1.023797460923379e-12,0.9999999999984824,8.133748404698094e-63,O_s,0.9999999999984824,1.0,4.04671240300596e-131,0.9999999999999998,1.0755944894103376e-176,8.09345645649625e-131,2.000007821283347,0.0,4.04671240300596e-131,failed_steady_state_checks,False,0.0,2.067780697068948e-192,4.04671240300596e-131,2.067780697068948e-192,4.490117368206043e-149,1.0755944894103378e-176,4.87415624530161e-148,-3.16502986709698e-136,2.067780697068948e-192,O_dominant,O_s,333.15,2,False,58.15989823490099
tiv,solved,460,1e-340,333.15,concentration,frozen_gas,frozen_adsorbate,"{'C6H12_g': 1.0, 'H2O2_g': 0.185, 'H2O_g': 0.815, 'C6H12O_g': 1e-20}",CatMAP setup default (no explicit prefactor_list in base file),,H:\catmap\catmap\lyq_alkene_epoxidation\2-creating_microkinetic_model\analysis_ooh\recovery_single_temperature\seeds\tiv\O_dominant.pkl,numbers,7.443039668811445e-235,7.443039668811445564138071687437011738539e-235,-234.1282496663635,-1.430889978166789e-250,-1.430889978166789e-250,1.430889978166789e-250,4.93782285974412e-13,1.023797460923379e-12,0.9999999999984824,8.319416692404591e-83,O_s,0.9999999999984824,1.0,4.233568838186781e-171,0.9999999999999998,7.443039668811444e-235,8.467170788315016e-171,2.000007821283347,0.0,4.233568838186781e-171,failed_steady_state_checks,False,0.0,1.430889978166789e-250,4.233568838186781e-171,1.430889978166789e-250,4.69744797177037e-189,7.443039668811445e-235,3.372882498278096e-206,-3.311174722305198e-176,1.430889978166789e-250,O_dominant,O_s,333.15,3,False,58.15989823490099
tiv,solved,260,1e-180,333.15,concentration,frozen_gas,frozen_adsorbate,"{'C6H12_g': 1.0, 'H2O2_g': 0.185, 'H2O_g': 0.815, 'C6H12O_g': 1e-20}",CatMAP setup default (no explicit prefactor_list in base file),,H:\catmap\catmap\lyq_alkene_epoxidation\2-creating_microkinetic_model\analysis_ooh\recovery_single_temperature\seeds\tiv\alkene_dominant.pkl,numbers,3.28218932582045e-114,3.282189325820450118196036401381683407913e-114,-113.48383637124526,4.126778865441678e-115,5.523336502040262e-108,2.680160272497517e-91,2.2665300308071013e-18,1.0,7.10589997085704e-67,2.3087696122142712e-49,OH_s,1.0,1.0,2.680160272497517e-91,1.0,2.680160272497517e-91,3.7903190066993296e-91,1.4142135623730094,4.2030456845295373e-286,2.680160272497517e-91,failed_steady_state_checks,False,0.0,-5.523336502040262e-108,3.260483949695668e-104,-4.126778865441678e-115,1.6605937201345086e-127,3.28218932582045e-114,2.5491919097144005e-120,5.0008007415755425e-99,2.680160272497517e-91,alkene_dominant,C6H12_s,333.15,1,False,
tiv,solved,360,1e-260,333.15,concentration,frozen_gas,frozen_adsorbate,"{'C6H12_g': 1.0, 'H2O2_g': 0.185, 'H2O_g': 0.815, 'C6H12O_g': 1e-20}",CatMAP setup default (no explicit prefactor_list in base file),,H:\catmap\catmap\lyq_alkene_epoxidation\2-creating_microkinetic_model\analysis_ooh\recovery_single_temperature\seeds\tiv\alkene_dominant.pkl,numbers,3.3980799463202993e-154,3.398079946320299253120319991005089151681e-154,-153.46876640773968,4.272491045911995e-155,5.718359649978538e-148,2.7747938862794216e-131,2.2665300308071013e-18,1.0,1.2833882616618489e-80,4.1698417249743554e-63,OH_s,1.0,1.0,2.7747938862794216e-131,1.0,2.7747938862794216e-131,3.602223206255037e-131,1.2981948764075852,0.0,2.7747938862794216e-131,failed_steady_state_checks,False,0.0,-5.718359649978538e-148,1.063555144944109e-131,-4.272491045911995e-155,5.416781747615014e-155,3.3980799463202993e-154,8.315348926280619e-148,3.85239357466865e-132,2.7747938862794216e-131,alkene_dominant,C6H12_s,333.15,2,False,39.98493003649442
tiv,solved,460,1e-340,333.15,concentration,frozen_gas,frozen_adsorbate,"{'C6H12_g': 1.0, 'H2O2_g': 0.185, 'H2O_g': 0.815, 'C6H12O_g': 1e-20}",CatMAP setup default (no explicit prefactor_list in base file),,H:\catmap\catmap\lyq_alkene_epoxidation\2-creating_microkinetic_model\analysis_ooh\recovery_single_temperature\seeds\tiv\alkene_dominant.pkl,numbers,1.2541055369727801e-211,1.254105536972780132087719917184123801513e-211,-210.9016659147044,1.5768183097478555e-212,2.1104348963907053e-205,1.0240737215466417e-188,2.2665300308071013e-18,1.0,2.3336605178905287e-100,7.58226897511483e-83,OH_s,1.0,1.0,3.5165698203388133e-171,1.0,1.0240737215466417e-188,7.033167134222592e-171,2.000007818284968,0.0,3.5165698203388133e-171,failed_steady_state_checks,False,0.0,-2.1104348963907053e-205,3.5165698203388133e-171,-1.5768183097478555e-212,1.7910205509866732e-194,1.2541055369727801e-211,2.749411275828284e-187,-2.7493383753463218e-176,1.0240737215466417e-188,alkene_dominant,C6H12_s,333.15,3,False,57.43289950696473
tiv,solved,260,1e-180,333.15,concentration,frozen_gas,frozen_adsorbate,"{'C6H12_g': 1.0, 'H2O2_g': 0.185, 'H2O_g': 0.815, 'C6H12O_g': 1e-20}",CatMAP setup default (no explicit prefactor_list in base file),,H:\catmap\catmap\lyq_alkene_epoxidation\2-creating_microkinetic_model\analysis_ooh\recovery_single_temperature\seeds\tiv\water_dominant.pkl,numbers,3.28218932582045e-114,3.282189325820450118196036401381683407913e-114,-113.48383637124526,4.126778865441678e-115,5.523336502040262e-108,2.680160272497517e-91,2.2665300308071013e-18,1.0,7.10589997085704e-67,2.3087696122142712e-49,OH_s,1.0,1.0,2.680160272497517e-91,1.0,2.680160272497517e-91,3.7903190066993296e-91,1.4142135623730094,4.2030456845295373e-286,2.680160272497517e-91,failed_steady_state_checks,False,0.0,-5.523336502040262e-108,3.260483949695668e-104,-4.126778865441678e-115,1.6605937201345086e-127,3.28218932582045e-114,2.5491919097144005e-120,5.0008007415755425e-99,2.680160272497517e-91,water_dominant,H2O_s,333.15,1,False,
tiv,solved,360,1e-260,333.15,concentration,frozen_gas,frozen_adsorbate,"{'C6H12_g': 1.0, 'H2O2_g': 0.185, 'H2O_g': 0.815, 'C6H12O_g': 1e-20}",CatMAP setup default (no explicit prefactor_list in base file),,H:\catmap\catmap\lyq_alkene_epoxidation\2-creating_microkinetic_model\analysis_ooh\recovery_single_temperature\seeds\tiv\water_dominant.pkl,numbers,3.3980799463202993e-154,3.398079946320299253120319991005089151681e-154,-153.46876640773968,4.272491045911995e-155,5.718359649978538e-148,2.7747938862794216e-131,2.2665300308071013e-18,1.0,1.2833882616618489e-80,4.1698417249743554e-63,OH_s,1.0,1.0,2.7747938862794216e-131,1.0,2.7747938862794216e-131,3.602223206255037e-131,1.2981948764075852,0.0,2.7747938862794216e-131,failed_steady_state_checks,False,0.0,-5.718359649978538e-148,1.063555144944109e-131,-4.272491045911995e-155,5.416781747615014e-155,3.3980799463202993e-154,8.315348926280619e-148,3.85239357466865e-132,2.7747938862794216e-131,water_dominant,H2O_s,333.15,2,False,39.98493003649442
tiv,solved,460,1e-340,333.15,concentration,frozen_gas,frozen_adsorbate,"{'C6H12_g': 1.0, 'H2O2_g': 0.185, 'H2O_g': 0.815, 'C6H12O_g': 1e-20}",CatMAP setup default (no explicit prefactor_list in base file),,H:\catmap\catmap\lyq_alkene_epoxidation\2-creating_microkinetic_model\analysis_ooh\recovery_single_temperature\seeds\tiv\water_dominant.pkl,numbers,1.2541055369727801e-211,1.254105536972780132087719917184123801513e-211,-210.9016659147044,1.5768183097478555e-212,2.1104348963907053e-205,1.0240737215466417e-188,2.2665300308071013e-18,1.0,2.3336605178905287e-100,7.58226897511483e-83,OH_s,1.0,1.0,3.5165698203388133e-171,1.0,1.0240737215466417e-188,7.033167134222592e-171,2.000007818284968,0.0,3.5165698203388133e-171,failed_steady_state_checks,False,0.0,-2.1104348963907053e-205,3.5165698203388133e-171,-1.5768183097478555e-212,1.7910205509866732e-194,1.2541055369727801e-211,2.749411275828284e-187,-2.7493383753463218e-176,1.0240737215466417e-188,water_dominant,H2O_s,333.15,3,False,57.43289950696473
tiv,solved,260,1e-180,333.15,concentration,frozen_gas,frozen_adsorbate,"{'C6H12_g': 1.0, 'H2O2_g': 0.185, 'H2O_g': 0.815, 'C6H12O_g': 1e-20}",CatMAP setup default (no explicit prefactor_list in base file),,H:\catmap\catmap\lyq_alkene_epoxidation\2-creating_microkinetic_model\analysis_ooh\recovery_single_temperature\seeds\tiv\Ha_dominant.pkl,numbers,2.8874453363298896e-85,2.887445336329889566944447177001757893415e-85,-84.53948622886777,-2.8874453363298896e-85,-2.8874453363298896e-85,2.8874453363298896e-85,1.3605466488864015e-46,1.0641158428025406e-51,2.0394991027035184e-49,3.929432274969096e-14,Ha_s,0.9999999999988318,7.284459336498348e-07,2.1033493460619658e-91,5.627030994066498e-143,1.624774440120105e-227,4.2066986921239317e-91,1.4568918672996697e-06,5.253807105661922e-286,2.8874474396792355e-85,validated_single_precision,True,0.0,2.8874453363298896e-85,2.8874453363298896e-85,2.8874453363298896e-85,2.8874453363298896e-85,2.8874453363298896e-85,2.8874474396792355e-85,2.8874453363298896e-85,2.8874453363298896e-85,Ha_dominant,Ha_s,333.15,1,False,
tiv,solved,360,1e-260,333.15,concentration,frozen_gas,frozen_adsorbate,"{'C6H12_g': 1.0, 'H2O2_g': 0.185, 'H2O_g': 0.815, 'C6H12O_g': 1e-20}",CatMAP setup default (no explicit prefactor_list in base file),,H:\catmap\catmap\lyq_alkene_epoxidation\2-creating_microkinetic_model\analysis_ooh\recovery_single_temperature\seeds\tiv\Ha_dominant.pkl,numbers,2.8874453363298896e-85,2.887445336329889566944447177001757893415e-85,-84.53948622886777,-2.8874453363298896e-85,-2.8874453363298896e-85,2.8874453363298896e-85,1.3605466488864015e-46,1.0641158428025406e-51,2.039498359870969e-49,3.929432274969096e-14,Ha_s,0.9999999999988318,8.267962822841635e-53,2.3873290693762985e-137,6.403097094775904e-189,1.8488592844378147e-273,4.774658138752597e-137,1.653592564568327e-52,0.0,2.8874453363298896e-85,validated_single_precision,True,0.0,2.8874453363298896e-85,2.8874453363298896e-85,2.8874453363298896e-85,2.8874453363298896e-85,2.8874453363298896e-85,2.8874453363298896e-85,2.8874453363298896e-85,2.8874453363298896e-85,Ha_dominant,Ha_s,333.15,2,True,0.0
tiv,solved,260,1e-180,333.15,concentration,frozen_gas,frozen_adsorbate,"{'C6H12_g': 1.0, 'H2O2_g': 0.185, 'H2O_g': 0.815, 'C6H12O_g': 1e-20}",CatMAP setup default (no explicit prefactor_list in base file),,H:\catmap\catmap\lyq_alkene_epoxidation\2-creating_microkinetic_model\analysis_ooh\recovery_single_temperature\seeds\tiv\Hb_dominant.pkl,numbers,1.5543427915582067e-118,1.554342791558206646373593037150973981837e-118,-117.80845319656152,-2.9881521824960866e-134,-2.9881521824960866e-134,2.9881521824960866e-134,4.93782285974412e-13,1.023797460923379e-12,3.0683571696053705e-104,7.952223762433872e-43,Hb_s,0.9999999999984824,1.0,3.8681032241414946e-91,0.9999999999999998,1.5543427915582062e-118,7.843285851780928e-91,2.0276826644205452,0.0,3.8681032241414946e-91,failed_steady_state_checks,False,0.0,2.9881521824960866e-134,3.8681032241414946e-91,2.9881521824960866e-134,4.291937686468351e-109,1.5543427915582067e-118,2.1298166604677364e-91,-3.025334063404094e-96,2.9881521824960866e-134,Hb_dominant,Hb_s,333.15,1,False,
tiv,solved,360,1e-260,333.15,concentration,frozen_gas,frozen_adsorbate,"{'C6H12_g': 1.0, 'H2O2_g': 0.185, 'H2O_g': 0.815, 'C6H12O_g': 1e-20}",CatMAP setup default (no explicit prefactor_list in base file),,H:\catmap\catmap\lyq_alkene_epoxidation\2-creating_microkinetic_model\analysis_ooh\recovery_single_temperature\seeds\tiv\Hb_dominant.pkl,numbers,1.0755944894103378e-176,1.075594489410337773289577751101788081506e-176,-175.9683514314625,-2.067780697068948e-192,-2.067780697068948e-192,2.067780697068948e-192,4.93782285974412e-13,1.023797460923379e-12,2.221489396840068e-128,8.133748404698094e-63,Hb_s,0.9999999999984824,1.0,4.04671240300596e-131,0.9999999999999998,1.0755944894103376e-176,8.09345645649625e-131,2.000007821283347,0.0,4.04671240300596e-131,failed_steady_state_checks,False,0.0,2.067780697068948e-192,4.04671240300596e-131,2.067780697068948e-192,4.490117368206043e-149,1.0755944894103378e-176,4.87415624530161e-148,-3.16502986709698e-136,2.067780697068948e-192,Hb_dominant,Hb_s,333.15,2,False,58.15989823490099
tiv,solved,460,1e-340,333.15,concentration,frozen_gas,frozen_adsorbate,"{'C6H12_g': 1.0, 'H2O2_g': 0.185, 'H2O_g': 0.815, 'C6H12O_g': 1e-20}",CatMAP setup default (no explicit prefactor_list in base file),,H:\catmap\catmap\lyq_alkene_epoxidation\2-creating_microkinetic_model\analysis_ooh\recovery_single_temperature\seeds\tiv\Hb_dominant.pkl,numbers,7.443039668811445e-235,7.443039668811445564138071687437011738539e-235,-234.1282496663635,-1.430889978166789e-250,-1.430889978166789e-250,1.430889978166789e-250,4.93782285974412e-13,1.023797460923379e-12,2.2721991203214576e-148,8.319416692404591e-83,Hb_s,0.9999999999984824,1.0,4.233568838186781e-171,0.9999999999999998,7.443039668811444e-235,8.467170788315016e-171,2.000007821283347,0.0,4.233568838186781e-171,failed_steady_state_checks,False,0.0,1.430889978166789e-250,4.233568838186781e-171,1.430889978166789e-250,4.69744797177037e-189,7.443039668811445e-235,3.372882498278096e-206,-3.311174722305198e-176,1.430889978166789e-250,Hb_dominant,Hb_s,333.15,3,False,58.15989823490099
tizr,solved,260,1e-180,333.15,concentration,frozen_gas,frozen_adsorbate,"{'C6H12_g': 1.0, 'H2O2_g': 0.185, 'H2O_g': 0.815, 'C6H12O_g': 1e-20}",CatMAP setup default (no explicit prefactor_list in base file),,H:\catmap\catmap\lyq_alkene_epoxidation\2-creating_microkinetic_model\analysis_ooh\recovery_single_temperature\seeds\tizr\vacant.pkl,numbers,2.003820643044586e-138,2.003820643044586114283943955616932934813e-138,-137.69814115367404,-2.003820643044586e-138,-2.003820643044586e-138,2.003820643044586e-138,0.7336804137607934,0.2663195862392066,1.1152329177897372e-56,2.4841685676842293e-34,OOH_s,0.7336804137607934,1.0,1.851210367406226e-91,1.13848036079156e-42,2.2813104486549762e-180,3.702420734775337e-91,1.999999999979951,0.0,1.851210367406226e-91,failed_steady_state_checks,False,0.0,2.003820643044586e-138,1.851210367406226e-91,2.003820643044586e-138,4.5703397255756365e-112,2.003820643044586e-138,7.357795772042102e-102,3.2596975765137376e-104,2.003820643044586e-138,vacant,vacant,333.15,1,False,
tizr,solved,360,1e-260,333.15,concentration,frozen_gas,frozen_adsorbate,"{'C6H12_g': 1.0, 'H2O2_g': 0.185, 'H2O_g': 0.815, 'C6H12O_g': 1e-20}",CatMAP setup default (no explicit prefactor_list in base file),,H:\catmap\catmap\lyq_alkene_epoxidation\2-creating_microkinetic_model\analysis_ooh\recovery_single_temperature\seeds\tizr\vacant.pkl,numbers,8.638048135554673e-206,8.638048135554673281481031612397033814662e-206,-205.0635843801742,-8.638048135554673e-206,-8.638048135554673e-206,8.638048135554673e-206,0.7336804137607934,0.2663195862392066,2.6886445880840918e-71,1.4438321098092106e-63,OOH_s,0.7336804137607934,1.0,4.276449646489159e-131,2.306309570690517e-60,1.9922013087115119e-265,8.552899292978318e-131,2.0,0.0,4.276449646489159e-131,failed_steady_state_checks,False,0.0,8.638048135554673e-206,6.253555969207836e-150,8.638048135554673e-206,1.5439020748469923e-170,8.638048135554673e-206,4.276449646489159e-131,-1.0093915120240079e-166,8.638048135554673e-206,vacant,vacant,333.15,2,False,67.36544322650016
tizr,solved,460,1e-340,333.15,concentration,frozen_gas,frozen_adsorbate,"{'C6H12_g': 1.0, 'H2O2_g': 0.185, 'H2O_g': 0.815, 'C6H12O_g': 1e-20}",CatMAP setup default (no explicit prefactor_list in base file),,H:\catmap\catmap\lyq_alkene_epoxidation\2-creating_microkinetic_model\analysis_ooh\recovery_single_temperature\seeds\tizr\vacant.pkl,numbers,8.106288372792297e-257,8.106288372792297978596233620894795831176e-257,-256.0911779507442,-8.106288372792297e-257,-8.106288372792297e-257,8.106288372792297e-257,4.096134770176248e-13,0.9999999999995904,2.6043029237645325e-125,2.913133969044635e-74,OH_s,0.9999999999995904,1.0,2.545743033289643e-171,6.07871133004552e-66,4.94e-322,5.091486066575883e-171,1.999999999998663,0.0,2.545743033289643e-171,failed_steady_state_checks,False,0.0,8.106288372792297e-257,2.545743033289643e-171,8.106288372792297e-257,3.50892903907779e-204,8.106288372792297e-257,-3.1984298721842135e-235,3.4034335738255835e-183,8.106288372792297e-257,vacant,vacant,333.15,3,False,51.02759357057002
tizr,solved,260,1e-180,333.15,concentration,frozen_gas,frozen_adsorbate,"{'C6H12_g': 1.0, 'H2O2_g': 0.185, 'H2O_g': 0.815, 'C6H12O_g': 1e-20}",CatMAP setup default (no explicit prefactor_list in base file),,H:\catmap\catmap\lyq_alkene_epoxidation\2-creating_microkinetic_model\analysis_ooh\recovery_single_temperature\seeds\tizr\OOH_dominant.pkl,numbers,3.49751999898286e-127,3.497519998982860095185806024988196629971e-127,-126.45623979351288,-3.49751999898286e-127,-3.49751999898286e-127,3.49751999898286e-127,0.9999999999999744,2.568429374319947e-14,1.0926829963739995e-54,3.033489807825831e-34,OOH_s,0.9999999999999744,1.0,2.760442419545039e-91,9.737784328254929e-55,3.4058095433853485e-181,5.520879920199784e-91,1.9999982180790081,4.2030456845295373e-286,2.760442419545039e-91,failed_steady_state_checks,False,0.0,3.49751999898286e-127,2.760442419545039e-91,3.49751999898286e-127,9.288904838861933e-112,3.49751999898286e-127,9.837846328177293e-97,-4.455052091273171e-108,3.49751999898286e-127,OOH_dominant,OOH_s,333.15,1,False,
tizr,solved,360,1e-260,333.15,concentration,frozen_gas,frozen_adsorbate,"{'C6H12_g': 1.0, 'H2O2_g': 0.185, 'H2O_g': 0.815, 'C6H12O_g': 1e-20}",CatMAP setup default (no explicit prefactor_list in base file),,H:\catmap\catmap\lyq_alkene_epoxidation\2-creating_microkinetic_model\analysis_ooh\recovery_single_temperature\seeds\tizr\OOH_dominant.pkl,numbers,2.4202597122976276e-185,2.420259712297627415355968659663001948592e-185,-184.61613802841384,-2.4202597122976276e-185,-2.4202597122976276e-185,2.4202597122976276e-185,0.9999999999999744,2.568429374319947e-14,3.8707750931248784e-73,3.1027349861090456e-54,OOH_s,0.9999999999999744,1.0,2.8879057450359567e-131,9.737784328254561e-55,2.356796709671773e-239,5.77536808084156e-131,1.9998464599368881,0.0,2.8879057450359567e-131,failed_steady_state_checks,False,0.0,2.4202597122976276e-185,2.8879057450359567e-131,2.4202597122976276e-185,9.717818849067928e-152,2.4202597122976276e-185,8.873296969595247e-135,-4.661392006432231e-148,2.4202597122976276e-185,OOH_dominant,OOH_s,333.15,2,False,58.159898234900965
tizr,solved,460,1e-340,333.15,concentration,frozen_gas,frozen_adsorbate,"{'C6H12_g': 1.0, 'H2O2_g': 0.185, 'H2O_g': 0.815, 'C6H12O_g': 1e-20}",CatMAP setup default (no explicit prefactor_list in base file),,H:\catmap\catmap\lyq_alkene_epoxidation\2-creating_microkinetic_model\analysis_ooh\recovery_single_temperature\seeds\tizr\OOH_dominant.pkl,numbers,4.1774762724351366e-273,4.17747627243513631320915300211581143991e-273,-272.3790860081682,-4.1774762724351366e-273,-4.1774762724351366e-273,4.1774762724351366e-273,0.9999999999999744,2.568429374319947e-14,2.2218979362984015e-91,1.0224300215218365e-90,OOH_s,0.9999999999999744,1.0,2.920550906964223e-171,4.0699947840801154e-73,0.0,5.841101813928446e-171,2.0,0.0,2.920550906964223e-171,failed_steady_state_checks,False,0.0,4.1774762724351366e-273,3.1358901101340487e-204,4.1774762724351366e-273,1.0552287613004111e-224,4.1774762724351366e-273,2.920550906964223e-171,-5.061665574635859e-221,4.1774762724351366e-273,OOH_dominant,OOH_s,333.15,3,False,87.76294797975436
tizr,solved,260,1e-180,333.15,concentration,frozen_gas,frozen_adsorbate,"{'C6H12_g': 1.0, 'H2O2_g': 0.185, 'H2O_g': 0.815, 'C6H12O_g': 1e-20}",CatMAP setup default (no explicit prefactor_list in base file),,H:\catmap\catmap\lyq_alkene_epoxidation\2-creating_microkinetic_model\analysis_ooh\recovery_single_temperature\seeds\tizr\OH_dominant.pkl,numbers,1.6255072675188132e-136,1.625507267518813231933049301115526294087e-136,-135.78901108446607,-1.6255072675188132e-136,-1.6255072675188132e-136,1.6255072675188132e-136,1.992055572008661e-12,0.9999999999980079,5.87809641122977e-52,3.2875417788036865e-37,OH_s,0.9999999999980079,1.0,2.846984315430877e-91,1.9973178908723402e-54,3.2466547471583373e-190,5.693968526948853e-91,1.9999999635007115,4.2030456845295373e-286,2.846984315430877e-91,failed_steady_state_checks,False,0.0,1.6255072675188132e-136,3.242173187466417e-97,1.6255072675188132e-136,2.1733188383427564e-129,1.6255072675188132e-136,2.846984315430877e-91,2.079928528719906e-94,1.6255072675188132e-136,OH_dominant,OH_s,333.15,1,False,
tizr,solved,360,1e-260,333.15,concentration,frozen_gas,frozen_adsorbate,"{'C6H12_g': 1.0, 'H2O2_g': 0.185, 'H2O_g': 0.815, 'C6H12O_g': 1e-20}",CatMAP setup default (no explicit prefactor_list in base file),,H:\catmap\catmap\lyq_alkene_epoxidation\2-creating_microkinetic_model\analysis_ooh\recovery_single_temperature\seeds\tizr\OH_dominant.pkl,numbers,1.7872588989711952e-206,1.787258898971195296100816644198915013687e-206,-205.7478125318534,-1.7872588989711952e-206,-1.7872588989711952e-206,1.7872588989711952e-206,1.992055572008661e-12,0.9999999999980079,2.5242105732734037e-71,3.3892544368079644e-64,OH_s,0.9999999999980079,1.0,3.769360998362098e-131,5.538421728771443e-63,9.898593521002194e-269,7.538721996724196e-131,2.0,0.0,3.769360998362098e-131,failed_steady_state_checks,False,0.0,1.7872588989711952e-206,3.44589464882528e-151,1.7872588989711952e-206,2.3098789955983977e-183,1.7872588989711952e-206,3.769360998362098e-131,1.9750102195177907e-159,1.7872588989711952e-206,OH_dominant,OH_s,333.15,2,False,69.95880144738734
tizr,solved,460,1e-340,333.15,concentration,frozen_gas,frozen_adsorbate,"{'C6H12_g': 1.0, 'H2O2_g': 0.185, 'H2O_g': 0.815, 'C6H12O_g': 1e-20}",CatMAP setup default (no explicit prefactor_list in base file),,H:\catmap\catmap\lyq_alkene_epoxidation\2-creating_microkinetic_model\analysis_ooh\recovery_single_temperature\seeds\tizr\OH_dominant.pkl,numbers,8.106288372792297e-257,8.106288372792297978596233620894795831176e-257,-256.0911779507442,-8.106288372792297e-257,-8.106288372792297e-257,8.106288372792297e-257,4.096134770176248e-13,0.9999999999995904,2.6043029237645325e-125,2.913133969044635e-74,OH_s,0.9999999999995904,1.0,2.545743033289643e-171,6.07871133004552e-66,4.94e-322,5.091486066575883e-171,1.999999999998663,0.0,2.545743033289643e-171,failed_steady_state_checks,False,0.0,8.106288372792297e-257,2.545743033289643e-171,8.106288372792297e-257,3.50892903907779e-204,8.106288372792297e-257,-3.1984298721842135e-235,3.4034335738255835e-183,8.106288372792297e-257,OH_dominant,OH_s,333.15,3,False,50.34336541889081
tizr,solved,260,1e-180,333.15,concentration,frozen_gas,frozen_adsorbate,"{'C6H12_g': 1.0, 'H2O2_g': 0.185, 'H2O_g': 0.815, 'C6H12O_g': 1e-20}",CatMAP setup default (no explicit prefactor_list in base file),,H:\catmap\catmap\lyq_alkene_epoxidation\2-creating_microkinetic_model\analysis_ooh\recovery_single_temperature\seeds\tizr\O_dominant.pkl,numbers,3.0317909101842933e-127,3.031790910184293297875673157013187346223e-127,-126.51830075346359,-3.0317909101842933e-127,-3.0317909101842933e-127,3.0317909101842933e-127,5.480060614856609e-13,9.762322146671559e-13,0.9999999999984758,2.488547879539323e-35,O_s,0.9999999999984758,1.0,4.044948209220325e-91,4.062357467881812e-49,1.231621844504336e-175,8.080687783556088e-91,1.9977234232904217,2.1015228422647686e-286,4.044948209220325e-91,failed_steady_state_checks,False,0.0,3.0317909101842933e-127,1.8577430625924113e-93,3.0317909101842933e-127,3.425758923683866e-126,3.0317909101842933e-127,4.044948209220325e-91,2.2057921760835456e-101,3.0317909101842933e-127,O_dominant,O_s,333.15,1,False,
tizr,solved,360,1e-260,333.15,concentration,frozen_gas,frozen_adsorbate,"{'C6H12_g': 1.0, 'H2O2_g': 0.185, 'H2O_g': 0.815, 'C6H12O_g': 1e-20}",CatMAP setup default (no explicit prefactor_list in base file),,H:\catmap\catmap\lyq_alkene_epoxidation\2-creating_microkinetic_model\analysis_ooh\recovery_single_temperature\seeds\tizr\O_dominant.pkl,numbers,1.6974458290284375e-182,1.697445829028437486022672942686330553885e-182,-181.77020407656406,-1.6974458290284375e-182,-1.6974458290284375e-182,1.6974458290284375e-182,5.480060614856609e-13,9.762322146671559e-13,0.9999999999984758,2.5424828756290536e-54,O_s,0.9999999999984758,1.0,1.9391424879560504e-131,4.062357467362909e-49,6.895631738997696e-231,3.878284891110241e-131,1.999999956268371,0.0,1.9391424879560504e-131,failed_steady_state_checks,False,0.0,1.6974458290284375e-182,1.9391424879560504e-131,1.6974458290284375e-182,3.575862976913667e-164,1.6974458290284375e-182,1.6960374708420577e-138,3.5507179350405303e-147,1.6974458290284375e-182,O_dominant,O_s,333.15,2,False,55.251903323100464
tizr,solved,460,1e-340,333.15,concentration,frozen_gas,frozen_adsorbate,"{'C6H12_g': 1.0, 'H2O2_g': 0.185, 'H2O_g': 0.815, 'C6H12O_g': 1e-20}",CatMAP setup default (no explicit prefactor_list in base file),,H:\catmap\catmap\lyq_alkene_epoxidation\2-creating_microkinetic_model\analysis_ooh\recovery_single_temperature\seeds\tizr\O_dominant.pkl,numbers,1.1746208041697468e-240,1.174620804169746740347563551124825791921e-240,-239.93010231146505,-1.1746208041697468e-240,-1.1746208041697468e-240,1.1746208041697468e-240,5.480060614856609e-13,9.762322146671559e-13,0.9999999999984758,2.600519886187245e-74,O_s,0.9999999999984758,1.0,2.0286821479373192e-171,4.062357467362909e-49,4.771729595138796e-289,4.0573642958746384e-171,2.0,0.0,2.0286821479373192e-171,failed_steady_state_checks,False,0.0,1.1746208041697468e-240,2.0286821479373192e-171,1.1746208041697468e-240,3.740977999188252e-204,1.1746208041697468e-240,1.1736465089079584e-196,-3.2745119887604515e-188,1.1746208041697468e-240,O_dominant,O_s,333.15,3,False,58.15989823490099
tizr,solved,260,1e-180,333.15,concentration,frozen_gas,frozen_adsorbate,"{'C6H12_g': 1.0, 'H2O2_g': 0.185, 'H2O_g': 0.815, 'C6H12O_g': 1e-20}",CatMAP setup default (no explicit prefactor_list in base file),,H:\catmap\catmap\lyq_alkene_epoxidation\2-creating_microkinetic_model\analysis_ooh\recovery_single_temperature\seeds\tizr\alkene_dominant.pkl,numbers,1.3792005557482244e-145,1.379200555748224428362928739585996711196e-145,-144.86037257652058,-1.3792005557482244e-145,-1.3792005557482244e-145,1.3792005557482244e-145,4.096134770176248e-13,0.9999999999995904,4.43552366453757e-87,4.961509868824311e-36,OH_s,0.9999999999995904,1.0,4.4371202156047715e-91,6.078711330387935e-66,8.383762045104068e-211,8.873502072926966e-91,1.9998335951593151,0.0,4.4371202156047715e-91,failed_steady_state_checks,False,0.0,1.3792005557482244e-145,7.384504630515653e-95,1.3792005557482244e-145,1.0178443960037974e-127,1.3792005557482244e-145,-4.161309405095692e-143,4.4371202156047715e-91,1.3792005557482244e-145,alkene_dominant,C6H12_s,333.15,1,False,
tizr,solved,360,1e-260,333.15,concentration,frozen_gas,frozen_adsorbate,"{'C6H12_g': 1.0, 'H2O2_g': 0.185, 'H2O_g': 0.815, 'C6H12O_g': 1e-20}",CatMAP setup default (no explicit prefactor_list in base file),,H:\catmap\catmap\lyq_alkene_epoxidation\2-creating_microkinetic_model\analysis_ooh\recovery_single_temperature\seeds\tizr\alkene_dominant.pkl,numbers,1.171440633304967e-198,1.171440633304967043192719058495525457135e-198,-197.93127971584326,-1.171440633304967e-198,-1.171440633304967e-198,1.171440633304967e-198,4.096134770176248e-13,0.9999999999995904,2.5461814853990474e-105,2.848120204752007e-54,OH_s,0.9999999999995904,1.0,2.4333819293916255e-131,6.078711330045533e-66,7.120849450146617e-264,4.866266516671134e-131,1.999795616912368,0.0,2.4333819293916255e-131,failed_steady_state_checks,False,0.0,1.171440633304967e-198,2.4333819293916255e-131,1.171440633304967e-198,3.3540559292725515e-164,1.171440633304967e-198,-4.680450561023681e-187,4.974183795320861e-135,1.171440633304967e-198,alkene_dominant,C6H12_s,333.15,2,False,53.070907139322685
tizr,solved,460,1e-340,333.15,concentration,frozen_gas,frozen_adsorbate,"{'C6H12_g': 1.0, 'H2O2_g': 0.185, 'H2O_g': 0.815, 'C6H12O_g': 1e-20}",CatMAP setup default (no explicit prefactor_list in base file),,H:\catmap\catmap\lyq_alkene_epoxidation\2-creating_microkinetic_model\analysis_ooh\recovery_single_temperature\seeds\tizr\alkene_dominant.pkl,numbers,8.106288372792297e-257,8.106288372792297978596233620894795831176e-257,-256.0911779507442,-8.106288372792297e-257,-8.106288372792297e-257,8.106288372792297e-257,4.096134770176248e-13,0.9999999999995904,2.6043029237645325e-125,2.913133969044635e-74,OH_s,0.9999999999995904,1.0,2.545743033289643e-171,6.07871133004552e-66,4.94e-322,5.091486066575883e-171,1.999999999998663,0.0,2.545743033289643e-171,failed_steady_state_checks,False,0.0,8.106288372792297e-257,2.545743033289643e-171,8.106288372792297e-257,3.50892903907779e-204,8.106288372792297e-257,-3.1984298721842135e-235,3.4034335738255835e-183,8.106288372792297e-257,alkene_dominant,C6H12_s,333.15,3,False,58.159898234900965
tizr,solved,260,1e-180,333.15,concentration,frozen_gas,frozen_adsorbate,"{'C6H12_g': 1.0, 'H2O2_g': 0.185, 'H2O_g': 0.815, 'C6H12O_g': 1e-20}",CatMAP setup default (no explicit prefactor_list in base file),,H:\catmap\catmap\lyq_alkene_epoxidation\2-creating_microkinetic_model\analysis_ooh\recovery_single_temperature\seeds\tizr\water_dominant.pkl,numbers,3.1643400908219976e-137,3.164340090821997622121820260538360739578e-137,-136.49971684640383,-3.1643400908219976e-137,-3.1643400908219976e-137,3.1643400908219976e-137,0.5277767323215687,0.4722232676784313,1.8999616244131894e-56,4.066261329147262e-34,OOH_s,0.5277767323215687,1.0,4.96002906885632e-91,1.1492108965418486e-43,3.6364941127368627e-180,9.920058137553762e-91,1.9999999999679683,1.0507614211323843e-286,4.96002906885632e-91,failed_steady_state_checks,False,0.0,3.1643400908219976e-137,4.96002906885632e-91,3.1643400908219976e-137,8.808870917506033e-112,3.1643400908219976e-137,2.13553270912632e-101,5.210148781893241e-102,3.1643400908219976e-137,water_dominant,H2O_s,333.15,1,False,
tizr,solved,360,1e-260,333.15,concentration,frozen_gas,frozen_adsorbate,"{'C6H12_g': 1.0, 'H2O2_g': 0.185, 'H2O_g': 0.815, 'C6H12O_g': 1e-20}",CatMAP setup default (no explicit prefactor_list in base file),,H:\catmap\catmap\lyq_alkene_epoxidation\2-creating_microkinetic_model\analysis_ooh\recovery_single_temperature\seeds\tizr\water_dominant.pkl,numbers,4.108454196534817e-206,4.108454196534817230849605435923216221064e-206,-205.38632155043382,-4.108454196534817e-206,-4.108454196534817e-206,4.108454196534817e-206,0.5277767323215687,0.4722232676784313,2.5765298171149516e-71,7.477836642522325e-64,OOH_s,0.5277767323215687,1.0,3.9272352293595866e-131,2.7174140393657384e-61,1.1164371113754797e-266,7.854470458719173e-131,2.0,0.0,3.9272352293595866e-131,failed_steady_state_checks,False,0.0,4.108454196534817e-206,1.6774345974375054e-150,4.108454196534817e-206,2.9790762586436443e-171,4.108454196534817e-206,3.9272352293595866e-131,-2.707559563140764e-167,4.108454196534817e-206,water_dominant,H2O_s,333.15,2,False,68.88660470402999
tizr,solved,460,1e-340,333.15,concentration,frozen_gas,frozen_adsorbate,"{'C6H12_g': 1.0, 'H2O2_g': 0.185, 'H2O_g': 0.815, 'C6H12O_g': 1e-20}",CatMAP setup default (no explicit prefactor_list in base file),,H:\catmap\catmap\lyq_alkene_epoxidation\2-creating_microkinetic_model\analysis_ooh\recovery_single_temperature\seeds\tizr\water_dominant.pkl,numbers,8.106288372792297e-257,8.106288372792297978596233620894795831176e-257,-256.0911779507442,-8.106288372792297e-257,-8.106288372792297e-257,8.106288372792297e-257,4.096134770176248e-13,0.9999999999995904,2.6043029237645325e-125,2.913133969044635e-74,OH_s,0.9999999999995904,1.0,2.545743033289643e-171,6.07871133004552e-66,4.94e-322,5.091486066575883e-171,1.999999999998663,0.0,2.545743033289643e-171,failed_steady_state_checks,False,0.0,8.106288372792297e-257,2.545743033289643e-171,8.106288372792297e-257,3.50892903907779e-204,8.106288372792297e-257,-3.1984298721842135e-235,3.4034335738255835e-183,8.106288372792297e-257,water_dominant,H2O_s,333.15,3,False,50.704856400310405
tizr,solved,260,1e-180,333.15,concentration,frozen_gas,frozen_adsorbate,"{'C6H12_g': 1.0, 'H2O2_g': 0.185, 'H2O_g': 0.815, 'C6H12O_g': 1e-20}",CatMAP setup default (no explicit prefactor_list in base file),,H:\catmap\catmap\lyq_alkene_epoxidation\2-creating_microkinetic_model\analysis_ooh\recovery_single_temperature\seeds\tizr\Ha_dominant.pkl,numbers,8.176762532989695e-140,8.176762532989695251951648309079348915378e-140,-139.08741861471086,-8.176762532989695e-140,-8.176762532989695e-140,8.176762532989695e-140,1.8709590205693488e-66,3.0199300783424068e-83,5.8780964112247146e-52,2.0807448971542232e-15,Ha_s,0.9999999999986703,1.0,2.8469843154307064e-91,3.9097010156660055e-149,3.196869678008955e-288,5.693968630861413e-91,2.0,2.1015228422647686e-286,2.8469843154307064e-91,failed_steady_state_checks,False,0.0,8.176762532989695e-140,8.176762532989695e-140,8.176762532989695e-140,-2.8488014433884893e-118,8.176762532989695e-140,2.8469843154307064e-91,8.176762532989695e-140,8.176762532989695e-140,Ha_dominant,Ha_s,333.15,1,False,
tizr,solved,360,1e-260,333.15,concentration,frozen_gas,frozen_adsorbate,"{'C6H12_g': 1.0, 'H2O2_g': 0.185, 'H2O_g': 0.815, 'C6H12O_g': 1e-20}",CatMAP setup default (no explicit prefactor_list in base file),,H:\catmap\catmap\lyq_alkene_epoxidation\2-creating_microkinetic_model\analysis_ooh\recovery_single_temperature\seeds\tizr\Ha_dominant.pkl,numbers,8.176762532989695e-140,8.176762532989695251951648309173436280259e-140,-139.08741861471086,-8.176762532989695e-140,-8.176762532989695e-140,8.176762532989695e-140,1.8709590205693488e-66,3.0199300783424068e-83,6.012275154255643e-72,2.0807448971542232e-15,Ha_s,0.9999999999986703,0.999999997254686,2.97844345424511e-131,7.042057179560552e-249,0.0,5.95688690849022e-131,1.999999994509372,0.0,2.9784434624218725e-131,failed_steady_state_checks,False,0.0,8.176762532989695e-140,8.176762532989695e-140,8.176762532989695e-140,8.176762532989695e-140,8.176762532989695e-140,2.9784434624218725e-131,8.176762532989695e-140,8.176762532989695e-140,Ha_dominant,Ha_s,333.15,2,False,0.0
tizr,solved,460,1e-340,333.15,concentration,frozen_gas,frozen_adsorbate,"{'C6H12_g': 1.0, 'H2O2_g': 0.185, 'H2O_g': 0.815, 'C6H12O_g': 1e-20}",CatMAP setup default (no explicit prefactor_list in base file),,H:\catmap\catmap\lyq_alkene_epoxidation\2-creating_microkinetic_model\analysis_ooh\recovery_single_temperature\seeds\tizr\Ha_dominant.pkl,numbers,8.176762532989695e-140,8.176762532989695251951648309173436280259e-140,-139.08741861471086,-8.176762532989695e-140,-8.176762532989695e-140,8.176762532989695e-140,1.8709590205693488e-66,3.0199300783424068e-83,3.150176304028705e-76,2.0807448971542232e-15,Ha_s,0.9999999999986703,4.978288280183106e-43,4.070628108782293e-182,3.796420586026041e-286,0.0,8.141256217564586e-182,9.956576560366212e-43,0.0,8.176762532989695e-140,validated_single_precision,True,0.0,8.176762532989695e-140,8.176762532989695e-140,8.176762532989695e-140,8.176762532989695e-140,8.176762532989695e-140,8.176762532989695e-140,8.176762532989695e-140,8.176762532989695e-140,Ha_dominant,Ha_s,333.15,3,False,0.0
tizr,solved,260,1e-180,333.15,concentration,frozen_gas,frozen_adsorbate,"{'C6H12_g': 1.0, 'H2O2_g': 0.185, 'H2O_g': 0.815, 'C6H12O_g': 1e-20}",CatMAP setup default (no explicit prefactor_list in base file),,H:\catmap\catmap\lyq_alkene_epoxidation\2-creating_microkinetic_model\analysis_ooh\recovery_single_temperature\seeds\tizr\Hb_dominant.pkl,numbers,3.0317909101842933e-127,3.031790910184293297875673157013187346223e-127,-126.51830075346359,-3.0317909101842933e-127,-3.0317909101842933e-127,3.0317909101842933e-127,5.480060614856609e-13,9.762322146671559e-13,4.909093465295174e-103,2.488547879539323e-35,Hb_s,0.9999999999984758,1.0,4.044948209220325e-91,4.062357467881812e-49,1.231621844504336e-175,8.080687783556088e-91,1.9977234232904217,2.1015228422647686e-286,4.044948209220325e-91,failed_steady_state_checks,False,0.0,3.0317909101842933e-127,1.8577430625924113e-93,3.0317909101842933e-127,3.425758923683866e-126,3.0317909101842933e-127,4.044948209220325e-91,2.2057921760835456e-101,3.0317909101842933e-127,Hb_dominant,Hb_s,333.15,1,False,
tizr,solved,360,1e-260,333.15,concentration,frozen_gas,frozen_adsorbate,"{'C6H12_g': 1.0, 'H2O2_g': 0.185, 'H2O_g': 0.815, 'C6H12O_g': 1e-20}",CatMAP setup default (no explicit prefactor_list in base file),,H:\catmap\catmap\lyq_alkene_epoxidation\2-creating_microkinetic_model\analysis_ooh\recovery_single_temperature\seeds\tizr\Hb_dominant.pkl,numbers,1.6974458290284375e-182,1.697445829028437486022672942686330553885e-182,-181.77020407656406,-1.6974458290284375e-182,-1.6974458290284375e-182,1.6974458290284375e-182,5.480060614856609e-13,9.762322146671559e-13,4.3311322308570963e-144,2.5424828756290536e-54,Hb_s,0.9999999999984758,1.0,1.9391424879560504e-131,4.062357467362909e-49,6.895631738997696e-231,3.878284891110241e-131,1.999999956268371,0.0,1.9391424879560504e-131,failed_steady_state_checks,False,0.0,1.6974458290284375e-182,1.9391424879560504e-131,1.6974458290284375e-182,3.575862976913667e-164,1.6974458290284375e-182,1.6960374708420577e-138,3.5507179350405303e-147,1.6974458290284375e-182,Hb_dominant,Hb_s,333.15,2,False,55.251903323100464
tizr,solved,460,1e-340,333.15,concentration,frozen_gas,frozen_adsorbate,"{'C6H12_g': 1.0, 'H2O2_g': 0.185, 'H2O_g': 0.815, 'C6H12O_g': 1e-20}",CatMAP setup default (no explicit prefactor_list in base file),,H:\catmap\catmap\lyq_alkene_epoxidation\2-creating_microkinetic_model\analysis_ooh\recovery_single_temperature\seeds\tizr\Hb_dominant.pkl,numbers,1.1746208041697468e-240,1.174620804169746740347563551124825791921e-240,-239.93010231146505,-1.1746208041697468e-240,-1.1746208041697468e-240,1.1746208041697468e-240,5.480060614856609e-13,9.762322146671559e-13,4.42999646179621e-164,2.600519886187245e-74,Hb_s,0.9999999999984758,1.0,2.0286821479373192e-171,4.062357467362909e-49,4.771729595138796e-289,4.0573642958746384e-171,2.0,0.0,2.0286821479373192e-171,failed_steady_state_checks,False,0.0,1.1746208041697468e-240,2.0286821479373192e-171,1.1746208041697468e-240,3.740977999188252e-204,1.1746208041697468e-240,1.1736465089079584e-196,-3.2745119887604515e-188,1.1746208041697468e-240,Hb_dominant,Hb_s,333.15,3,False,58.15989823490099
titi,solved,260,1e-180,333.15,concentration,frozen_gas,frozen_adsorbate,"{'C6H12_g': 1.0, 'H2O2_g': 0.185, 'H2O_g': 0.815, 'C6H12O_g': 1e-20}",CatMAP setup default (no explicit prefactor_list in base file),,H:\catmap\catmap\lyq_alkene_epoxidation\2-creating_microkinetic_model\analysis_ooh\recovery_single_temperature\seeds\titi\vacant.pkl,numbers,5.089220443648563e-39,5.089220443648562873297527738490304675221e-39,-38.29334873690689,-5.089220443648563e-39,-5.089220443648563e-39,5.089220443648563e-39,6.671392095482046e-11,0.1033307339064592,4.111153774290995e-25,4.293368940539034e-15,H2O_s,0.8966692660237059,3.7885938406000633e-56,1.9280989226262866e-94,4.4566475715076644e-122,2.2680861931053524e-160,3.856197845252573e-94,7.577187681200127e-56,2.1015228422647686e-286,5.089220443648563e-39,validated_single_precision,True,0.0,5.089220443648563e-39,5.089220443648563e-39,5.089220443648563e-39,5.089220443648563e-39,5.089220443648563e-39,5.089220443648563e-39,5.089220443648563e-39,5.089220443648563e-39,vacant,vacant,333.15,1,False,
titi,solved,360,1e-260,333.15,concentration,frozen_gas,frozen_adsorbate,"{'C6H12_g': 1.0, 'H2O2_g': 0.185, 'H2O_g': 0.815, 'C6H12O_g': 1e-20}",CatMAP setup default (no explicit prefactor_list in base file),,H:\catmap\catmap\lyq_alkene_epoxidation\2-creating_microkinetic_model\analysis_ooh\recovery_single_temperature\seeds\titi\vacant.pkl,numbers,5.089220443648563e-39,5.089220443648562873297527738490304675221e-39,-38.29334873690689,-5.089220443648563e-39,-5.089220443648563e-39,5.089220443648563e-39,6.671392095482046e-11,0.1033307339064592,4.111153774290995e-25,4.293368940539034e-15,H2O_s,0.8966692660237059,5.382541229724913e-112,2.73929388650973e-150,6.331660322868976e-178,3.2223215157383255e-216,5.47858777301946e-150,1.0765082459449826e-111,0.0,5.089220443648563e-39,validated_single_precision,True,0.0,5.089220443648563e-39,5.089220443648563e-39,5.089220443648563e-39,5.089220443648563e-39,5.089220443648563e-39,5.089220443648563e-39,5.089220443648563e-39,5.089220443648563e-39,vacant,vacant,333.15,2,True,0.0
titi,solved,260,1e-180,333.15,concentration,frozen_gas,frozen_adsorbate,"{'C6H12_g': 1.0, 'H2O2_g': 0.185, 'H2O_g': 0.815, 'C6H12O_g': 1e-20}",CatMAP setup default (no explicit prefactor_list in base file),,H:\catmap\catmap\lyq_alkene_epoxidation\2-creating_microkinetic_model\analysis_ooh\recovery_single_temperature\seeds\titi\OOH_dominant.pkl,numbers,8.24656018842449e-115,8.246560188424489839329678294419451005372e-115,-114.08372716692999,-8.24656018842449e-115,-8.24656018842449e-115,8.24656018842449e-115,0.9999999999981699,1.8300511685212607e-12,3.4088418547498034e-51,1.7396199378353743e-48,OOH_s,0.9999999999981699,0.999961469644937,3.2503294641749937e-91,4.877234631498289e-20,4.022040894171898e-134,6.572338313458559e-91,2.0219750494117643,2.1015228422647686e-286,3.250454705348907e-91,failed_steady_state_checks,False,0.0,8.24656018842449e-115,-1.331154258378045e-92,8.24656018842449e-115,1.2524117391329817e-95,8.24656018842449e-115,3.250454705348907e-91,2.4360804050374532e-104,8.24656018842449e-115,OOH_dominant,OOH_s,333.15,1,False,
titi,solved,360,1e-260,333.15,concentration,frozen_gas,frozen_adsorbate,"{'C6H12_g': 1.0, 'H2O2_g': 0.185, 'H2O_g': 0.815, 'C6H12O_g': 1e-20}",CatMAP setup default (no explicit prefactor_list in base file),,H:\catmap\catmap\lyq_alkene_epoxidation\2-creating_microkinetic_model\analysis_ooh\recovery_single_temperature\seeds\titi\OOH_dominant.pkl,numbers,1.3786845688150588e-224,1.378684568815058855197152455325469500632e-224,-223.8605350853056,-1.3786845688150588e-224,-1.3786845688150588e-224,1.3786845688150588e-224,0.9999999999981699,1.8300511685212607e-12,1.2844728786412673e-70,3.228166458580158e-86,OOH_s,0.9999999999981699,1.0,3.5667987243056616e-131,4.877234631498289e-20,6.72416812493709e-244,7.133597448611323e-131,2.0,0.0,3.5667987243056616e-131,failed_steady_state_checks,False,0.0,1.3786845688150588e-224,2.860840791960247e-181,1.3786845688150588e-224,4.312709627310927e-171,1.3786845688150588e-224,3.5667987243056616e-131,-3.422692512116548e-189,1.3786845688150588e-224,OOH_dominant,OOH_s,333.15,2,False,109.77680791837561
titi,solved,460,1e-340,333.15,concentration,frozen_gas,frozen_adsorbate,"{'C6H12_g': 1.0, 'H2O2_g': 0.185, 'H2O_g': 0.815, 'C6H12O_g': 1e-20}",CatMAP setup default (no explicit prefactor_list in base file),,H:\catmap\catmap\lyq_alkene_epoxidation\2-creating_microkinetic_model\analysis_ooh\recovery_single_temperature\seeds\titi\OOH_dominant.pkl,numbers,1.548373823336371e-182,1.548373823336370955512887278365019643733e-182,-181.81012417943307,-9.615791521766962e-190,1.9408415226216377e-189,2.891750857739847e-190,0.9999999972989779,2.7009138539724968e-09,1.0824017162093501e-13,1.8797959712895203e-86,OOH_s,0.9999999972989779,1.0,1.4623785375820262e-171,1.0000001253470896,1.5483740174205233e-182,3.582081227860795e-171,2.449489742774533,0.0,1.4623785375820262e-171,failed_steady_state_checks,False,0.0,-1.9408415226216377e-189,9.756100634600941e-182,9.615791521766962e-190,1.4623785375820262e-171,1.548373823336371e-182,1.1391825003328726e-217,-1.1605874002597078e-189,2.891750857739847e-190,OOH_dominant,OOH_s,333.15,3,False,42.050410905872525
titi,solved,260,1e-180,333.15,concentration,frozen_gas,frozen_adsorbate,"{'C6H12_g': 1.0, 'H2O2_g': 0.185, 'H2O_g': 0.815, 'C6H12O_g': 1e-20}",CatMAP setup default (no explicit prefactor_list in base file),,H:\catmap\catmap\lyq_alkene_epoxidation\2-creating_microkinetic_model\analysis_ooh\recovery_single_temperature\seeds\titi\OH_dominant.pkl,numbers,6.418435160229874e-154,6.418435160229873778547753800288675861707e-154,-153.19257084173103,-6.418435160229874e-154,-6.418435160229874e-154,6.418435160229874e-154,1.841639652812333e-12,0.9999999999981584,1.2216817182005243e-50,5.344233513791361e-58,OH_s,0.9999999999981584,1.0,3.2265981108782437e-91,4.3697235340555575e-32,2.8046787171466132e-185,6.453196221756487e-91,2.0,2.1015228422647686e-286,3.2265981108782437e-91,failed_steady_state_checks,False,0.0,6.418435160229874e-154,7.885435712413094e-125,6.418435160229874e-154,2.1767767312229306e-126,6.418435160229874e-154,3.2265981108782437e-91,1.0254838449200529e-125,6.418435160229874e-154,OH_dominant,OH_s,333.15,1,False,
titi,solved,360,1e-260,333.15,concentration,frozen_gas,frozen_adsorbate,"{'C6H12_g': 1.0, 'H2O2_g': 0.185, 'H2O_g': 0.815, 'C6H12O_g': 1e-20}",CatMAP setup default (no explicit prefactor_list in base file),,H:\catmap\catmap\lyq_alkene_epoxidation\2-creating_microkinetic_model\analysis_ooh\recovery_single_temperature\seeds\titi\OH_dominant.pkl,numbers,2.78231191133641e-238,2.782311911336410033755295962618473919832e-238,-237.55559418499135,-2.78231191133641e-238,-2.78231191133641e-238,2.78231191133641e-238,1.841639652812333e-12,0.9999999999981584,1.2495689285560358e-70,5.591002822729438e-98,OH_s,0.9999999999981584,1.0,3.37558587198329e-131,4.827039293637117e-64,1.343032892317544e-301,6.75117174396658e-131,2.0,0.0,3.37558587198329e-131,failed_steady_state_checks,False,0.0,2.78231191133641e-238,8.630466399965183e-205,2.78231191133641e-238,2.3824426606468378e-206,2.78231191133641e-238,3.37558587198329e-131,-1.0266817575278586e-212,2.78231191133641e-238,OH_dominant,OH_s,333.15,2,False,84.36302334326032
titi,solved,460,1e-340,333.15,concentration,frozen_gas,frozen_adsorbate,"{'C6H12_g': 1.0, 'H2O2_g': 0.185, 'H2O_g': 0.815, 'C6H12O_g': 1e-20}",CatMAP setup default (no explicit prefactor_list in base file),,H:\catmap\catmap\lyq_alkene_epoxidation\2-creating_microkinetic_model\analysis_ooh\recovery_single_temperature\seeds\titi\OH_dominant.pkl,numbers,1.548373823336371e-182,1.548373823336370955512887278365019643733e-182,-181.81012417943307,-9.615791521766962e-190,1.9408415226216377e-189,2.891750857739847e-190,0.9999999972989779,2.7009138539724968e-09,1.0824017162093501e-13,1.8797959712895203e-86,OOH_s,0.9999999972989779,1.0,1.4623785375820262e-171,1.0000001253470896,1.5483740174205233e-182,3.582081227860795e-171,2.449489742774533,0.0,1.4623785375820262e-171,failed_steady_state_checks,False,0.0,-1.9408415226216377e-189,9.756100634600941e-182,9.615791521766962e-190,1.4623785375820262e-171,1.548373823336371e-182,1.1391825003328726e-217,-1.1605874002597078e-189,2.891750857739847e-190,OH_dominant,OH_s,333.15,3,False,55.745470005558275
titi,solved,260,1e-180,333.15,concentration,frozen_gas,frozen_adsorbate,"{'C6H12_g': 1.0, 'H2O2_g': 0.185, 'H2O_g': 0.815, 'C6H12O_g': 1e-20}",CatMAP setup default (no explicit prefactor_list in base file),,H:\catmap\catmap\lyq_alkene_epoxidation\2-creating_microkinetic_model\analysis_ooh\recovery_single_temperature\seeds\titi\O_dominant.pkl,numbers,3.441068344568962e-108,3.441068344568962137098042016105409383709e-108,-107.46330670158005,-3.441068344568962e-108,-3.441068344568962e-108,3.441068344568962e-108,4.37690557287775e-13,1.0744131511463518e-12,0.9999999999984879,3.6628983990606505e-42,O_s,0.9999999999984879,0.9998595945793683,1.7306547646785264e-91,5.432663455746195e-33,1.8694166244264854e-140,3.4436548913782205e-91,1.9895194892924035,4.2030456845295373e-286,1.730897792111098e-91,failed_steady_state_checks,False,0.0,3.441068344568962e-108,3.704284532534916e-93,3.441068344568962e-108,2.430274325716862e-95,3.441068344568962e-108,1.730897792111098e-91,5.184582266543815e-99,3.441068344568962e-108,O_dominant,O_s,333.15,1,False,
titi,solved,360,1e-260,333.15,concentration,frozen_gas,frozen_adsorbate,"{'C6H12_g': 1.0, 'H2O2_g': 0.185, 'H2O_g': 0.815, 'C6H12O_g': 1e-20}",CatMAP setup default (no explicit prefactor_list in base file),,H:\catmap\catmap\lyq_alkene_epoxidation\2-creating_microkinetic_model\analysis_ooh\recovery_single_temperature\seeds\titi\O_dominant.pkl,numbers,1.9309142658560046e-163,1.930914265856004716539979957486134940819e-163,-162.71423700881627,-1.9309142658560046e-163,-1.9309142658560046e-163,1.9309142658560046e-163,4.3769055728777507e-13,1.0744131511463518e-12,0.9999999999984879,3.7422854232986526e-61,O_s,0.9999999999984879,0.9934392919687391,3.841227169165119e-131,5.420505459091665e-33,1.0466531319110447e-195,7.733439223269297e-131,2.000064575227334,0.0,3.8665947685165564e-131,failed_steady_state_checks,False,0.0,1.9309142658560046e-163,3.8665947685165564e-131,1.9309142658560046e-163,2.5367599351437693e-133,1.9309142658560046e-163,9.691014639708818e-147,-4.5996985865602175e-139,1.9309142658560046e-163,O_dominant,O_s,333.15,2,False,55.25093030723622
titi,solved,460,1e-340,333.15,concentration,frozen_gas,frozen_adsorbate,"{'C6H12_g': 1.0, 'H2O2_g': 0.185, 'H2O_g': 0.815, 'C6H12O_g': 1e-20}",CatMAP setup default (no explicit prefactor_list in base file),,H:\catmap\catmap\lyq_alkene_epoxidation\2-creating_microkinetic_model\analysis_ooh\recovery_single_temperature\seeds\titi\O_dominant.pkl,numbers,1.3362365171080618e-221,1.336236517108061901109731774936374530987e-221,-220.87411666387865,-1.3362365171080618e-221,-1.3362365171080618e-221,1.3362365171080618e-221,4.3769055728777507e-13,1.0744131511463518e-12,0.9999999999984879,3.82771021050396e-81,O_s,0.9999999999984879,0.9934392919687393,4.018595349571739e-171,5.420273565833813e-33,7.24276747138267e-254,8.090529804718808e-171,2.0000645752273574,0.0,4.04513429462602e-171,failed_steady_state_checks,False,0.0,1.3362365171080618e-221,4.04513429462602e-171,1.3362365171080618e-221,2.65389450542813e-173,1.3362365171080618e-221,-1.140349805972971e-201,-4.8120986705905254e-179,1.3362365171080618e-221,O_dominant,O_s,333.15,3,False,58.15987965506238
titi,solved,260,1e-180,333.15,concentration,frozen_gas,frozen_adsorbate,"{'C6H12_g': 1.0, 'H2O2_g': 0.185, 'H2O_g': 0.815, 'C6H12O_g': 1e-20}",CatMAP setup default (no explicit prefactor_list in base file),,H:\catmap\catmap\lyq_alkene_epoxidation\2-creating_microkinetic_model\analysis_ooh\recovery_single_temperature\seeds\titi\alkene_dominant.pkl,numbers,6.190354788985739e-91,6.190354788985738931079783483424536838433e-91,-90.20828445946402,-3.844366276381259e-98,7.759429559674998e-98,1.1561138208983173e-98,0.9999999972989779,2.7009138539724968e-09,1.0824017162093501e-13,5.736834744975987e-55,OOH_s,0.9999999972989779,1.0,6.190354788985739e-91,1.0000001253470896,6.190355564928695e-91,8.754484057071293e-91,1.4142136202997302,3.152284263397153e-286,6.190354788985739e-91,failed_steady_state_checks,False,0.0,-7.759429559674998e-98,-1.0331150574848336e-114,3.844366276381259e-98,1.3620186524376307e-108,6.190354788985739e-91,1.150188621801245e-133,2.7895192604269448e-123,1.1561138208983173e-98,alkene_dominant,C6H12_s,333.15,1,False,
titi,solved,360,1e-260,333.15,concentration,frozen_gas,frozen_adsorbate,"{'C6H12_g': 1.0, 'H2O2_g': 0.185, 'H2O_g': 0.815, 'C6H12O_g': 1e-20}",CatMAP setup default (no explicit prefactor_list in base file),,H:\catmap\catmap\lyq_alkene_epoxidation\2-creating_microkinetic_model\analysis_ooh\recovery_single_temperature\seeds\titi\alkene_dominant.pkl,numbers,6.408929644484192e-131,6.408929644484191987562594291075492345685e-131,-130.19321449595844,-3.980106768160218e-138,8.033406779490256e-138,1.1969349725053671e-138,0.9999999972989779,2.7009138539724968e-09,1.0824017162093501e-13,1.0361229965228498e-68,OOH_s,0.9999999972989779,0.9999930677295549,6.408885216050632e-131,1.0000001253470896,6.40893044782487e-131,9.06353276391257e-131,1.4142038166565063,0.0,6.408929644484192e-131,failed_steady_state_checks,False,0.0,-8.033406779490256e-138,2.88439972551596e-146,3.980106768160218e-138,4.442843355952084e-136,6.408929644484192e-131,1.2543120974658331e-173,-3.5044755332540636e-154,1.1969349725053671e-138,alkene_dominant,C6H12_s,333.15,2,False,39.98493003649442
titi,solved,460,1e-340,333.15,concentration,frozen_gas,frozen_adsorbate,"{'C6H12_g': 1.0, 'H2O2_g': 0.185, 'H2O_g': 0.815, 'C6H12O_g': 1e-20}",CatMAP setup default (no explicit prefactor_list in base file),,H:\catmap\catmap\lyq_alkene_epoxidation\2-creating_microkinetic_model\analysis_ooh\recovery_single_temperature\seeds\titi\alkene_dominant.pkl,numbers,1.548373823336371e-182,1.548373823336370955512887278365019643733e-182,-181.81012417943307,-9.615791521766962e-190,1.9408415226216377e-189,2.891750857739847e-190,0.9999999972989779,2.7009138539724968e-09,1.0824017162093501e-13,1.8797959712895203e-86,OOH_s,0.9999999972989779,1.0,1.4623785375820262e-171,1.0000001253470896,1.5483740174205233e-182,3.582081227860795e-171,2.449489742774533,0.0,1.4623785375820262e-171,failed_steady_state_checks,False,0.0,-1.9408415226216377e-189,9.756100634600941e-182,9.615791521766962e-190,1.4623785375820262e-171,1.548373823336371e-182,1.1391825003328726e-217,-1.1605874002597078e-189,2.891750857739847e-190,alkene_dominant,C6H12_s,333.15,3,False,51.61690968347463
titi,solved,260,1e-180,333.15,concentration,frozen_gas,frozen_adsorbate,"{'C6H12_g': 1.0, 'H2O2_g': 0.185, 'H2O_g': 0.815, 'C6H12O_g': 1e-20}",CatMAP setup default (no explicit prefactor_list in base file),,H:\catmap\catmap\lyq_alkene_epoxidation\2-creating_microkinetic_model\analysis_ooh\recovery_single_temperature\seeds\titi\water_dominant.pkl,numbers,9.151047062590974e-41,9.151047062590973423543114048185083326472e-41,-40.03852921112599,-9.151047062590974e-41,-9.151047062590974e-41,9.151047062590974e-41,9.64496287590087e-13,1.4148471387041965e-14,5.51281583342816e-26,4.788129919472875e-15,H2O_s,0.9999999999955408,4.560023630015438e-90,4.17289908447982e-130,6.089252299254416e-136,5.572303436646745e-176,8.34579816895964e-130,9.120047260030875e-90,2.1015228422647686e-286,9.151047062590974e-41,validated_single_precision,True,0.0,9.151047062590974e-41,9.151047062590974e-41,9.151047062590974e-41,9.151047062590974e-41,9.151047062590974e-41,9.151047062590974e-41,9.151047062590974e-41,9.151047062590974e-41,water_dominant,H2O_s,333.15,1,False,
titi,solved,360,1e-260,333.15,concentration,frozen_gas,frozen_adsorbate,"{'C6H12_g': 1.0, 'H2O2_g': 0.185, 'H2O_g': 0.815, 'C6H12O_g': 1e-20}",CatMAP setup default (no explicit prefactor_list in base file),,H:\catmap\catmap\lyq_alkene_epoxidation\2-creating_microkinetic_model\analysis_ooh\recovery_single_temperature\seeds\titi\water_dominant.pkl,numbers,9.151047062590974e-41,9.151047062590973423543114048185083326472e-41,-40.03852921112599,-9.151047062590974e-41,-9.151047062590974e-41,9.151047062590974e-41,9.64496287590087e-13,1.4148471387041965e-14,5.51281583342816e-26,4.788129919472875e-15,H2O_s,0.9999999999955408,7.797680814861769e-180,7.135694411586278e-220,1.0412675390146679e-225,9.528688254271507e-266,1.4271388823172556e-219,1.5595361629723538e-179,0.0,9.151047062590974e-41,validated_single_precision,True,0.0,9.151047062590974e-41,9.151047062590974e-41,9.151047062590974e-41,9.151047062590974e-41,9.151047062590974e-41,9.151047062590974e-41,9.151047062590974e-41,9.151047062590974e-41,water_dominant,H2O_s,333.15,2,True,0.0
titi,solved,260,1e-180,333.15,concentration,frozen_gas,frozen_adsorbate,"{'C6H12_g': 1.0, 'H2O2_g': 0.185, 'H2O_g': 0.815, 'C6H12O_g': 1e-20}",CatMAP setup default (no explicit prefactor_list in base file),,H:\catmap\catmap\lyq_alkene_epoxidation\2-creating_microkinetic_model\analysis_ooh\recovery_single_temperature\seeds\titi\Ha_dominant.pkl,numbers,8.651469343150976e-128,8.651469343150976101592712784099537836207e-128,-127.06291012682068,-8.651469343150976e-128,-8.651469343150976e-128,8.651469343150976e-128,9.11842110002337e-76,1.0847289325252005e-83,3.302699986985919e-51,4.7881299198702235e-27,Ha_s,0.999999999999,1.0,3.284445575460249e-91,4.821409341578278e-173,4.17122751094462e-300,6.568891150920498e-91,2.0,0.0,3.284445575460249e-91,failed_steady_state_checks,False,0.0,8.651469343150976e-128,8.651469343150976e-128,8.651469343150976e-128,9.01850367668442e-129,8.651469343150976e-128,3.284445575460249e-91,8.651469343150976e-128,8.651469343150976e-128,Ha_dominant,Ha_s,333.15,1,False,
titi,solved,360,1e-260,333.15,concentration,frozen_gas,frozen_adsorbate,"{'C6H12_g': 1.0, 'H2O2_g': 0.185, 'H2O_g': 0.815, 'C6H12O_g': 1e-20}",CatMAP setup default (no explicit prefactor_list in base file),,H:\catmap\catmap\lyq_alkene_epoxidation\2-creating_microkinetic_model\analysis_ooh\recovery_single_temperature\seeds\titi\Ha_dominant.pkl,numbers,8.651469343150976e-128,8.651469343150976101592712784099537836207e-128,-127.06291012682068,-8.651469343150976e-128,-8.651469343150976e-128,8.651469343150976e-128,9.11842110002337e-76,1.0847289325252005e-83,1.6950694873746336e-69,4.7881299198702235e-27,Ha_s,0.999999999999,2.063044483495837e-05,1.7848734329849938e-132,3.652923220840364e-211,0.0,3.5697468659699875e-132,4.126088966991674e-05,0.0,8.651647830494274e-128,validated_single_precision,True,0.0,8.651469343150976e-128,8.651469343150976e-128,8.651469343150976e-128,8.651469343150976e-128,8.651469343150976e-128,8.651647830494274e-128,8.651469343150976e-128,8.651469343150976e-128,Ha_dominant,Ha_s,333.15,2,False,0.0
titi,solved,460,1e-340,333.15,concentration,frozen_gas,frozen_adsorbate,"{'C6H12_g': 1.0, 'H2O2_g': 0.185, 'H2O_g': 0.815, 'C6H12O_g': 1e-20}",CatMAP setup default (no explicit prefactor_list in base file),,H:\catmap\catmap\lyq_alkene_epoxidation\2-creating_microkinetic_model\analysis_ooh\recovery_single_temperature\seeds\titi\Ha_dominant.pkl,numbers,8.651469343150976e-128,8.651469343150976101592712784099537836207e-128,-127.06291012682068,-8.651469343150976e-128,-8.651469343150976e-128,8.651469343150976e-128,9.11842110002337e-76,1.0847289325252005e-83,1.6950520022656766e-69,4.7881299198702235e-27,Ha_s,0.999999999999,4.392039378885477e-82,3.799759404033956e-209,7.88316136899736e-288,0.0,7.599518808067913e-209,8.784078757770954e-82,0.0,8.651469343150976e-128,validated_single_precision,True,0.0,8.651469343150976e-128,8.651469343150976e-128,8.651469343150976e-128,8.651469343150976e-128,8.651469343150976e-128,8.651469343150976e-128,8.651469343150976e-128,8.651469343150976e-128,Ha_dominant,Ha_s,333.15,3,True,0.0
titi,solved,260,1e-180,333.15,concentration,frozen_gas,frozen_adsorbate,"{'C6H12_g': 1.0, 'H2O2_g': 0.185, 'H2O_g': 0.815, 'C6H12O_g': 1e-20}",CatMAP setup default (no explicit prefactor_list in base file),,H:\catmap\catmap\lyq_alkene_epoxidation\2-creating_microkinetic_model\analysis_ooh\recovery_single_temperature\seeds\titi\Hb_dominant.pkl,numbers,3.441068344568962e-108,3.441068344568962137098042016105409383709e-108,-107.46330670158005,-3.441068344568962e-108,-3.441068344568962e-108,3.441068344568962e-108,4.37690557287775e-13,1.0744131511463518e-12,1.0201697327720868e-96,3.6628983990606505e-42,Hb_s,0.9999999999984879,0.9998595945793683,1.7306547646785264e-91,5.432663455746195e-33,1.8694166244264854e-140,3.4436548913782205e-91,1.9895194892924035,3.152284263397153e-286,1.730897792111098e-91,failed_steady_state_checks,False,0.0,3.441068344568962e-108,3.704284532534916e-93,3.441068344568962e-108,2.430274325716862e-95,3.441068344568962e-108,1.730897792111098e-91,5.184582266543815e-99,3.441068344568962e-108,Hb_dominant,Hb_s,333.15,1,False,
titi,solved,360,1e-260,333.15,concentration,frozen_gas,frozen_adsorbate,"{'C6H12_g': 1.0, 'H2O2_g': 0.185, 'H2O_g': 0.815, 'C6H12O_g': 1e-20}",CatMAP setup default (no explicit prefactor_list in base file),,H:\catmap\catmap\lyq_alkene_epoxidation\2-creating_microkinetic_model\analysis_ooh\recovery_single_temperature\seeds\titi\Hb_dominant.pkl,numbers,1.9309142658560046e-163,1.930914265856004716539979957486134940819e-163,-162.71423700881627,-1.9309142658560046e-163,-1.9309142658560046e-163,1.9309142658560046e-163,4.3769055728777507e-13,1.0744131511463518e-12,1.0422742844950713e-115,3.7422854232986526e-61,Hb_s,0.9999999999984879,0.9934392919687391,3.841227169165119e-131,5.420505459091665e-33,1.0466531319110447e-195,7.733439223269297e-131,2.000064575227334,0.0,3.8665947685165564e-131,failed_steady_state_checks,False,0.0,1.9309142658560046e-163,3.8665947685165564e-131,1.9309142658560046e-163,2.5367599351437693e-133,1.9309142658560046e-163,9.691014639708818e-147,-4.5996985865602175e-139,1.9309142658560046e-163,Hb_dominant,Hb_s,333.15,2,False,55.25093030723622
titi,solved,460,1e-340,333.15,concentration,frozen_gas,frozen_adsorbate,"{'C6H12_g': 1.0, 'H2O2_g': 0.185, 'H2O_g': 0.815, 'C6H12O_g': 1e-20}",CatMAP setup default (no explicit prefactor_list in base file),,H:\catmap\catmap\lyq_alkene_epoxidation\2-creating_microkinetic_model\analysis_ooh\recovery_single_temperature\seeds\titi\Hb_dominant.pkl,numbers,1.3362365171080618e-221,1.336236517108061901109731774936374530987e-221,-220.87411666387865,-1.3362365171080618e-221,-1.3362365171080618e-221,1.3362365171080618e-221,4.3769055728777507e-13,1.0744131511463518e-12,1.066066178723191e-135,3.82771021050396e-81,Hb_s,0.9999999999984879,0.9934392919687393,4.018595349571739e-171,5.420273565833813e-33,7.24276747138267e-254,8.090529804718808e-171,2.0000645752273574,0.0,4.04513429462602e-171,failed_steady_state_checks,False,0.0,1.3362365171080618e-221,4.04513429462602e-171,1.3362365171080618e-221,2.65389450542813e-173,1.3362365171080618e-221,-1.140349805972971e-201,-4.8120986705905254e-179,1.3362365171080618e-221,Hb_dominant,Hb_s,333.15,3,False,58.15987965506238
tita,solved,260,1e-180,333.15,concentration,frozen_gas,frozen_adsorbate,"{'C6H12_g': 1.0, 'H2O2_g': 0.185, 'H2O_g': 0.815, 'C6H12O_g': 1e-20}",CatMAP setup default (no explicit prefactor_list in base file),,H:\catmap\catmap\lyq_alkene_epoxidation\2-creating_microkinetic_model\analysis_ooh\recovery_single_temperature\seeds\tita\vacant.pkl,numbers,4.120212985427616e-157,4.120212985427616340495524196911585712831e-157,-156.38508033348018,-4.120212985427616e-157,-4.120212985427616e-157,4.120212985427616e-157,0.5137522651279266,0.4862477348720734,9.603334170055312e-63,1.8022016371021316e-55,OOH_s,0.5137522651279266,1.0,3.08686622119558e-91,1.5075213050742453e-44,6.2113088569756924e-201,6.152858462848265e-91,1.99323780881738,6.304568526794306e-286,3.08686622119558e-91,failed_steady_state_checks,False,0.0,4.120212985427616e-157,2.098130009863103e-93,4.120212985427616e-157,8.63661373643423e-133,4.120212985427616e-157,2.6355590583647835e-113,3.08686622119558e-91,4.120212985427616e-157,vacant,vacant,333.15,1,False,
tita,solved,360,1e-260,333.15,concentration,frozen_gas,frozen_adsorbate,"{'C6H12_g': 1.0, 'H2O2_g': 0.185, 'H2O_g': 0.815, 'C6H12O_g': 1e-20}",CatMAP setup default (no explicit prefactor_list in base file),,H:\catmap\catmap\lyq_alkene_epoxidation\2-creating_microkinetic_model\analysis_ooh\recovery_single_temperature\seeds\tita\vacant.pkl,numbers,8.109963337577427e-214,8.109963337577427698268827873108044960764e-214,-213.090981109084,-8.109963337577427e-214,-8.109963337577427e-214,8.109963337577427e-214,0.5137522651279266,0.4862477348720734,1.7266351823246028e-72,5.825865701033826e-75,OOH_s,0.5137522651279266,1.0,1.8325986462776443e-131,1.5075212931866798e-44,1.2225942418361287e-257,4.4256944525448184e-131,2.4149829323154,0.0,1.8325986462776443e-131,failed_steady_state_checks,False,0.0,8.109963337577427e-214,6.32102349381246e-132,8.109963337577427e-214,9.025217459377496e-172,8.109963337577427e-214,8.519808663033462e-133,-1.8325986462776443e-131,8.109963337577427e-214,vacant,vacant,333.15,2,False,56.70590077560382
tita,solved,460,1e-340,333.15,concentration,frozen_gas,frozen_adsorbate,"{'C6H12_g': 1.0, 'H2O2_g': 0.185, 'H2O_g': 0.815, 'C6H12O_g': 1e-20}",CatMAP setup default (no explicit prefactor_list in base file),,H:\catmap\catmap\lyq_alkene_epoxidation\2-creating_microkinetic_model\analysis_ooh\recovery_single_temperature\seeds\tita\vacant.pkl,numbers,7.074185627576028e-207,7.074185627576027249048293288471309872975e-207,-206.1503235484265,3.44696991098976e-214,-2.6401849742161606e-211,3.952150394298228e-171,3.3273614480125986e-30,1.0,2.858614329927296e-40,8.279177549123295e-106,OH_s,1.0,1.0,3.952150394298228e-171,1.0,3.952150394298228e-171,5.58918468815473e-171,1.4142135623730951,0.0,3.952150394298228e-171,failed_steady_state_checks,False,0.0,2.6401849742161606e-211,1.2765589124598057e-193,-3.44696991098976e-214,1.1804765387629429e-262,7.074185627576028e-207,2.3170569086980674e-257,8.906919461828324e-184,3.952150394298228e-171,vacant,vacant,333.15,3,False,6.940657560657485
tita,solved,260,1e-180,333.15,concentration,frozen_gas,frozen_adsorbate,"{'C6H12_g': 1.0, 'H2O2_g': 0.185, 'H2O_g': 0.815, 'C6H12O_g': 1e-20}",CatMAP setup default (no explicit prefactor_list in base file),,H:\catmap\catmap\lyq_alkene_epoxidation\2-creating_microkinetic_model\analysis_ooh\recovery_single_temperature\seeds\tita\OOH_dominant.pkl,numbers,1.2931762944690984e-112,1.293176294469098287347502094781803912917e-112,-111.88834226514587,-6.768592795427717e-114,-1.2524751439757589e-114,-5.517660769406721e-114,0.9999999999982397,1.7603081321538763e-12,3.3064292312952015e-52,6.4612851736768575e-55,OOH_s,0.9999999999982397,1.0,4.351532467906954e-91,1.0426675063021624,1.3483529021631655e-112,9.936301313092176e-91,2.28340277508522,2.1015228422647686e-286,4.351532467906954e-91,failed_steady_state_checks,False,0.0,1.2524751439757589e-114,7.77501667910689e-92,6.768592795427717e-114,2.1608310211213234e-131,1.2931762944690984e-112,4.351532467906954e-91,-2.2541578610378437e-91,-5.517660769406721e-114,OOH_dominant,OOH_s,333.15,1,False,
tita,solved,360,1e-260,333.15,concentration,frozen_gas,frozen_adsorbate,"{'C6H12_g': 1.0, 'H2O2_g': 0.185, 'H2O_g': 0.815, 'C6H12O_g': 1e-20}",CatMAP setup default (no explicit prefactor_list in base file),,H:\catmap\catmap\lyq_alkene_epoxidation\2-creating_microkinetic_model\analysis_ooh\recovery_single_temperature\seeds\tita\OOH_dominant.pkl,numbers,1.6778795156882488e-171,1.677879515688248825081254606198910128189e-171,-170.77523922798312,-8.782161604768431e-173,-1.625070299365771e-173,-7.159093480989748e-173,0.9999999999982397,1.7603081321538763e-12,1.9023214339053755e-72,3.7174366715952267e-75,OOH_s,0.9999999999982397,1.0,1.4404280407202988e-131,1.0426675063021624,1.7494704504981462e-171,3.28907796199437e-131,2.283403175315608,0.0,1.4404280407202988e-131,failed_steady_state_checks,False,0.0,1.625070299365771e-173,2.5736745452320665e-132,8.782161604768431e-173,7.152702219361607e-172,1.6778795156882488e-171,1.4404280407202988e-131,-7.461629242563309e-132,-7.159093480989748e-173,OOH_dominant,OOH_s,333.15,2,False,58.886896962837255
tita,solved,460,1e-340,333.15,concentration,frozen_gas,frozen_adsorbate,"{'C6H12_g': 1.0, 'H2O2_g': 0.185, 'H2O_g': 0.815, 'C6H12O_g': 1e-20}",CatMAP setup default (no explicit prefactor_list in base file),,H:\catmap\catmap\lyq_alkene_epoxidation\2-creating_microkinetic_model\analysis_ooh\recovery_single_temperature\seeds\tita\OOH_dominant.pkl,numbers,2.728329902040593e-249,2.72832990204059309964373913921963879131e-249,-248.5641031171632,-1.428030671261524e-250,-2.6424590378642427e-251,-1.1641103328969501e-250,0.9999999999982397,1.7603081321538763e-12,1.1234736109903144e-91,6.8132440348607715e-102,OOH_s,0.9999999999982397,1.0,3.6070687611040537e-171,1.0426675063021624,2.844740935330288e-249,7.214137522208103e-171,1.999999999999999,0.0,3.6070687611040537e-171,failed_steady_state_checks,False,0.0,2.6424590378642427e-251,8.645186345476466e-186,1.428030671261524e-250,2.4026520243066028e-225,2.728329902040593e-249,3.6070687611040537e-171,-2.5064231746907763e-185,-1.1641103328969501e-250,OOH_dominant,OOH_s,333.15,3,False,77.78886388918008
tita,solved,260,1e-180,333.15,concentration,frozen_gas,frozen_adsorbate,"{'C6H12_g': 1.0, 'H2O2_g': 0.185, 'H2O_g': 0.815, 'C6H12O_g': 1e-20}",CatMAP setup default (no explicit prefactor_list in base file),,H:\catmap\catmap\lyq_alkene_epoxidation\2-creating_microkinetic_model\analysis_ooh\recovery_single_temperature\seeds\tita\OH_dominant.pkl,numbers,2.133467578670555e-113,2.133467578670554839956456430008788790264e-113,-112.6709139525288,-1.2285371286176106e-114,-2.2738167051144257e-115,-1.0017084403610592e-114,9.709421393681665e-13,0.9999999999990291,1.8598664426015628e-52,5.2130610964035316e-55,OH_s,0.9999999999990291,1.0,1.4672291272977581e-91,1.046952128561769,2.233638422706661e-113,4.3353455629016187e-91,2.9547842816385197,3.152284263397153e-286,1.4672291272977581e-91,failed_steady_state_checks,False,0.0,2.2738167051144257e-115,5.061183682750255e-92,1.2285371286176106e-114,1.3657209359091756e-143,2.133467578670555e-113,1.3768520699207414e-91,-1.4672291272977581e-91,-1.0017084403610592e-114,OH_dominant,OH_s,333.15,1,False,
tita,solved,360,1e-260,333.15,concentration,frozen_gas,frozen_adsorbate,"{'C6H12_g': 1.0, 'H2O2_g': 0.185, 'H2O_g': 0.815, 'C6H12O_g': 1e-20}",CatMAP setup default (no explicit prefactor_list in base file),,H:\catmap\catmap\lyq_alkene_epoxidation\2-creating_microkinetic_model\analysis_ooh\recovery_single_temperature\seeds\tita\OH_dominant.pkl,numbers,1.476344847106226e-171,1.476344847106225979242517481690120976711e-171,-170.8308121874298,-8.501392181659032e-173,-1.5734654744327428e-173,-6.931753306283673e-173,9.709421393681665e-13,0.9999999999990291,2.909593678134068e-72,5.332059137567373e-75,OH_s,0.9999999999990291,1.0,1.5350991214021394e-131,1.046952128561769,1.5456623801690628e-171,4.375972655833143e-131,2.850612442430549,0.0,1.5350991214021394e-131,failed_steady_state_checks,False,0.0,1.5734654744327428e-173,5.294883201414236e-132,8.501392181659032e-173,1.4287829279959473e-183,1.476344847106226e-171,1.2964606891992494e-131,-1.5350991214021394e-131,-6.931753306283673e-173,OH_dominant,OH_s,333.15,2,False,58.15989823490101
tita,solved,460,1e-340,333.15,concentration,frozen_gas,frozen_adsorbate,"{'C6H12_g': 1.0, 'H2O2_g': 0.185, 'H2O_g': 0.815, 'C6H12O_g': 1e-20}",CatMAP setup default (no explicit prefactor_list in base file),,H:\catmap\catmap\lyq_alkene_epoxidation\2-creating_microkinetic_model\analysis_ooh\recovery_single_temperature\seeds\tita\OH_dominant.pkl,numbers,3.050598008797127e-284,3.050598008797127164415935881186303034894e-284,-283.5156150175505,-1.756658013350116e-285,-3.251280114279924e-286,-1.4323206989931526e-285,9.709421393681665e-13,0.9999999999990291,1.0210214366357026e-91,9.905732797884432e-114,OH_s,0.9999999999990291,1.0,2.979191294638344e-171,1.0469521285617678,3.193830078696442e-284,5.958382589276688e-171,2.0,0.0,2.979191294638344e-171,failed_steady_state_checks,False,0.0,3.251280114279924e-286,1.8274255278348885e-209,1.756658013350116e-285,4.931165234498635e-261,3.050598008797127e-284,2.979191294638344e-171,-5.29809481247735e-209,-1.4323206989931526e-285,OH_dominant,OH_s,333.15,3,False,112.68480283012067
tita,solved,260,1e-180,333.15,concentration,frozen_gas,frozen_adsorbate,"{'C6H12_g': 1.0, 'H2O2_g': 0.185, 'H2O_g': 0.815, 'C6H12O_g': 1e-20}",CatMAP setup default (no explicit prefactor_list in base file),,H:\catmap\catmap\lyq_alkene_epoxidation\2-creating_microkinetic_model\analysis_ooh\recovery_single_temperature\seeds\tita\O_dominant.pkl,numbers,7.365559472803786e-67,7.365559472803785927898933150393656554643e-67,-66.13279425944955,-7.365559472803786e-67,-7.365559472803786e-67,7.365559472803786e-67,1.292172565365722e-12,4.2940389979333514e-14,0.9999999999876592,1.0494243055137235e-16,O_s,0.9999999999876592,3.6401993508151096e-31,2.6812104811290423e-97,1.0814273539150421e-207,7.965317490778071e-274,5.362420962258085e-97,7.280398701630219e-31,2.1015228422647686e-286,7.365559472803786e-67,validated_single_precision,True,0.0,7.365559472803786e-67,7.365559472803786e-67,7.365559472803786e-67,7.365559472803786e-67,7.365559472803786e-67,7.365559472803786e-67,7.365559472803786e-67,7.365559472803786e-67,O_dominant,O_s,333.15,1,False,
tita,solved,360,1e-260,333.15,concentration,frozen_gas,frozen_adsorbate,"{'C6H12_g': 1.0, 'H2O2_g': 0.185, 'H2O_g': 0.815, 'C6H12O_g': 1e-20}",CatMAP setup default (no explicit prefactor_list in base file),,H:\catmap\catmap\lyq_alkene_epoxidation\2-creating_microkinetic_model\analysis_ooh\recovery_single_temperature\seeds\tita\O_dominant.pkl,numbers,7.365559472803786e-67,7.365559472803785927898933150393656554643e-67,-66.13279425944955,-7.365559472803786e-67,-7.365559472803786e-67,7.365559472803786e-67,1.292172565365722e-12,4.2940389979333514e-14,0.9999999999876592,1.0494243055137235e-16,O_s,0.9999999999876592,2.7435993893381437e-124,2.0208144471718246e-190,8.150661933255137e-301,0.0,4.041628894343649e-190,5.487198778676287e-124,0.0,7.365559472803786e-67,validated_single_precision,True,0.0,7.365559472803786e-67,7.365559472803786e-67,7.365559472803786e-67,7.365559472803786e-67,7.365559472803786e-67,7.365559472803786e-67,7.365559472803786e-67,7.365559472803786e-67,O_dominant,O_s,333.15,2,True,0.0
tita,solved,260,1e-180,333.15,concentration,frozen_gas,frozen_adsorbate,"{'C6H12_g': 1.0, 'H2O2_g': 0.185, 'H2O_g': 0.815, 'C6H12O_g': 1e-20}",CatMAP setup default (no explicit prefactor_list in base file),,H:\catmap\catmap\lyq_alkene_epoxidation\2-creating_microkinetic_model\analysis_ooh\recovery_single_temperature\seeds\tita\alkene_dominant.pkl,numbers,1.2893123122933675e-172,1.289312312293367567991880335126500804492e-172,-171.8896418700192,9.876239024344798e-151,-2.0238794473289423e-161,-6.242067051929838e-161,0.999528639167197,0.0004713608328029445,5.374921683557487e-64,5.823816427458665e-55,OOH_s,0.999528639167197,1.0,1.831309980840006e-91,1.0,9.876239024344798e-151,4.4314552362156206e-91,2.419828037077017,2.1015228422647686e-286,1.831309980840006e-91,failed_steady_state_checks,False,0.0,2.0238794473289423e-161,6.316577424179787e-92,-9.876239024344798e-151,1.7546624564648531e-131,1.2893123122933675e-172,8.256062099838324e-116,-1.831309980840006e-91,-6.242067051929838e-161,alkene_dominant,C6H12_s,333.15,1,False,
tita,solved,360,1e-260,333.15,concentration,frozen_gas,frozen_adsorbate,"{'C6H12_g': 1.0, 'H2O2_g': 0.185, 'H2O_g': 0.815, 'C6H12O_g': 1e-20}",CatMAP setup default (no explicit prefactor_list in base file),,H:\catmap\catmap\lyq_alkene_epoxidation\2-creating_microkinetic_model\analysis_ooh\recovery_single_temperature\seeds\tita\alkene_dominant.pkl,numbers,6.48102278476947e-225,6.481022784769469407887043874188707925015e-225,-224.18835645173274,6.834289275427694e-209,-1.4005170972052662e-219,-4.319460859169794e-219,0.999528639167197,0.0004713608328029445,5.435921944578304e-74,5.956756121459854e-75,OOH_s,0.999528639167197,1.0,1.9158704883958765e-131,1.0,6.834289275427694e-209,4.636065089503152e-131,2.4198217560023307,0.0,1.9158704883958765e-131,failed_steady_state_checks,False,0.0,1.4005170972052662e-219,6.608244590630545e-132,-6.834289275427694e-209,1.8356837742429829e-171,6.48102278476947e-225,8.44452243042712e-136,-1.9158704883958765e-131,-4.319460859169794e-219,alkene_dominant,C6H12_s,333.15,2,False,52.29871458171354
tita,solved,460,1e-340,333.15,concentration,frozen_gas,frozen_adsorbate,"{'C6H12_g': 1.0, 'H2O2_g': 0.185, 'H2O_g': 0.815, 'C6H12O_g': 1e-20}",CatMAP setup default (no explicit prefactor_list in base file),,H:\catmap\catmap\lyq_alkene_epoxidation\2-creating_microkinetic_model\analysis_ooh\recovery_single_temperature\seeds\tita\alkene_dominant.pkl,numbers,7.074185627576028e-207,7.074185627576027249048293288471309872975e-207,-206.1503235484265,3.44696991098976e-214,-2.6401849742161606e-211,3.952150394298228e-171,3.3273614480125986e-30,1.0,2.858614329927296e-40,8.279177549123295e-106,OH_s,1.0,1.0,3.952150394298228e-171,1.0,3.952150394298228e-171,5.58918468815473e-171,1.4142135623730951,0.0,3.952150394298228e-171,failed_steady_state_checks,False,0.0,2.6401849742161606e-211,1.2765589124598057e-193,-3.44696991098976e-214,1.1804765387629429e-262,7.074185627576028e-207,2.3170569086980674e-257,8.906919461828324e-184,3.952150394298228e-171,alkene_dominant,C6H12_s,333.15,3,False,18.03803290330623
tita,solved,260,1e-180,333.15,concentration,frozen_gas,frozen_adsorbate,"{'C6H12_g': 1.0, 'H2O2_g': 0.185, 'H2O_g': 0.815, 'C6H12O_g': 1e-20}",CatMAP setup default (no explicit prefactor_list in base file),,H:\catmap\catmap\lyq_alkene_epoxidation\2-creating_microkinetic_model\analysis_ooh\recovery_single_temperature\seeds\tita\water_dominant.pkl,numbers,3.3183263791995368e-127,3.318326379199536725643717968304445779875e-127,-126.47908090049539,-8.99421824502316e-121,-1.663930375584183e-121,-7.330287870816806e-121,1.9078550979160383e-12,0.9999999999980922,2.329411011274438e-62,5.143708475574956e-55,OH_s,0.9999999999980922,1.0,1.3271130340955215e-91,0.9999996310600556,8.994214926696783e-121,3.2606422155274175e-91,2.456943856142345,1.0507614211323843e-286,1.3271130340955215e-91,failed_steady_state_checks,False,0.0,1.663930375584183e-121,4.927415243196979e-92,8.99421824502316e-121,2.6126489969644495e-143,3.3183263791995368e-127,1.5982933971628404e-112,-1.3271130340955215e-91,-7.330287870816806e-121,water_dominant,H2O_s,333.15,1,False,
tita,solved,360,1e-260,333.15,concentration,frozen_gas,frozen_adsorbate,"{'C6H12_g': 1.0, 'H2O2_g': 0.185, 'H2O_g': 0.815, 'C6H12O_g': 1e-20}",CatMAP setup default (no explicit prefactor_list in base file),,H:\catmap\catmap\lyq_alkene_epoxidation\2-creating_microkinetic_model\analysis_ooh\recovery_single_temperature\seeds\tita\water_dominant.pkl,numbers,2.2962589635417132e-185,2.296258963541713094161589371985478790363e-185,-184.63897913539637,-6.223936980595285e-179,-1.1514283415865156e-179,-5.072508639962217e-179,1.9078550979160383e-12,0.9999999999980922,2.3530480758752514e-72,5.261123411174607e-75,OH_s,0.9999999999980922,1.0,1.4945260400024841e-131,0.9999996310600556,6.223934684336322e-179,3.607777336010415e-131,2.41399429614784,0.0,1.4945260400024841e-131,failed_steady_state_checks,False,0.0,1.1514283415865156e-179,5.154938021024134e-132,6.223936980595285e-179,2.733287735113691e-183,2.2962589635417132e-185,1.5823052555912034e-132,-1.4945260400024841e-131,-5.072508639962217e-179,water_dominant,H2O_s,333.15,2,False,58.15989823490098
tita,solved,460,1e-340,333.15,concentration,frozen_gas,frozen_adsorbate,"{'C6H12_g': 1.0, 'H2O2_g': 0.185, 'H2O_g': 0.815, 'C6H12O_g': 1e-20}",CatMAP setup default (no explicit prefactor_list in base file),,H:\catmap\catmap\lyq_alkene_epoxidation\2-creating_microkinetic_model\analysis_ooh\recovery_single_temperature\seeds\tita\water_dominant.pkl,numbers,5.11497891836534e-298,5.114978918365339597541625087702102011892e-298,-297.291156151914,-1.28606337087221e-291,-2.379217538172781e-292,-1.0481415802341876e-291,1.9078550979160383e-12,0.9999999999980922,1.0142070525225693e-91,9.773950622679386e-114,OH_s,0.9999999999980922,1.0,2.939557244619297e-171,0.9999996022762926,1.2860628593743182e-291,5.879114489238594e-171,2.0,0.0,2.939557244619297e-171,failed_steady_state_checks,False,0.0,2.379217538172781e-292,1.7791261819543175e-209,1.28606337087221e-291,9.433408806318252e-261,5.11497891836534e-298,2.939557244619297e-171,-5.15806474834714e-209,-1.0481415802341876e-291,water_dominant,H2O_s,333.15,3,False,112.65217701651761
tita,solved,260,1e-180,333.15,concentration,frozen_gas,frozen_adsorbate,"{'C6H12_g': 1.0, 'H2O2_g': 0.185, 'H2O_g': 0.815, 'C6H12O_g': 1e-20}",CatMAP setup default (no explicit prefactor_list in base file),,H:\catmap\catmap\lyq_alkene_epoxidation\2-creating_microkinetic_model\analysis_ooh\recovery_single_temperature\seeds\tita\Ha_dominant.pkl,numbers,9.705178167293296e-84,9.705178167293296252900745941836676678101e-84,-83.01299648744079,-9.705178167293296e-84,-9.705178167293296e-84,9.705178167293296e-84,7.027114557496576e-28,2.3351915031793882e-29,1.56149239748798e-48,1.6335098059150454e-17,Ha_s,0.9999999999982904,7.893274404366012e-10,7.660563447817495e-93,1.3524524698237374e-139,1.3125792182435232e-222,1.532103969242845e-92,1.5786458956485145e-09,2.1015228422647686e-286,9.70517817495386e-84,validated_single_precision,True,0.0,9.705178167293296e-84,9.705178167293471e-84,9.705178167293296e-84,9.705178167293296e-84,9.705178167293296e-84,9.70517817495386e-84,9.70517816729279e-84,9.705178167293296e-84,Ha_dominant,Ha_s,333.15,1,False,
tita,solved,360,1e-260,333.15,concentration,frozen_gas,frozen_adsorbate,"{'C6H12_g': 1.0, 'H2O2_g': 0.185, 'H2O_g': 0.815, 'C6H12O_g': 1e-20}",CatMAP setup default (no explicit prefactor_list in base file),,H:\catmap\catmap\lyq_alkene_epoxidation\2-creating_microkinetic_model\analysis_ooh\recovery_single_temperature\seeds\tita\Ha_dominant.pkl,numbers,9.705178167293296e-84,9.705178167293296252900745941836676678101e-84,-83.01299648744079,-9.705178167293296e-84,-9.705178167293296e-84,9.705178167293296e-84,7.027114557496576e-28,2.3351915031793882e-29,1.5614923968717154e-48,1.6335098059150454e-17,Ha_s,0.9999999999982904,1.5713628573626737e-76,1.525035649617183e-159,2.6926370834800744e-206,2.6132522635035117e-289,3.050053937694353e-159,3.1427078257801744e-76,0.0,9.705178167293296e-84,validated_single_precision,True,0.0,9.705178167293296e-84,9.705178167293296e-84,9.705178167293296e-84,9.705178167293296e-84,9.705178167293296e-84,9.705178167293296e-84,9.705178167293296e-84,9.705178167293296e-84,Ha_dominant,Ha_s,333.15,2,True,0.0
tita,solved,260,1e-180,333.15,concentration,frozen_gas,frozen_adsorbate,"{'C6H12_g': 1.0, 'H2O2_g': 0.185, 'H2O_g': 0.815, 'C6H12O_g': 1e-20}",CatMAP setup default (no explicit prefactor_list in base file),,H:\catmap\catmap\lyq_alkene_epoxidation\2-creating_microkinetic_model\analysis_ooh\recovery_single_temperature\seeds\tita\Hb_dominant.pkl,numbers,7.365559472803786e-67,7.365559472803785927898933150393656554643e-67,-66.13279425944955,-7.365559472803786e-67,-7.365559472803786e-67,7.365559472803786e-67,1.292172565365722e-12,4.2940389979333514e-14,1.8504696897772803e-79,1.0494243055137235e-16,Hb_s,0.9999999999876592,3.6401993508151096e-31,2.6812104811290423e-97,1.0814273539150423e-207,7.965317490778072e-274,5.362420962258085e-97,7.280398701630219e-31,4.2030456845295373e-286,7.365559472803786e-67,validated_single_precision,True,0.0,7.365559472803786e-67,7.365559472803786e-67,7.365559472803786e-67,7.365559472803786e-67,7.365559472803786e-67,7.365559472803786e-67,7.365559472803786e-67,7.365559472803786e-67,Hb_dominant,Hb_s,333.15,1,False,
tita,solved,360,1e-260,333.15,concentration,frozen_gas,frozen_adsorbate,"{'C6H12_g': 1.0, 'H2O2_g': 0.185, 'H2O_g': 0.815, 'C6H12O_g': 1e-20}",CatMAP setup default (no explicit prefactor_list in base file),,H:\catmap\catmap\lyq_alkene_epoxidation\2-creating_microkinetic_model\analysis_ooh\recovery_single_temperature\seeds\tita\Hb_dominant.pkl,numbers,7.365559472803786e-67,7.365559472803785927898933150393656554643e-67,-66.13279425944955,-7.365559472803786e-67,-7.365559472803786e-67,7.365559472803786e-67,1.292172565365722e-12,4.2940389979333514e-14,1.8504696897772803e-79,1.0494243055137235e-16,Hb_s,0.9999999999876592,2.7435993893381437e-124,2.0208144471718246e-190,8.150661933255137e-301,0.0,4.041628894343649e-190,5.487198778676287e-124,0.0,7.365559472803786e-67,validated_single_precision,True,0.0,7.365559472803786e-67,7.365559472803786e-67,7.365559472803786e-67,7.365559472803786e-67,7.365559472803786e-67,7.365559472803786e-67,7.365559472803786e-67,7.365559472803786e-67,Hb_dominant,Hb_s,333.15,2,True,0.0
ticr,solved,260,1e-180,333.15,concentration,frozen_gas,frozen_adsorbate,"{'C6H12_g': 1.0, 'H2O2_g': 0.185, 'H2O_g': 0.815, 'C6H12O_g': 1e-20}",CatMAP setup default (no explicit prefactor_list in base file),,H:\catmap\catmap\lyq_alkene_epoxidation\2-creating_microkinetic_model\analysis_ooh\recovery_single_temperature\seeds\ticr\vacant.pkl,numbers,4.8669279750159574e-170,4.86692797501595732918056939024981014561e-170,-169.31274508077203,-1.115558762099597e-171,-1.1155587620995962e-171,1.1155587620995974e-171,0.9047921321805158,0.09520786781948416,9.447689860168221e-52,6.683900336437733e-65,OOH_s,0.9047921321805158,1.0,4.4485985066599035e-91,0.9770787904027707,4.7553720988059976e-170,8.897197013319807e-91,2.0,1.0507614211323843e-286,4.4485985066599035e-91,failed_steady_state_checks,False,0.0,1.1155587620995962e-171,7.698865133149366e-126,1.115558762099597e-171,5.126881372848184e-122,4.8669279750159574e-170,4.4485985066599035e-91,-1.0631580286442854e-128,1.1155587620995974e-171,vacant,vacant,333.15,1,False,
ticr,solved,360,1e-260,333.15,concentration,frozen_gas,frozen_adsorbate,"{'C6H12_g': 1.0, 'H2O2_g': 0.185, 'H2O_g': 0.815, 'C6H12O_g': 1e-20}",CatMAP setup default (no explicit prefactor_list in base file),,H:\catmap\catmap\lyq_alkene_epoxidation\2-creating_microkinetic_model\analysis_ooh\recovery_single_temperature\seeds\ticr\vacant.pkl,numbers,5.312661202000973e-169,5.312661202000972582297227882241213423227e-169,-168.2746878789506,-2.8951766662601415e-186,-2.8951766662601415e-186,2.8951766662601415e-186,1.2486144941097852e-16,0.9999999999999999,9.606230370274393e-28,1.510516399064767e-67,OH_s,0.9999999999999999,0.9999999999990811,3.932037671437974e-131,1.0,5.312661202000973e-169,7.869172203885425e-131,2.0012962391075924,0.0,3.932037671441588e-131,failed_steady_state_checks,False,0.0,2.8951766662601415e-186,3.932037671441588e-131,2.8951766662601415e-186,3.6134644255240487e-143,5.312661202000973e-169,2.1158861751976344e-141,-5.091918851330546e-134,2.8951766662601415e-186,vacant,vacant,333.15,2,False,1.038057201821431
ticr,solved,460,1e-340,333.15,concentration,frozen_gas,frozen_adsorbate,"{'C6H12_g': 1.0, 'H2O2_g': 0.185, 'H2O_g': 0.815, 'C6H12O_g': 1e-20}",CatMAP setup default (no explicit prefactor_list in base file),,H:\catmap\catmap\lyq_alkene_epoxidation\2-creating_microkinetic_model\analysis_ooh\recovery_single_temperature\seeds\ticr\vacant.pkl,numbers,3.676324903368242e-227,3.676324903368241925175884945715805062365e-227,-226.4345861138516,-2.00344228120814e-244,-2.00344228120814e-244,2.00344228120814e-244,1.2486144941097852e-16,0.9999999999999999,9.606230370274393e-28,1.5449968107289567e-87,OH_s,0.9999999999999999,0.9999999999990811,4.1135990153416895e-171,1.0,3.676324903368242e-227,8.232884494929389e-171,2.001382357448365,0.0,4.11359901534547e-171,failed_steady_state_checks,False,0.0,2.00344228120814e-244,4.11359901534547e-171,2.00344228120814e-244,3.7803156899491135e-183,3.676324903368242e-227,2.213586952661367e-181,-5.680585050356293e-174,2.00344228120814e-244,vacant,vacant,333.15,3,False,58.15989823490099
ticr,solved,260,1e-180,333.15,concentration,frozen_gas,frozen_adsorbate,"{'C6H12_g': 1.0, 'H2O2_g': 0.185, 'H2O_g': 0.815, 'C6H12O_g': 1e-20}",CatMAP setup default (no explicit prefactor_list in base file),,H:\catmap\catmap\lyq_alkene_epoxidation\2-creating_microkinetic_model\analysis_ooh\recovery_single_temperature\seeds\ticr\OOH_dominant.pkl,numbers,7.881887156142642e-125,7.881887156142641135112653545724966702886e-125,-124.10336978715823,-5.3459738832835056e-136,-5.3459738832835056e-136,5.3459738832835056e-136,0.9999999999977613,2.238705749363747e-12,8.173147229232026e-52,2.127321739373718e-54,OOH_s,0.9999999999977613,0.9999999998275909,3.3292821303024746e-91,0.9999999999932174,7.881887156089181e-125,6.658564260891925e-91,1.999999999741379,5.253807105661922e-286,3.329282130876473e-91,failed_steady_state_checks,False,0.0,5.3459738832835056e-136,4.772201785952118e-105,5.3459738832835056e-136,5.739986602664478e-101,7.881887156142642e-125,3.329282130876473e-91,-1.0769715934500712e-107,5.3459738832835056e-136,OOH_dominant,OOH_s,333.15,1,False,
ticr,solved,360,1e-260,333.15,concentration,frozen_gas,frozen_adsorbate,"{'C6H12_g': 1.0, 'H2O2_g': 0.185, 'H2O_g': 0.815, 'C6H12O_g': 1e-20}",CatMAP setup default (no explicit prefactor_list in base file),,H:\catmap\catmap\lyq_alkene_epoxidation\2-creating_microkinetic_model\analysis_ooh\recovery_single_temperature\seeds\ticr\OOH_dominant.pkl,numbers,3.774277236426068e-241,3.774277236426067650880693035831931552808e-241,-240.4231662022559,-4.754384752095917e-248,-4.754384752095917e-248,4.754384752095917e-248,0.9999999999977613,2.238705749363747e-12,8.359714870091505e-72,2.2255505525719983e-94,OOH_s,0.9999999999977613,1.0,3.483011313640973e-131,0.9999998740319151,3.7742767609875924e-241,6.966022627281946e-131,2.0,0.0,3.483011313640973e-131,failed_steady_state_checks,False,0.0,4.754384752095917e-248,8.53575041708714e-185,4.754384752095917e-248,6.282311252953503e-181,3.774277236426068e-241,3.483011313640973e-131,-1.1787258809556763e-187,4.754384752095917e-248,OOH_dominant,OOH_s,333.15,2,False,116.31979641509768
ticr,solved,460,1e-340,333.15,concentration,frozen_gas,frozen_adsorbate,"{'C6H12_g': 1.0, 'H2O2_g': 0.185, 'H2O_g': 0.815, 'C6H12O_g': 1e-20}",CatMAP setup default (no explicit prefactor_list in base file),,H:\catmap\catmap\lyq_alkene_epoxidation\2-creating_microkinetic_model\analysis_ooh\recovery_single_temperature\seeds\ticr\OOH_dominant.pkl,numbers,3.676324903368242e-227,3.676324903368241925175884945715805062365e-227,-226.4345861138516,-2.00344228120814e-244,-2.00344228120814e-244,2.00344228120814e-244,1.2486144941097852e-16,0.9999999999999999,9.606230370274393e-28,1.5449968107289567e-87,OH_s,0.9999999999999999,0.9999999999990811,4.1135990153416895e-171,1.0,3.676324903368242e-227,8.232884494929389e-171,2.001382357448365,0.0,4.11359901534547e-171,failed_steady_state_checks,False,0.0,2.00344228120814e-244,4.11359901534547e-171,2.00344228120814e-244,3.7803156899491135e-183,3.676324903368242e-227,2.213586952661367e-181,-5.680585050356293e-174,2.00344228120814e-244,OOH_dominant,OOH_s,333.15,3,False,13.98858008840432
ticr,solved,260,1e-180,333.15,concentration,frozen_gas,frozen_adsorbate,"{'C6H12_g': 1.0, 'H2O2_g': 0.185, 'H2O_g': 0.815, 'C6H12O_g': 1e-20}",CatMAP setup default (no explicit prefactor_list in base file),,H:\catmap\catmap\lyq_alkene_epoxidation\2-creating_microkinetic_model\analysis_ooh\recovery_single_temperature\seeds\ticr\OH_dominant.pkl,numbers,6.254581256258821e-164,6.254581256258820804591333144560100685285e-164,-163.20380176097996,-5.472184920226857e-173,-5.472184920226857e-173,5.472184920226857e-173,2.2436665228227543e-12,0.9999999999977564,8.284913664217386e-52,4.893589351001668e-66,OH_s,0.9999999999977564,1.0,3.4209594739660037e-91,0.9999999991250917,6.254581250786636e-164,6.841918947932007e-91,2.0,4.2030456845295373e-286,3.4209594739660037e-91,failed_steady_state_checks,False,0.0,5.472184920226857e-173,4.1268798560445037e-128,5.472184920226857e-173,6.814874698706046e-136,6.254581256258821e-164,3.4209594739660037e-91,-5.698921209966011e-131,5.472184920226857e-173,OH_dominant,OH_s,333.15,1,False,
ticr,solved,360,1e-260,333.15,concentration,frozen_gas,frozen_adsorbate,"{'C6H12_g': 1.0, 'H2O2_g': 0.185, 'H2O_g': 0.815, 'C6H12O_g': 1e-20}",CatMAP setup default (no explicit prefactor_list in base file),,H:\catmap\catmap\lyq_alkene_epoxidation\2-creating_microkinetic_model\analysis_ooh\recovery_single_temperature\seeds\ticr\OH_dominant.pkl,numbers,5.989207129702258e-253,5.989207129702257524452935991249244799234e-253,-252.2226306670909,-5.989207129702258e-253,-5.989207129702258e-253,5.989207129702258e-253,2.2436665228227543e-12,0.9999999999977564,8.474032586674208e-72,5.119550222519933e-106,OH_s,0.9999999999977564,1.0,3.578921846515265e-131,5.000718821942481e-28,2.9950340822014183e-280,7.15784369303053e-131,2.0,0.0,3.578921846515265e-131,failed_steady_state_checks,False,0.0,5.989207129702258e-253,4.516795169379075e-208,5.989207129702258e-253,7.458756783034201e-216,5.989207129702258e-253,3.578921846515265e-131,-6.237370008458556e-211,5.989207129702258e-253,OH_dominant,OH_s,333.15,2,False,89.01882890611094
ticr,solved,460,1e-340,333.15,concentration,frozen_gas,frozen_adsorbate,"{'C6H12_g': 1.0, 'H2O2_g': 0.185, 'H2O_g': 0.815, 'C6H12O_g': 1e-20}",CatMAP setup default (no explicit prefactor_list in base file),,H:\catmap\catmap\lyq_alkene_epoxidation\2-creating_microkinetic_model\analysis_ooh\recovery_single_temperature\seeds\ticr\OH_dominant.pkl,numbers,3.676324903368242e-227,3.676324903368241925175884945715805062365e-227,-226.4345861138516,-2.00344228120814e-244,-2.00344228120814e-244,2.00344228120814e-244,1.2486144941097852e-16,0.9999999999999999,9.606230370274393e-28,1.5449968107289567e-87,OH_s,0.9999999999999999,0.9999999999990811,4.1135990153416895e-171,1.0,3.676324903368242e-227,8.232884494929389e-171,2.001382357448365,0.0,4.11359901534547e-171,failed_steady_state_checks,False,0.0,2.00344228120814e-244,4.11359901534547e-171,2.00344228120814e-244,3.7803156899491135e-183,3.676324903368242e-227,2.213586952661367e-181,-5.680585050356293e-174,2.00344228120814e-244,OH_dominant,OH_s,333.15,3,False,25.788044553239303
ticr,solved,260,1e-180,333.15,concentration,frozen_gas,frozen_adsorbate,"{'C6H12_g': 1.0, 'H2O2_g': 0.185, 'H2O_g': 0.815, 'C6H12O_g': 1e-20}",CatMAP setup default (no explicit prefactor_list in base file),,H:\catmap\catmap\lyq_alkene_epoxidation\2-creating_microkinetic_model\analysis_ooh\recovery_single_temperature\seeds\ticr\O_dominant.pkl,numbers,6.313024819646369e-111,6.313024819646368968453594730922869141214e-111,-110.19976250324127,-1.024520833877217e-127,-1.024520833877217e-127,1.024520833877217e-127,7.531996745177204e-13,7.987596401174456e-13,0.999999999998448,1.3151128284251855e-47,O_s,0.999999999998448,0.9999999944564514,2.980525259305122e-91,1.0,6.313024819646369e-111,5.965162504775997e-91,2.0013796068611556,2.1015228422647686e-286,2.9805252758278085e-91,failed_steady_state_checks,False,0.0,1.024520833877217e-127,2.9805252758278085e-91,1.024520833877217e-127,1.6522686941793578e-99,6.313024819646369e-111,1.6408077394808546e-96,-4.1158915263160455e-94,1.024520833877217e-127,O_dominant,O_s,333.15,1,False,
ticr,solved,360,1e-260,333.15,concentration,frozen_gas,frozen_adsorbate,"{'C6H12_g': 1.0, 'H2O2_g': 0.185, 'H2O_g': 0.815, 'C6H12O_g': 1e-20}",CatMAP setup default (no explicit prefactor_list in base file),,H:\catmap\catmap\lyq_alkene_epoxidation\2-creating_microkinetic_model\analysis_ooh\recovery_single_temperature\seeds\ticr\O_dominant.pkl,numbers,4.368569625954383e-169,4.368569625954382760212700615419991979362e-169,-168.35966073814225,-7.0896134962329536e-186,-7.0896134962329536e-186,7.0896134962329536e-186,7.531996745177204e-13,7.987596401174456e-13,0.999999999998448,1.345132781692183e-67,O_s,0.999999999998448,0.9999999944564514,3.1181506375028576e-131,1.0,4.368569625954383e-169,6.240611708457245e-131,2.0013823574796397,0.0,3.1181506547884777e-131,failed_steady_state_checks,False,0.0,7.0896134962329536e-186,3.1181506547884777e-131,7.0896134962329536e-186,1.7285619928891676e-139,4.368569625954383e-169,1.1354276369103638e-154,-4.3059422990630595e-134,7.0896134962329536e-186,O_dominant,O_s,333.15,2,False,58.15989823490098
ticr,solved,460,1e-340,333.15,concentration,frozen_gas,frozen_adsorbate,"{'C6H12_g': 1.0, 'H2O2_g': 0.185, 'H2O_g': 0.815, 'C6H12O_g': 1e-20}",CatMAP setup default (no explicit prefactor_list in base file),,H:\catmap\catmap\lyq_alkene_epoxidation\2-creating_microkinetic_model\analysis_ooh\recovery_single_temperature\seeds\ticr\O_dominant.pkl,numbers,3.0230200453861433e-227,3.023020045386143341144654975653005171796e-227,-226.51955897304325,-4.9059636330033373e-244,-4.9059636330033373e-244,4.9059636330033373e-244,7.531996745177204e-13,7.987596401174456e-13,0.999999999998448,1.3758379975272842e-87,O_s,0.999999999998448,0.9999999944564514,3.262130850192988e-171,1.0,3.0230200453861433e-227,6.528771167558865e-171,2.0013823574796397,0.0,3.2621308682767697e-171,failed_steady_state_checks,False,0.0,4.9059636330033373e-244,3.2621308682767697e-171,4.9059636330033373e-244,1.8083781250512657e-179,3.0230200453861433e-227,7.857080922026785e-213,-4.50476864202224e-174,4.9059636330033373e-244,O_dominant,O_s,333.15,3,False,58.15989823490099
ticr,solved,260,1e-180,333.15,concentration,frozen_gas,frozen_adsorbate,"{'C6H12_g': 1.0, 'H2O2_g': 0.185, 'H2O_g': 0.815, 'C6H12O_g': 1e-20}",CatMAP setup default (no explicit prefactor_list in base file),,H:\catmap\catmap\lyq_alkene_epoxidation\2-creating_microkinetic_model\analysis_ooh\recovery_single_temperature\seeds\ticr\alkene_dominant.pkl,numbers,6.254884007260628e-116,6.254884007260627972559011287262042751576e-116,-115.20378073960345,-3.4086484229718646e-133,-3.4086484229718646e-133,3.4086484229718646e-133,1.2486144941097852e-16,0.9999999999999999,9.606230370274393e-28,2.6313643674436706e-49,OH_s,0.9999999999999999,0.9999999999999997,3.014550771462692e-91,1.0,6.254884007260628e-116,6.027908654607161e-91,1.9996042898565458,0.0,3.014550771462693e-91,failed_steady_state_checks,False,0.0,3.4086484229718646e-133,1.1932426271792676e-94,3.4086484229718646e-133,1.0965662449392817e-106,6.254884007260628e-116,6.421010655221593e-105,3.014550771462693e-91,3.4086484229718646e-133,alkene_dominant,C6H12_s,333.15,1,False,
ticr,solved,360,1e-260,333.15,concentration,frozen_gas,frozen_adsorbate,"{'C6H12_g': 1.0, 'H2O2_g': 0.185, 'H2O_g': 0.815, 'C6H12O_g': 1e-20}",CatMAP setup default (no explicit prefactor_list in base file),,H:\catmap\catmap\lyq_alkene_epoxidation\2-creating_microkinetic_model\analysis_ooh\recovery_single_temperature\seeds\ticr\alkene_dominant.pkl,numbers,5.312661202000973e-169,5.312661202000972582297227882241213423227e-169,-168.2746878789506,-2.8951766662601415e-186,-2.8951766662601415e-186,2.8951766662601415e-186,1.2486144941097852e-16,0.9999999999999999,9.606230370274393e-28,1.510516399064767e-67,OH_s,0.9999999999999999,0.9999999999990811,3.932037671437974e-131,1.0,5.312661202000973e-169,7.869172203885425e-131,2.0012962391075924,0.0,3.932037671441588e-131,failed_steady_state_checks,False,0.0,2.8951766662601415e-186,3.932037671441588e-131,2.8951766662601415e-186,3.6134644255240487e-143,5.312661202000973e-169,2.1158861751976344e-141,-5.091918851330546e-134,2.8951766662601415e-186,alkene_dominant,C6H12_s,333.15,2,False,53.070907139347156
ticr,solved,460,1e-340,333.15,concentration,frozen_gas,frozen_adsorbate,"{'C6H12_g': 1.0, 'H2O2_g': 0.185, 'H2O_g': 0.815, 'C6H12O_g': 1e-20}",CatMAP setup default (no explicit prefactor_list in base file),,H:\catmap\catmap\lyq_alkene_epoxidation\2-creating_microkinetic_model\analysis_ooh\recovery_single_temperature\seeds\ticr\alkene_dominant.pkl,numbers,3.676324903368242e-227,3.676324903368241925175884945715805062365e-227,-226.4345861138516,-2.00344228120814e-244,-2.00344228120814e-244,2.00344228120814e-244,1.2486144941097852e-16,0.9999999999999999,9.606230370274393e-28,1.5449968107289567e-87,OH_s,0.9999999999999999,0.9999999999990811,4.1135990153416895e-171,1.0,3.676324903368242e-227,8.232884494929389e-171,2.001382357448365,0.0,4.11359901534547e-171,failed_steady_state_checks,False,0.0,2.00344228120814e-244,4.11359901534547e-171,2.00344228120814e-244,3.7803156899491135e-183,3.676324903368242e-227,2.213586952661367e-181,-5.680585050356293e-174,2.00344228120814e-244,alkene_dominant,C6H12_s,333.15,3,False,58.15989823490099
ticr,solved,260,1e-180,333.15,concentration,frozen_gas,frozen_adsorbate,"{'C6H12_g': 1.0, 'H2O2_g': 0.185, 'H2O_g': 0.815, 'C6H12O_g': 1e-20}",CatMAP setup default (no explicit prefactor_list in base file),,H:\catmap\catmap\lyq_alkene_epoxidation\2-creating_microkinetic_model\analysis_ooh\recovery_single_temperature\seeds\ticr\water_dominant.pkl,numbers,6.254884007260628e-116,6.254884007260627972559011287262042751576e-116,-115.20378073960345,-3.4086484229718646e-133,-3.4086484229718646e-133,3.4086484229718646e-133,1.2486144941097852e-16,0.9999999999999999,9.606230370274393e-28,2.6313643674436706e-49,OH_s,0.9999999999999999,0.9999999999999997,3.014550771462692e-91,1.0,6.254884007260628e-116,6.027908654607161e-91,1.9996042898565458,0.0,3.014550771462693e-91,failed_steady_state_checks,False,0.0,3.4086484229718646e-133,1.1932426271792676e-94,3.4086484229718646e-133,1.0965662449392817e-106,6.254884007260628e-116,6.421010655221593e-105,3.014550771462693e-91,3.4086484229718646e-133,water_dominant,H2O_s,333.15,1,False,
ticr,solved,360,1e-260,333.15,concentration,frozen_gas,frozen_adsorbate,"{'C6H12_g': 1.0, 'H2O2_g': 0.185, 'H2O_g': 0.815, 'C6H12O_g': 1e-20}",CatMAP setup default (no explicit prefactor_list in base file),,H:\catmap\catmap\lyq_alkene_epoxidation\2-creating_microkinetic_model\analysis_ooh\recovery_single_temperature\seeds\ticr\water_dominant.pkl,numbers,5.312661202000973e-169,5.312661202000972582297227882241213423227e-169,-168.2746878789506,-2.8951766662601415e-186,-2.8951766662601415e-186,2.8951766662601415e-186,1.2486144941097852e-16,0.9999999999999999,9.606230370274393e-28,1.510516399064767e-67,OH_s,0.9999999999999999,0.9999999999990811,3.932037671437974e-131,1.0,5.312661202000973e-169,7.869172203885425e-131,2.0012962391075924,0.0,3.932037671441588e-131,failed_steady_state_checks,False,0.0,2.8951766662601415e-186,3.932037671441588e-131,2.8951766662601415e-186,3.6134644255240487e-143,5.312661202000973e-169,2.1158861751976344e-141,-5.091918851330546e-134,2.8951766662601415e-186,water_dominant,H2O_s,333.15,2,False,53.070907139347156
ticr,solved,460,1e-340,333.15,concentration,frozen_gas,frozen_adsorbate,"{'C6H12_g': 1.0, 'H2O2_g': 0.185, 'H2O_g': 0.815, 'C6H12O_g': 1e-20}",CatMAP setup default (no explicit prefactor_list in base file),,H:\catmap\catmap\lyq_alkene_epoxidation\2-creating_microkinetic_model\analysis_ooh\recovery_single_temperature\seeds\ticr\water_dominant.pkl,numbers,3.676324903368242e-227,3.676324903368241925175884945715805062365e-227,-226.4345861138516,-2.00344228120814e-244,-2.00344228120814e-244,2.00344228120814e-244,1.2486144941097852e-16,0.9999999999999999,9.606230370274393e-28,1.5449968107289567e-87,OH_s,0.9999999999999999,0.9999999999990811,4.1135990153416895e-171,1.0,3.676324903368242e-227,8.232884494929389e-171,2.001382357448365,0.0,4.11359901534547e-171,failed_steady_state_checks,False,0.0,2.00344228120814e-244,4.11359901534547e-171,2.00344228120814e-244,3.7803156899491135e-183,3.676324903368242e-227,2.213586952661367e-181,-5.680585050356293e-174,2.00344228120814e-244,water_dominant,H2O_s,333.15,3,False,58.15989823490099
ticr,solved,260,1e-180,333.15,concentration,frozen_gas,frozen_adsorbate,"{'C6H12_g': 1.0, 'H2O2_g': 0.185, 'H2O_g': 0.815, 'C6H12O_g': 1e-20}",CatMAP setup default (no explicit prefactor_list in base file),,H:\catmap\catmap\lyq_alkene_epoxidation\2-creating_microkinetic_model\analysis_ooh\recovery_single_temperature\seeds\ticr\Ha_dominant.pkl,numbers,2.2001563023991723e-62,2.2001563023991724863772203490768176624e-62,-61.657546465151334,-2.2001563023991723e-62,-2.2001563023991723e-62,2.2001563023991723e-62,6.562274175897753e-40,9.062029735046314e-43,5.629803571981923e-38,1.6258381894642748e-15,Ha_s,0.9999999999980976,1.3996174473775665e-45,3.079377147795595e-107,5.735056403332558e-135,1.2618020490406857e-196,6.158754295591189e-107,2.7992348947551324e-45,4.2030456845295373e-286,2.2001563023991723e-62,validated_single_precision,True,0.0,2.2001563023991723e-62,2.2001563023991723e-62,2.2001563023991723e-62,2.2001563023991723e-62,2.2001563023991723e-62,2.2001563023991723e-62,2.2001563023991723e-62,2.2001563023991723e-62,Ha_dominant,Ha_s,333.15,1,False,
ticr,solved,360,1e-260,333.15,concentration,frozen_gas,frozen_adsorbate,"{'C6H12_g': 1.0, 'H2O2_g': 0.185, 'H2O_g': 0.815, 'C6H12O_g': 1e-20}",CatMAP setup default (no explicit prefactor_list in base file),,H:\catmap\catmap\lyq_alkene_epoxidation\2-creating_microkinetic_model\analysis_ooh\recovery_single_temperature\seeds\ticr\Ha_dominant.pkl,numbers,2.2001563023991723e-62,2.2001563023991724863772203490768176624e-62,-61.657546465151334,-2.2001563023991723e-62,-2.2001563023991723e-62,2.2001563023991723e-62,6.562274175897753e-40,9.062029735046314e-43,5.629803571981923e-38,1.6258381894642748e-15,Ha_s,0.9999999999980976,7.345983746263857e-91,1.616231243666431e-152,3.010081876424506e-180,6.6226506111529035e-242,3.232462487332861e-152,1.469196749252771e-90,0.0,2.2001563023991723e-62,validated_single_precision,True,0.0,2.2001563023991723e-62,2.2001563023991723e-62,2.2001563023991723e-62,2.2001563023991723e-62,2.2001563023991723e-62,2.2001563023991723e-62,2.2001563023991723e-62,2.2001563023991723e-62,Ha_dominant,Ha_s,333.15,2,True,0.0
ticr,solved,260,1e-180,333.15,concentration,frozen_gas,frozen_adsorbate,"{'C6H12_g': 1.0, 'H2O2_g': 0.185, 'H2O_g': 0.815, 'C6H12O_g': 1e-20}",CatMAP setup default (no explicit prefactor_list in base file),,H:\catmap\catmap\lyq_alkene_epoxidation\2-creating_microkinetic_model\analysis_ooh\recovery_single_temperature\seeds\ticr\Hb_dominant.pkl,numbers,6.313024819646369e-111,6.313024819646368968453594730922869141214e-111,-110.19976250324127,-1.024520833877217e-127,-1.024520833877217e-127,1.024520833877217e-127,7.531996745177204e-13,7.987596401174456e-13,1.367636409024252e-96,1.3151128284251855e-47,Hb_s,0.999999999998448,0.9999999944564514,2.980525259305122e-91,1.0,6.313024819646369e-111,5.965162504775997e-91,2.0013796068611556,3.152284263397153e-286,2.9805252758278085e-91,failed_steady_state_checks,False,0.0,1.024520833877217e-127,2.9805252758278085e-91,1.024520833877217e-127,1.6522686941793578e-99,6.313024819646369e-111,1.6408077394808546e-96,-4.1158915263160455e-94,1.024520833877217e-127,Hb_dominant,Hb_s,333.15,1,False,
ticr,solved,360,1e-260,333.15,concentration,frozen_gas,frozen_adsorbate,"{'C6H12_g': 1.0, 'H2O2_g': 0.185, 'H2O_g': 0.815, 'C6H12O_g': 1e-20}",CatMAP setup default (no explicit prefactor_list in base file),,H:\catmap\catmap\lyq_alkene_epoxidation\2-creating_microkinetic_model\analysis_ooh\recovery_single_temperature\seeds\ticr\Hb_dominant.pkl,numbers,4.368569625954383e-169,4.368569625954382760212700615419991979362e-169,-168.35966073814225,-7.0896134962329536e-186,-7.0896134962329536e-186,7.0896134962329536e-186,7.531996745177204e-13,7.987596401174456e-13,1.398855312982476e-116,1.345132781692183e-67,Hb_s,0.999999999998448,0.9999999944564514,3.1181506375028576e-131,1.0,4.368569625954383e-169,6.240611708457245e-131,2.0013823574796397,0.0,3.1181506547884777e-131,failed_steady_state_checks,False,0.0,7.0896134962329536e-186,3.1181506547884777e-131,7.0896134962329536e-186,1.7285619928891676e-139,4.368569625954383e-169,1.1354276369103638e-154,-4.3059422990630595e-134,7.0896134962329536e-186,Hb_dominant,Hb_s,333.15,2,False,58.15989823490098
ticr,solved,460,1e-340,333.15,concentration,frozen_gas,frozen_adsorbate,"{'C6H12_g': 1.0, 'H2O2_g': 0.185, 'H2O_g': 0.815, 'C6H12O_g': 1e-20}",CatMAP setup default (no explicit prefactor_list in base file),,H:\catmap\catmap\lyq_alkene_epoxidation\2-creating_microkinetic_model\analysis_ooh\recovery_single_temperature\seeds\ticr\Hb_dominant.pkl,numbers,3.0230200453861433e-227,3.023020045386143341144654975653005171796e-227,-226.51955897304325,-4.9059636330033373e-244,-4.9059636330033373e-244,4.9059636330033373e-244,7.531996745177204e-13,7.987596401174456e-13,1.4307868478404482e-136,1.3758379975272842e-87,Hb_s,0.999999999998448,0.9999999944564514,3.262130850192988e-171,1.0,3.0230200453861433e-227,6.528771167558865e-171,2.0013823574796397,0.0,3.2621308682767697e-171,failed_steady_state_checks,False,0.0,4.9059636330033373e-244,3.2621308682767697e-171,4.9059636330033373e-244,1.8083781250512657e-179,3.0230200453861433e-227,7.857080922026785e-213,-4.50476864202224e-174,4.9059636330033373e-244,Hb_dominant,Hb_s,333.15,3,False,58.15989823490099
